--
-- PostgreSQL database dump
--

-- Dumped from database version 17.2 (Ubuntu 17.2-1.pgdg22.04+1)
-- Dumped by pg_dump version 17.4 (Homebrew)

SET statement_timeout = 0;
SET lock_timeout = 0;
SET idle_in_transaction_session_timeout = 0;
SET transaction_timeout = 0;
SET client_encoding = 'UTF8';
SET standard_conforming_strings = on;
SELECT pg_catalog.set_config('search_path', '', false);
SET check_function_bodies = false;
SET xmloption = content;
SET client_min_messages = warning;
SET row_security = off;

--
-- Name: timescaledb; Type: EXTENSION; Schema: -; Owner: -
--

CREATE EXTENSION IF NOT EXISTS timescaledb WITH SCHEMA public;


--
-- Name: EXTENSION timescaledb; Type: COMMENT; Schema: -; Owner: 
--

COMMENT ON EXTENSION timescaledb IS 'Enables scalable inserts and complex queries for time-series data (Community Edition)';


--
-- Name: timescaledb_toolkit; Type: EXTENSION; Schema: -; Owner: -
--

CREATE EXTENSION IF NOT EXISTS timescaledb_toolkit WITH SCHEMA public;


--
-- Name: EXTENSION timescaledb_toolkit; Type: COMMENT; Schema: -; Owner: 
--

COMMENT ON EXTENSION timescaledb_toolkit IS 'Library of analytical hyperfunctions, time-series pipelining, and other SQL utilities';


--
-- Name: postgis; Type: EXTENSION; Schema: -; Owner: -
--

CREATE EXTENSION IF NOT EXISTS postgis WITH SCHEMA public;


--
-- Name: EXTENSION postgis; Type: COMMENT; Schema: -; Owner: 
--

COMMENT ON EXTENSION postgis IS 'PostGIS geometry and geography spatial types and functions';


SET default_tablespace = '';

SET default_table_access_method = heap;

--
-- Name: medicoes_diarias; Type: TABLE; Schema: public; Owner: postgres
--

CREATE TABLE public.medicoes_diarias (
    data date NOT NULL,
    codigo_estacao character varying(2) NOT NULL,
    classificacao character varying(20),
    iqar double precision,
    codigo_poluente character varying(10),
    mp10 double precision,
    mp2_5 double precision,
    o3 double precision,
    co double precision,
    no2 double precision,
    so2 double precision
);


ALTER TABLE public.medicoes_diarias OWNER TO postgres;

--
-- Name: _hyper_1_10_chunk; Type: TABLE; Schema: _timescaledb_internal; Owner: postgres
--

CREATE TABLE _timescaledb_internal._hyper_1_10_chunk (
    CONSTRAINT constraint_10 CHECK (((data >= '2024-02-29'::date) AND (data < '2024-03-07'::date)))
)
INHERITS (public.medicoes_diarias);


ALTER TABLE _timescaledb_internal._hyper_1_10_chunk OWNER TO postgres;

--
-- Name: _hyper_1_11_chunk; Type: TABLE; Schema: _timescaledb_internal; Owner: postgres
--

CREATE TABLE _timescaledb_internal._hyper_1_11_chunk (
    CONSTRAINT constraint_11 CHECK (((data >= '2024-03-07'::date) AND (data < '2024-03-14'::date)))
)
INHERITS (public.medicoes_diarias);


ALTER TABLE _timescaledb_internal._hyper_1_11_chunk OWNER TO postgres;

--
-- Name: _hyper_1_12_chunk; Type: TABLE; Schema: _timescaledb_internal; Owner: postgres
--

CREATE TABLE _timescaledb_internal._hyper_1_12_chunk (
    CONSTRAINT constraint_12 CHECK (((data >= '2024-03-14'::date) AND (data < '2024-03-21'::date)))
)
INHERITS (public.medicoes_diarias);


ALTER TABLE _timescaledb_internal._hyper_1_12_chunk OWNER TO postgres;

--
-- Name: _hyper_1_13_chunk; Type: TABLE; Schema: _timescaledb_internal; Owner: postgres
--

CREATE TABLE _timescaledb_internal._hyper_1_13_chunk (
    CONSTRAINT constraint_13 CHECK (((data >= '2024-03-21'::date) AND (data < '2024-03-28'::date)))
)
INHERITS (public.medicoes_diarias);


ALTER TABLE _timescaledb_internal._hyper_1_13_chunk OWNER TO postgres;

--
-- Name: _hyper_1_14_chunk; Type: TABLE; Schema: _timescaledb_internal; Owner: postgres
--

CREATE TABLE _timescaledb_internal._hyper_1_14_chunk (
    CONSTRAINT constraint_14 CHECK (((data >= '2024-03-28'::date) AND (data < '2024-04-04'::date)))
)
INHERITS (public.medicoes_diarias);


ALTER TABLE _timescaledb_internal._hyper_1_14_chunk OWNER TO postgres;

--
-- Name: _hyper_1_15_chunk; Type: TABLE; Schema: _timescaledb_internal; Owner: postgres
--

CREATE TABLE _timescaledb_internal._hyper_1_15_chunk (
    CONSTRAINT constraint_15 CHECK (((data >= '2024-04-04'::date) AND (data < '2024-04-11'::date)))
)
INHERITS (public.medicoes_diarias);


ALTER TABLE _timescaledb_internal._hyper_1_15_chunk OWNER TO postgres;

--
-- Name: _hyper_1_16_chunk; Type: TABLE; Schema: _timescaledb_internal; Owner: postgres
--

CREATE TABLE _timescaledb_internal._hyper_1_16_chunk (
    CONSTRAINT constraint_16 CHECK (((data >= '2024-04-11'::date) AND (data < '2024-04-18'::date)))
)
INHERITS (public.medicoes_diarias);


ALTER TABLE _timescaledb_internal._hyper_1_16_chunk OWNER TO postgres;

--
-- Name: _hyper_1_17_chunk; Type: TABLE; Schema: _timescaledb_internal; Owner: postgres
--

CREATE TABLE _timescaledb_internal._hyper_1_17_chunk (
    CONSTRAINT constraint_17 CHECK (((data >= '2024-04-18'::date) AND (data < '2024-04-25'::date)))
)
INHERITS (public.medicoes_diarias);


ALTER TABLE _timescaledb_internal._hyper_1_17_chunk OWNER TO postgres;

--
-- Name: _hyper_1_18_chunk; Type: TABLE; Schema: _timescaledb_internal; Owner: postgres
--

CREATE TABLE _timescaledb_internal._hyper_1_18_chunk (
    CONSTRAINT constraint_18 CHECK (((data >= '2024-04-25'::date) AND (data < '2024-05-02'::date)))
)
INHERITS (public.medicoes_diarias);


ALTER TABLE _timescaledb_internal._hyper_1_18_chunk OWNER TO postgres;

--
-- Name: _hyper_1_19_chunk; Type: TABLE; Schema: _timescaledb_internal; Owner: postgres
--

CREATE TABLE _timescaledb_internal._hyper_1_19_chunk (
    CONSTRAINT constraint_19 CHECK (((data >= '2024-05-02'::date) AND (data < '2024-05-09'::date)))
)
INHERITS (public.medicoes_diarias);


ALTER TABLE _timescaledb_internal._hyper_1_19_chunk OWNER TO postgres;

--
-- Name: _hyper_1_1_chunk; Type: TABLE; Schema: _timescaledb_internal; Owner: postgres
--

CREATE TABLE _timescaledb_internal._hyper_1_1_chunk (
    CONSTRAINT constraint_1 CHECK (((data >= '2023-12-28'::date) AND (data < '2024-01-04'::date)))
)
INHERITS (public.medicoes_diarias);


ALTER TABLE _timescaledb_internal._hyper_1_1_chunk OWNER TO postgres;

--
-- Name: _hyper_1_20_chunk; Type: TABLE; Schema: _timescaledb_internal; Owner: postgres
--

CREATE TABLE _timescaledb_internal._hyper_1_20_chunk (
    CONSTRAINT constraint_20 CHECK (((data >= '2024-05-09'::date) AND (data < '2024-05-16'::date)))
)
INHERITS (public.medicoes_diarias);


ALTER TABLE _timescaledb_internal._hyper_1_20_chunk OWNER TO postgres;

--
-- Name: _hyper_1_21_chunk; Type: TABLE; Schema: _timescaledb_internal; Owner: postgres
--

CREATE TABLE _timescaledb_internal._hyper_1_21_chunk (
    CONSTRAINT constraint_21 CHECK (((data >= '2024-05-16'::date) AND (data < '2024-05-23'::date)))
)
INHERITS (public.medicoes_diarias);


ALTER TABLE _timescaledb_internal._hyper_1_21_chunk OWNER TO postgres;

--
-- Name: _hyper_1_22_chunk; Type: TABLE; Schema: _timescaledb_internal; Owner: postgres
--

CREATE TABLE _timescaledb_internal._hyper_1_22_chunk (
    CONSTRAINT constraint_22 CHECK (((data >= '2024-05-23'::date) AND (data < '2024-05-30'::date)))
)
INHERITS (public.medicoes_diarias);


ALTER TABLE _timescaledb_internal._hyper_1_22_chunk OWNER TO postgres;

--
-- Name: _hyper_1_23_chunk; Type: TABLE; Schema: _timescaledb_internal; Owner: postgres
--

CREATE TABLE _timescaledb_internal._hyper_1_23_chunk (
    CONSTRAINT constraint_23 CHECK (((data >= '2024-05-30'::date) AND (data < '2024-06-06'::date)))
)
INHERITS (public.medicoes_diarias);


ALTER TABLE _timescaledb_internal._hyper_1_23_chunk OWNER TO postgres;

--
-- Name: _hyper_1_24_chunk; Type: TABLE; Schema: _timescaledb_internal; Owner: postgres
--

CREATE TABLE _timescaledb_internal._hyper_1_24_chunk (
    CONSTRAINT constraint_24 CHECK (((data >= '2024-06-06'::date) AND (data < '2024-06-13'::date)))
)
INHERITS (public.medicoes_diarias);


ALTER TABLE _timescaledb_internal._hyper_1_24_chunk OWNER TO postgres;

--
-- Name: _hyper_1_25_chunk; Type: TABLE; Schema: _timescaledb_internal; Owner: postgres
--

CREATE TABLE _timescaledb_internal._hyper_1_25_chunk (
    CONSTRAINT constraint_25 CHECK (((data >= '2024-06-13'::date) AND (data < '2024-06-20'::date)))
)
INHERITS (public.medicoes_diarias);


ALTER TABLE _timescaledb_internal._hyper_1_25_chunk OWNER TO postgres;

--
-- Name: _hyper_1_26_chunk; Type: TABLE; Schema: _timescaledb_internal; Owner: postgres
--

CREATE TABLE _timescaledb_internal._hyper_1_26_chunk (
    CONSTRAINT constraint_26 CHECK (((data >= '2024-06-20'::date) AND (data < '2024-06-27'::date)))
)
INHERITS (public.medicoes_diarias);


ALTER TABLE _timescaledb_internal._hyper_1_26_chunk OWNER TO postgres;

--
-- Name: _hyper_1_27_chunk; Type: TABLE; Schema: _timescaledb_internal; Owner: postgres
--

CREATE TABLE _timescaledb_internal._hyper_1_27_chunk (
    CONSTRAINT constraint_27 CHECK (((data >= '2024-06-27'::date) AND (data < '2024-07-04'::date)))
)
INHERITS (public.medicoes_diarias);


ALTER TABLE _timescaledb_internal._hyper_1_27_chunk OWNER TO postgres;

--
-- Name: _hyper_1_28_chunk; Type: TABLE; Schema: _timescaledb_internal; Owner: postgres
--

CREATE TABLE _timescaledb_internal._hyper_1_28_chunk (
    CONSTRAINT constraint_28 CHECK (((data >= '2024-07-04'::date) AND (data < '2024-07-11'::date)))
)
INHERITS (public.medicoes_diarias);


ALTER TABLE _timescaledb_internal._hyper_1_28_chunk OWNER TO postgres;

--
-- Name: _hyper_1_29_chunk; Type: TABLE; Schema: _timescaledb_internal; Owner: postgres
--

CREATE TABLE _timescaledb_internal._hyper_1_29_chunk (
    CONSTRAINT constraint_29 CHECK (((data >= '2024-07-11'::date) AND (data < '2024-07-18'::date)))
)
INHERITS (public.medicoes_diarias);


ALTER TABLE _timescaledb_internal._hyper_1_29_chunk OWNER TO postgres;

--
-- Name: _hyper_1_2_chunk; Type: TABLE; Schema: _timescaledb_internal; Owner: postgres
--

CREATE TABLE _timescaledb_internal._hyper_1_2_chunk (
    CONSTRAINT constraint_2 CHECK (((data >= '2024-01-04'::date) AND (data < '2024-01-11'::date)))
)
INHERITS (public.medicoes_diarias);


ALTER TABLE _timescaledb_internal._hyper_1_2_chunk OWNER TO postgres;

--
-- Name: _hyper_1_30_chunk; Type: TABLE; Schema: _timescaledb_internal; Owner: postgres
--

CREATE TABLE _timescaledb_internal._hyper_1_30_chunk (
    CONSTRAINT constraint_30 CHECK (((data >= '2024-07-18'::date) AND (data < '2024-07-25'::date)))
)
INHERITS (public.medicoes_diarias);


ALTER TABLE _timescaledb_internal._hyper_1_30_chunk OWNER TO postgres;

--
-- Name: _hyper_1_31_chunk; Type: TABLE; Schema: _timescaledb_internal; Owner: postgres
--

CREATE TABLE _timescaledb_internal._hyper_1_31_chunk (
    CONSTRAINT constraint_31 CHECK (((data >= '2024-07-25'::date) AND (data < '2024-08-01'::date)))
)
INHERITS (public.medicoes_diarias);


ALTER TABLE _timescaledb_internal._hyper_1_31_chunk OWNER TO postgres;

--
-- Name: _hyper_1_32_chunk; Type: TABLE; Schema: _timescaledb_internal; Owner: postgres
--

CREATE TABLE _timescaledb_internal._hyper_1_32_chunk (
    CONSTRAINT constraint_32 CHECK (((data >= '2024-08-01'::date) AND (data < '2024-08-08'::date)))
)
INHERITS (public.medicoes_diarias);


ALTER TABLE _timescaledb_internal._hyper_1_32_chunk OWNER TO postgres;

--
-- Name: _hyper_1_33_chunk; Type: TABLE; Schema: _timescaledb_internal; Owner: postgres
--

CREATE TABLE _timescaledb_internal._hyper_1_33_chunk (
    CONSTRAINT constraint_33 CHECK (((data >= '2024-08-08'::date) AND (data < '2024-08-15'::date)))
)
INHERITS (public.medicoes_diarias);


ALTER TABLE _timescaledb_internal._hyper_1_33_chunk OWNER TO postgres;

--
-- Name: _hyper_1_34_chunk; Type: TABLE; Schema: _timescaledb_internal; Owner: postgres
--

CREATE TABLE _timescaledb_internal._hyper_1_34_chunk (
    CONSTRAINT constraint_34 CHECK (((data >= '2024-08-15'::date) AND (data < '2024-08-22'::date)))
)
INHERITS (public.medicoes_diarias);


ALTER TABLE _timescaledb_internal._hyper_1_34_chunk OWNER TO postgres;

--
-- Name: _hyper_1_35_chunk; Type: TABLE; Schema: _timescaledb_internal; Owner: postgres
--

CREATE TABLE _timescaledb_internal._hyper_1_35_chunk (
    CONSTRAINT constraint_35 CHECK (((data >= '2024-08-22'::date) AND (data < '2024-08-29'::date)))
)
INHERITS (public.medicoes_diarias);


ALTER TABLE _timescaledb_internal._hyper_1_35_chunk OWNER TO postgres;

--
-- Name: _hyper_1_36_chunk; Type: TABLE; Schema: _timescaledb_internal; Owner: postgres
--

CREATE TABLE _timescaledb_internal._hyper_1_36_chunk (
    CONSTRAINT constraint_36 CHECK (((data >= '2024-08-29'::date) AND (data < '2024-09-05'::date)))
)
INHERITS (public.medicoes_diarias);


ALTER TABLE _timescaledb_internal._hyper_1_36_chunk OWNER TO postgres;

--
-- Name: _hyper_1_37_chunk; Type: TABLE; Schema: _timescaledb_internal; Owner: postgres
--

CREATE TABLE _timescaledb_internal._hyper_1_37_chunk (
    CONSTRAINT constraint_37 CHECK (((data >= '2024-09-05'::date) AND (data < '2024-09-12'::date)))
)
INHERITS (public.medicoes_diarias);


ALTER TABLE _timescaledb_internal._hyper_1_37_chunk OWNER TO postgres;

--
-- Name: _hyper_1_38_chunk; Type: TABLE; Schema: _timescaledb_internal; Owner: postgres
--

CREATE TABLE _timescaledb_internal._hyper_1_38_chunk (
    CONSTRAINT constraint_38 CHECK (((data >= '2024-09-12'::date) AND (data < '2024-09-19'::date)))
)
INHERITS (public.medicoes_diarias);


ALTER TABLE _timescaledb_internal._hyper_1_38_chunk OWNER TO postgres;

--
-- Name: _hyper_1_39_chunk; Type: TABLE; Schema: _timescaledb_internal; Owner: postgres
--

CREATE TABLE _timescaledb_internal._hyper_1_39_chunk (
    CONSTRAINT constraint_39 CHECK (((data >= '2024-09-19'::date) AND (data < '2024-09-26'::date)))
)
INHERITS (public.medicoes_diarias);


ALTER TABLE _timescaledb_internal._hyper_1_39_chunk OWNER TO postgres;

--
-- Name: _hyper_1_3_chunk; Type: TABLE; Schema: _timescaledb_internal; Owner: postgres
--

CREATE TABLE _timescaledb_internal._hyper_1_3_chunk (
    CONSTRAINT constraint_3 CHECK (((data >= '2024-01-11'::date) AND (data < '2024-01-18'::date)))
)
INHERITS (public.medicoes_diarias);


ALTER TABLE _timescaledb_internal._hyper_1_3_chunk OWNER TO postgres;

--
-- Name: _hyper_1_40_chunk; Type: TABLE; Schema: _timescaledb_internal; Owner: postgres
--

CREATE TABLE _timescaledb_internal._hyper_1_40_chunk (
    CONSTRAINT constraint_40 CHECK (((data >= '2024-09-26'::date) AND (data < '2024-10-03'::date)))
)
INHERITS (public.medicoes_diarias);


ALTER TABLE _timescaledb_internal._hyper_1_40_chunk OWNER TO postgres;

--
-- Name: _hyper_1_41_chunk; Type: TABLE; Schema: _timescaledb_internal; Owner: postgres
--

CREATE TABLE _timescaledb_internal._hyper_1_41_chunk (
    CONSTRAINT constraint_41 CHECK (((data >= '2024-10-03'::date) AND (data < '2024-10-10'::date)))
)
INHERITS (public.medicoes_diarias);


ALTER TABLE _timescaledb_internal._hyper_1_41_chunk OWNER TO postgres;

--
-- Name: _hyper_1_42_chunk; Type: TABLE; Schema: _timescaledb_internal; Owner: postgres
--

CREATE TABLE _timescaledb_internal._hyper_1_42_chunk (
    CONSTRAINT constraint_42 CHECK (((data >= '2024-10-10'::date) AND (data < '2024-10-17'::date)))
)
INHERITS (public.medicoes_diarias);


ALTER TABLE _timescaledb_internal._hyper_1_42_chunk OWNER TO postgres;

--
-- Name: _hyper_1_43_chunk; Type: TABLE; Schema: _timescaledb_internal; Owner: postgres
--

CREATE TABLE _timescaledb_internal._hyper_1_43_chunk (
    CONSTRAINT constraint_43 CHECK (((data >= '2024-10-17'::date) AND (data < '2024-10-24'::date)))
)
INHERITS (public.medicoes_diarias);


ALTER TABLE _timescaledb_internal._hyper_1_43_chunk OWNER TO postgres;

--
-- Name: _hyper_1_44_chunk; Type: TABLE; Schema: _timescaledb_internal; Owner: postgres
--

CREATE TABLE _timescaledb_internal._hyper_1_44_chunk (
    CONSTRAINT constraint_44 CHECK (((data >= '2024-10-24'::date) AND (data < '2024-10-31'::date)))
)
INHERITS (public.medicoes_diarias);


ALTER TABLE _timescaledb_internal._hyper_1_44_chunk OWNER TO postgres;

--
-- Name: _hyper_1_45_chunk; Type: TABLE; Schema: _timescaledb_internal; Owner: postgres
--

CREATE TABLE _timescaledb_internal._hyper_1_45_chunk (
    CONSTRAINT constraint_45 CHECK (((data >= '2024-10-31'::date) AND (data < '2024-11-07'::date)))
)
INHERITS (public.medicoes_diarias);


ALTER TABLE _timescaledb_internal._hyper_1_45_chunk OWNER TO postgres;

--
-- Name: _hyper_1_46_chunk; Type: TABLE; Schema: _timescaledb_internal; Owner: postgres
--

CREATE TABLE _timescaledb_internal._hyper_1_46_chunk (
    CONSTRAINT constraint_46 CHECK (((data >= '2024-11-07'::date) AND (data < '2024-11-14'::date)))
)
INHERITS (public.medicoes_diarias);


ALTER TABLE _timescaledb_internal._hyper_1_46_chunk OWNER TO postgres;

--
-- Name: _hyper_1_47_chunk; Type: TABLE; Schema: _timescaledb_internal; Owner: postgres
--

CREATE TABLE _timescaledb_internal._hyper_1_47_chunk (
    CONSTRAINT constraint_47 CHECK (((data >= '2024-11-14'::date) AND (data < '2024-11-21'::date)))
)
INHERITS (public.medicoes_diarias);


ALTER TABLE _timescaledb_internal._hyper_1_47_chunk OWNER TO postgres;

--
-- Name: _hyper_1_48_chunk; Type: TABLE; Schema: _timescaledb_internal; Owner: postgres
--

CREATE TABLE _timescaledb_internal._hyper_1_48_chunk (
    CONSTRAINT constraint_48 CHECK (((data >= '2024-11-21'::date) AND (data < '2024-11-28'::date)))
)
INHERITS (public.medicoes_diarias);


ALTER TABLE _timescaledb_internal._hyper_1_48_chunk OWNER TO postgres;

--
-- Name: _hyper_1_49_chunk; Type: TABLE; Schema: _timescaledb_internal; Owner: postgres
--

CREATE TABLE _timescaledb_internal._hyper_1_49_chunk (
    CONSTRAINT constraint_49 CHECK (((data >= '2024-11-28'::date) AND (data < '2024-12-05'::date)))
)
INHERITS (public.medicoes_diarias);


ALTER TABLE _timescaledb_internal._hyper_1_49_chunk OWNER TO postgres;

--
-- Name: _hyper_1_4_chunk; Type: TABLE; Schema: _timescaledb_internal; Owner: postgres
--

CREATE TABLE _timescaledb_internal._hyper_1_4_chunk (
    CONSTRAINT constraint_4 CHECK (((data >= '2024-01-18'::date) AND (data < '2024-01-25'::date)))
)
INHERITS (public.medicoes_diarias);


ALTER TABLE _timescaledb_internal._hyper_1_4_chunk OWNER TO postgres;

--
-- Name: _hyper_1_50_chunk; Type: TABLE; Schema: _timescaledb_internal; Owner: postgres
--

CREATE TABLE _timescaledb_internal._hyper_1_50_chunk (
    CONSTRAINT constraint_50 CHECK (((data >= '2024-12-05'::date) AND (data < '2024-12-12'::date)))
)
INHERITS (public.medicoes_diarias);


ALTER TABLE _timescaledb_internal._hyper_1_50_chunk OWNER TO postgres;

--
-- Name: _hyper_1_51_chunk; Type: TABLE; Schema: _timescaledb_internal; Owner: postgres
--

CREATE TABLE _timescaledb_internal._hyper_1_51_chunk (
    CONSTRAINT constraint_51 CHECK (((data >= '2024-12-12'::date) AND (data < '2024-12-19'::date)))
)
INHERITS (public.medicoes_diarias);


ALTER TABLE _timescaledb_internal._hyper_1_51_chunk OWNER TO postgres;

--
-- Name: _hyper_1_52_chunk; Type: TABLE; Schema: _timescaledb_internal; Owner: postgres
--

CREATE TABLE _timescaledb_internal._hyper_1_52_chunk (
    CONSTRAINT constraint_52 CHECK (((data >= '2024-12-19'::date) AND (data < '2024-12-26'::date)))
)
INHERITS (public.medicoes_diarias);


ALTER TABLE _timescaledb_internal._hyper_1_52_chunk OWNER TO postgres;

--
-- Name: _hyper_1_53_chunk; Type: TABLE; Schema: _timescaledb_internal; Owner: postgres
--

CREATE TABLE _timescaledb_internal._hyper_1_53_chunk (
    CONSTRAINT constraint_53 CHECK (((data >= '2024-12-26'::date) AND (data < '2025-01-02'::date)))
)
INHERITS (public.medicoes_diarias);


ALTER TABLE _timescaledb_internal._hyper_1_53_chunk OWNER TO postgres;

--
-- Name: _hyper_1_54_chunk; Type: TABLE; Schema: _timescaledb_internal; Owner: postgres
--

CREATE TABLE _timescaledb_internal._hyper_1_54_chunk (
    CONSTRAINT constraint_54 CHECK (((data >= '2025-01-02'::date) AND (data < '2025-01-09'::date)))
)
INHERITS (public.medicoes_diarias);


ALTER TABLE _timescaledb_internal._hyper_1_54_chunk OWNER TO postgres;

--
-- Name: _hyper_1_55_chunk; Type: TABLE; Schema: _timescaledb_internal; Owner: postgres
--

CREATE TABLE _timescaledb_internal._hyper_1_55_chunk (
    CONSTRAINT constraint_55 CHECK (((data >= '2025-01-09'::date) AND (data < '2025-01-16'::date)))
)
INHERITS (public.medicoes_diarias);


ALTER TABLE _timescaledb_internal._hyper_1_55_chunk OWNER TO postgres;

--
-- Name: _hyper_1_56_chunk; Type: TABLE; Schema: _timescaledb_internal; Owner: postgres
--

CREATE TABLE _timescaledb_internal._hyper_1_56_chunk (
    CONSTRAINT constraint_56 CHECK (((data >= '2025-01-16'::date) AND (data < '2025-01-23'::date)))
)
INHERITS (public.medicoes_diarias);


ALTER TABLE _timescaledb_internal._hyper_1_56_chunk OWNER TO postgres;

--
-- Name: _hyper_1_57_chunk; Type: TABLE; Schema: _timescaledb_internal; Owner: postgres
--

CREATE TABLE _timescaledb_internal._hyper_1_57_chunk (
    CONSTRAINT constraint_57 CHECK (((data >= '2025-01-23'::date) AND (data < '2025-01-30'::date)))
)
INHERITS (public.medicoes_diarias);


ALTER TABLE _timescaledb_internal._hyper_1_57_chunk OWNER TO postgres;

--
-- Name: _hyper_1_58_chunk; Type: TABLE; Schema: _timescaledb_internal; Owner: postgres
--

CREATE TABLE _timescaledb_internal._hyper_1_58_chunk (
    CONSTRAINT constraint_58 CHECK (((data >= '2025-01-30'::date) AND (data < '2025-02-06'::date)))
)
INHERITS (public.medicoes_diarias);


ALTER TABLE _timescaledb_internal._hyper_1_58_chunk OWNER TO postgres;

--
-- Name: _hyper_1_59_chunk; Type: TABLE; Schema: _timescaledb_internal; Owner: postgres
--

CREATE TABLE _timescaledb_internal._hyper_1_59_chunk (
    CONSTRAINT constraint_59 CHECK (((data >= '2025-02-06'::date) AND (data < '2025-02-13'::date)))
)
INHERITS (public.medicoes_diarias);


ALTER TABLE _timescaledb_internal._hyper_1_59_chunk OWNER TO postgres;

--
-- Name: _hyper_1_5_chunk; Type: TABLE; Schema: _timescaledb_internal; Owner: postgres
--

CREATE TABLE _timescaledb_internal._hyper_1_5_chunk (
    CONSTRAINT constraint_5 CHECK (((data >= '2024-01-25'::date) AND (data < '2024-02-01'::date)))
)
INHERITS (public.medicoes_diarias);


ALTER TABLE _timescaledb_internal._hyper_1_5_chunk OWNER TO postgres;

--
-- Name: _hyper_1_60_chunk; Type: TABLE; Schema: _timescaledb_internal; Owner: postgres
--

CREATE TABLE _timescaledb_internal._hyper_1_60_chunk (
    CONSTRAINT constraint_60 CHECK (((data >= '2025-02-13'::date) AND (data < '2025-02-20'::date)))
)
INHERITS (public.medicoes_diarias);


ALTER TABLE _timescaledb_internal._hyper_1_60_chunk OWNER TO postgres;

--
-- Name: _hyper_1_61_chunk; Type: TABLE; Schema: _timescaledb_internal; Owner: postgres
--

CREATE TABLE _timescaledb_internal._hyper_1_61_chunk (
    CONSTRAINT constraint_61 CHECK (((data >= '2025-02-20'::date) AND (data < '2025-02-27'::date)))
)
INHERITS (public.medicoes_diarias);


ALTER TABLE _timescaledb_internal._hyper_1_61_chunk OWNER TO postgres;

--
-- Name: _hyper_1_62_chunk; Type: TABLE; Schema: _timescaledb_internal; Owner: postgres
--

CREATE TABLE _timescaledb_internal._hyper_1_62_chunk (
    CONSTRAINT constraint_62 CHECK (((data >= '2025-02-27'::date) AND (data < '2025-03-06'::date)))
)
INHERITS (public.medicoes_diarias);


ALTER TABLE _timescaledb_internal._hyper_1_62_chunk OWNER TO postgres;

--
-- Name: _hyper_1_63_chunk; Type: TABLE; Schema: _timescaledb_internal; Owner: postgres
--

CREATE TABLE _timescaledb_internal._hyper_1_63_chunk (
    CONSTRAINT constraint_63 CHECK (((data >= '2025-03-06'::date) AND (data < '2025-03-13'::date)))
)
INHERITS (public.medicoes_diarias);


ALTER TABLE _timescaledb_internal._hyper_1_63_chunk OWNER TO postgres;

--
-- Name: _hyper_1_64_chunk; Type: TABLE; Schema: _timescaledb_internal; Owner: postgres
--

CREATE TABLE _timescaledb_internal._hyper_1_64_chunk (
    CONSTRAINT constraint_64 CHECK (((data >= '2025-03-13'::date) AND (data < '2025-03-20'::date)))
)
INHERITS (public.medicoes_diarias);


ALTER TABLE _timescaledb_internal._hyper_1_64_chunk OWNER TO postgres;

--
-- Name: _hyper_1_65_chunk; Type: TABLE; Schema: _timescaledb_internal; Owner: postgres
--

CREATE TABLE _timescaledb_internal._hyper_1_65_chunk (
    CONSTRAINT constraint_65 CHECK (((data >= '2025-03-20'::date) AND (data < '2025-03-27'::date)))
)
INHERITS (public.medicoes_diarias);


ALTER TABLE _timescaledb_internal._hyper_1_65_chunk OWNER TO postgres;

--
-- Name: _hyper_1_6_chunk; Type: TABLE; Schema: _timescaledb_internal; Owner: postgres
--

CREATE TABLE _timescaledb_internal._hyper_1_6_chunk (
    CONSTRAINT constraint_6 CHECK (((data >= '2024-02-01'::date) AND (data < '2024-02-08'::date)))
)
INHERITS (public.medicoes_diarias);


ALTER TABLE _timescaledb_internal._hyper_1_6_chunk OWNER TO postgres;

--
-- Name: _hyper_1_7_chunk; Type: TABLE; Schema: _timescaledb_internal; Owner: postgres
--

CREATE TABLE _timescaledb_internal._hyper_1_7_chunk (
    CONSTRAINT constraint_7 CHECK (((data >= '2024-02-08'::date) AND (data < '2024-02-15'::date)))
)
INHERITS (public.medicoes_diarias);


ALTER TABLE _timescaledb_internal._hyper_1_7_chunk OWNER TO postgres;

--
-- Name: _hyper_1_8_chunk; Type: TABLE; Schema: _timescaledb_internal; Owner: postgres
--

CREATE TABLE _timescaledb_internal._hyper_1_8_chunk (
    CONSTRAINT constraint_8 CHECK (((data >= '2024-02-15'::date) AND (data < '2024-02-22'::date)))
)
INHERITS (public.medicoes_diarias);


ALTER TABLE _timescaledb_internal._hyper_1_8_chunk OWNER TO postgres;

--
-- Name: _hyper_1_9_chunk; Type: TABLE; Schema: _timescaledb_internal; Owner: postgres
--

CREATE TABLE _timescaledb_internal._hyper_1_9_chunk (
    CONSTRAINT constraint_9 CHECK (((data >= '2024-02-22'::date) AND (data < '2024-02-29'::date)))
)
INHERITS (public.medicoes_diarias);


ALTER TABLE _timescaledb_internal._hyper_1_9_chunk OWNER TO postgres;

--
-- Name: estacoes; Type: TABLE; Schema: public; Owner: postgres
--

CREATE TABLE public.estacoes (
    codigo character varying(2) NOT NULL,
    nome character varying(50),
    estado character varying(2),
    cidade character varying(50),
    orgao character varying(10),
    coordenadas public.geography(Point,4326)
);


ALTER TABLE public.estacoes OWNER TO postgres;

--
-- Name: poluentes; Type: TABLE; Schema: public; Owner: postgres
--

CREATE TABLE public.poluentes (
    codigo character varying(10) NOT NULL,
    nome character varying(50),
    unidade_concentracao character varying(10)
);


ALTER TABLE public.poluentes OWNER TO postgres;

--
-- Data for Name: hypertable; Type: TABLE DATA; Schema: _timescaledb_catalog; Owner: postgres
--

COPY _timescaledb_catalog.hypertable (id, schema_name, table_name, associated_schema_name, associated_table_prefix, num_dimensions, chunk_sizing_func_schema, chunk_sizing_func_name, chunk_target_size, compression_state, compressed_hypertable_id, status) FROM stdin;
1	public	medicoes_diarias	_timescaledb_internal	_hyper_1	1	_timescaledb_internal	calculate_chunk_interval	0	0	\N	0
\.


--
-- Data for Name: chunk; Type: TABLE DATA; Schema: _timescaledb_catalog; Owner: postgres
--

COPY _timescaledb_catalog.chunk (id, hypertable_id, schema_name, table_name, compressed_chunk_id, dropped, status, osm_chunk, creation_time) FROM stdin;
1	1	_timescaledb_internal	_hyper_1_1_chunk	\N	f	0	f	2025-03-31 09:40:55.17062+00
2	1	_timescaledb_internal	_hyper_1_2_chunk	\N	f	0	f	2025-03-31 09:41:00.994845+00
3	1	_timescaledb_internal	_hyper_1_3_chunk	\N	f	0	f	2025-03-31 09:41:10.483712+00
4	1	_timescaledb_internal	_hyper_1_4_chunk	\N	f	0	f	2025-03-31 09:41:19.385566+00
5	1	_timescaledb_internal	_hyper_1_5_chunk	\N	f	0	f	2025-03-31 09:41:30.664281+00
6	1	_timescaledb_internal	_hyper_1_6_chunk	\N	f	0	f	2025-03-31 09:41:39.350459+00
7	1	_timescaledb_internal	_hyper_1_7_chunk	\N	f	0	f	2025-03-31 09:41:47.947877+00
8	1	_timescaledb_internal	_hyper_1_8_chunk	\N	f	0	f	2025-03-31 09:41:57.182611+00
9	1	_timescaledb_internal	_hyper_1_9_chunk	\N	f	0	f	2025-03-31 09:42:06.026293+00
10	1	_timescaledb_internal	_hyper_1_10_chunk	\N	f	0	f	2025-03-31 09:42:15.137901+00
11	1	_timescaledb_internal	_hyper_1_11_chunk	\N	f	0	f	2025-03-31 09:42:25.107268+00
12	1	_timescaledb_internal	_hyper_1_12_chunk	\N	f	0	f	2025-03-31 09:42:34.233793+00
13	1	_timescaledb_internal	_hyper_1_13_chunk	\N	f	0	f	2025-03-31 09:42:43.896269+00
14	1	_timescaledb_internal	_hyper_1_14_chunk	\N	f	0	f	2025-03-31 09:42:52.631533+00
15	1	_timescaledb_internal	_hyper_1_15_chunk	\N	f	0	f	2025-03-31 09:43:01.566906+00
16	1	_timescaledb_internal	_hyper_1_16_chunk	\N	f	0	f	2025-03-31 09:43:10.556158+00
17	1	_timescaledb_internal	_hyper_1_17_chunk	\N	f	0	f	2025-03-31 09:43:19.152489+00
18	1	_timescaledb_internal	_hyper_1_18_chunk	\N	f	0	f	2025-03-31 09:43:27.961978+00
19	1	_timescaledb_internal	_hyper_1_19_chunk	\N	f	0	f	2025-03-31 09:43:38.1311+00
20	1	_timescaledb_internal	_hyper_1_20_chunk	\N	f	0	f	2025-03-31 09:43:48.208327+00
21	1	_timescaledb_internal	_hyper_1_21_chunk	\N	f	0	f	2025-03-31 09:43:57.733019+00
22	1	_timescaledb_internal	_hyper_1_22_chunk	\N	f	0	f	2025-03-31 09:44:07.305976+00
23	1	_timescaledb_internal	_hyper_1_23_chunk	\N	f	0	f	2025-03-31 09:44:16.44395+00
24	1	_timescaledb_internal	_hyper_1_24_chunk	\N	f	0	f	2025-03-31 09:44:24.685548+00
25	1	_timescaledb_internal	_hyper_1_25_chunk	\N	f	0	f	2025-03-31 09:44:33.266571+00
26	1	_timescaledb_internal	_hyper_1_26_chunk	\N	f	0	f	2025-03-31 09:44:42.296487+00
27	1	_timescaledb_internal	_hyper_1_27_chunk	\N	f	0	f	2025-03-31 09:44:52.056852+00
28	1	_timescaledb_internal	_hyper_1_28_chunk	\N	f	0	f	2025-03-31 09:45:00.450327+00
29	1	_timescaledb_internal	_hyper_1_29_chunk	\N	f	0	f	2025-03-31 09:45:08.737258+00
30	1	_timescaledb_internal	_hyper_1_30_chunk	\N	f	0	f	2025-03-31 09:45:18.208011+00
31	1	_timescaledb_internal	_hyper_1_31_chunk	\N	f	0	f	2025-03-31 09:45:26.772617+00
32	1	_timescaledb_internal	_hyper_1_32_chunk	\N	f	0	f	2025-03-31 09:45:36.110607+00
33	1	_timescaledb_internal	_hyper_1_33_chunk	\N	f	0	f	2025-03-31 09:45:44.325925+00
34	1	_timescaledb_internal	_hyper_1_34_chunk	\N	f	0	f	2025-03-31 09:45:52.644774+00
35	1	_timescaledb_internal	_hyper_1_35_chunk	\N	f	0	f	2025-03-31 09:46:01.578805+00
36	1	_timescaledb_internal	_hyper_1_36_chunk	\N	f	0	f	2025-03-31 09:46:10.56171+00
37	1	_timescaledb_internal	_hyper_1_37_chunk	\N	f	0	f	2025-03-31 09:46:21.525162+00
38	1	_timescaledb_internal	_hyper_1_38_chunk	\N	f	0	f	2025-03-31 09:46:30.6932+00
39	1	_timescaledb_internal	_hyper_1_39_chunk	\N	f	0	f	2025-03-31 09:46:39.687535+00
40	1	_timescaledb_internal	_hyper_1_40_chunk	\N	f	0	f	2025-03-31 09:46:48.658346+00
41	1	_timescaledb_internal	_hyper_1_41_chunk	\N	f	0	f	2025-03-31 09:46:59.076045+00
42	1	_timescaledb_internal	_hyper_1_42_chunk	\N	f	0	f	2025-03-31 09:47:08.01861+00
43	1	_timescaledb_internal	_hyper_1_43_chunk	\N	f	0	f	2025-03-31 09:47:16.730269+00
44	1	_timescaledb_internal	_hyper_1_44_chunk	\N	f	0	f	2025-03-31 09:47:25.62582+00
45	1	_timescaledb_internal	_hyper_1_45_chunk	\N	f	0	f	2025-03-31 09:47:34.71243+00
46	1	_timescaledb_internal	_hyper_1_46_chunk	\N	f	0	f	2025-03-31 09:47:44.201064+00
47	1	_timescaledb_internal	_hyper_1_47_chunk	\N	f	0	f	2025-03-31 09:47:52.931946+00
48	1	_timescaledb_internal	_hyper_1_48_chunk	\N	f	0	f	2025-03-31 09:48:01.536627+00
49	1	_timescaledb_internal	_hyper_1_49_chunk	\N	f	0	f	2025-03-31 09:48:10.425232+00
50	1	_timescaledb_internal	_hyper_1_50_chunk	\N	f	0	f	2025-03-31 09:48:19.442125+00
51	1	_timescaledb_internal	_hyper_1_51_chunk	\N	f	0	f	2025-03-31 09:48:28.801934+00
52	1	_timescaledb_internal	_hyper_1_52_chunk	\N	f	0	f	2025-03-31 09:48:39.119015+00
53	1	_timescaledb_internal	_hyper_1_53_chunk	\N	f	0	f	2025-03-31 09:48:48.856123+00
54	1	_timescaledb_internal	_hyper_1_54_chunk	\N	f	0	f	2025-03-31 09:48:57.971287+00
55	1	_timescaledb_internal	_hyper_1_55_chunk	\N	f	0	f	2025-03-31 09:49:06.677655+00
56	1	_timescaledb_internal	_hyper_1_56_chunk	\N	f	0	f	2025-03-31 09:49:16.447577+00
57	1	_timescaledb_internal	_hyper_1_57_chunk	\N	f	0	f	2025-03-31 09:49:25.262224+00
58	1	_timescaledb_internal	_hyper_1_58_chunk	\N	f	0	f	2025-03-31 09:49:33.998265+00
59	1	_timescaledb_internal	_hyper_1_59_chunk	\N	f	0	f	2025-03-31 09:49:42.983361+00
60	1	_timescaledb_internal	_hyper_1_60_chunk	\N	f	0	f	2025-03-31 09:49:52.189367+00
61	1	_timescaledb_internal	_hyper_1_61_chunk	\N	f	0	f	2025-03-31 09:50:01.009463+00
62	1	_timescaledb_internal	_hyper_1_62_chunk	\N	f	0	f	2025-03-31 09:50:10.495717+00
63	1	_timescaledb_internal	_hyper_1_63_chunk	\N	f	0	f	2025-03-31 09:50:23.295999+00
64	1	_timescaledb_internal	_hyper_1_64_chunk	\N	f	0	f	2025-03-31 09:50:32.163182+00
65	1	_timescaledb_internal	_hyper_1_65_chunk	\N	f	0	f	2025-03-31 09:50:40.825347+00
\.


--
-- Data for Name: chunk_column_stats; Type: TABLE DATA; Schema: _timescaledb_catalog; Owner: postgres
--

COPY _timescaledb_catalog.chunk_column_stats (id, hypertable_id, chunk_id, column_name, range_start, range_end, valid) FROM stdin;
\.


--
-- Data for Name: dimension; Type: TABLE DATA; Schema: _timescaledb_catalog; Owner: postgres
--

COPY _timescaledb_catalog.dimension (id, hypertable_id, column_name, column_type, aligned, num_slices, partitioning_func_schema, partitioning_func, interval_length, compress_interval_length, integer_now_func_schema, integer_now_func) FROM stdin;
1	1	data	date	t	\N	\N	\N	604800000000	\N	\N	\N
\.


--
-- Data for Name: dimension_slice; Type: TABLE DATA; Schema: _timescaledb_catalog; Owner: postgres
--

COPY _timescaledb_catalog.dimension_slice (id, dimension_id, range_start, range_end) FROM stdin;
1	1	1703721600000000	1704326400000000
2	1	1704326400000000	1704931200000000
3	1	1704931200000000	1705536000000000
4	1	1705536000000000	1706140800000000
5	1	1706140800000000	1706745600000000
6	1	1706745600000000	1707350400000000
7	1	1707350400000000	1707955200000000
8	1	1707955200000000	1708560000000000
9	1	1708560000000000	1709164800000000
10	1	1709164800000000	1709769600000000
11	1	1709769600000000	1710374400000000
12	1	1710374400000000	1710979200000000
13	1	1710979200000000	1711584000000000
14	1	1711584000000000	1712188800000000
15	1	1712188800000000	1712793600000000
16	1	1712793600000000	1713398400000000
17	1	1713398400000000	1714003200000000
18	1	1714003200000000	1714608000000000
19	1	1714608000000000	1715212800000000
20	1	1715212800000000	1715817600000000
21	1	1715817600000000	1716422400000000
22	1	1716422400000000	1717027200000000
23	1	1717027200000000	1717632000000000
24	1	1717632000000000	1718236800000000
25	1	1718236800000000	1718841600000000
26	1	1718841600000000	1719446400000000
27	1	1719446400000000	1720051200000000
28	1	1720051200000000	1720656000000000
29	1	1720656000000000	1721260800000000
30	1	1721260800000000	1721865600000000
31	1	1721865600000000	1722470400000000
32	1	1722470400000000	1723075200000000
33	1	1723075200000000	1723680000000000
34	1	1723680000000000	1724284800000000
35	1	1724284800000000	1724889600000000
36	1	1724889600000000	1725494400000000
37	1	1725494400000000	1726099200000000
38	1	1726099200000000	1726704000000000
39	1	1726704000000000	1727308800000000
40	1	1727308800000000	1727913600000000
41	1	1727913600000000	1728518400000000
42	1	1728518400000000	1729123200000000
43	1	1729123200000000	1729728000000000
44	1	1729728000000000	1730332800000000
45	1	1730332800000000	1730937600000000
46	1	1730937600000000	1731542400000000
47	1	1731542400000000	1732147200000000
48	1	1732147200000000	1732752000000000
49	1	1732752000000000	1733356800000000
50	1	1733356800000000	1733961600000000
51	1	1733961600000000	1734566400000000
52	1	1734566400000000	1735171200000000
53	1	1735171200000000	1735776000000000
54	1	1735776000000000	1736380800000000
55	1	1736380800000000	1736985600000000
56	1	1736985600000000	1737590400000000
57	1	1737590400000000	1738195200000000
58	1	1738195200000000	1738800000000000
59	1	1738800000000000	1739404800000000
60	1	1739404800000000	1740009600000000
61	1	1740009600000000	1740614400000000
62	1	1740614400000000	1741219200000000
63	1	1741219200000000	1741824000000000
64	1	1741824000000000	1742428800000000
65	1	1742428800000000	1743033600000000
\.


--
-- Data for Name: chunk_constraint; Type: TABLE DATA; Schema: _timescaledb_catalog; Owner: postgres
--

COPY _timescaledb_catalog.chunk_constraint (chunk_id, dimension_slice_id, constraint_name, hypertable_constraint_name) FROM stdin;
1	1	constraint_1	\N
1	\N	1_1_medicao_diaria	medicao_diaria
1	\N	1_2_medicoes_diarias_codigo_estacao_fkey	medicoes_diarias_codigo_estacao_fkey
1	\N	1_3_medicoes_diarias_codigo_poluente_fkey	medicoes_diarias_codigo_poluente_fkey
2	2	constraint_2	\N
2	\N	2_4_medicao_diaria	medicao_diaria
2	\N	2_5_medicoes_diarias_codigo_estacao_fkey	medicoes_diarias_codigo_estacao_fkey
2	\N	2_6_medicoes_diarias_codigo_poluente_fkey	medicoes_diarias_codigo_poluente_fkey
3	3	constraint_3	\N
3	\N	3_7_medicao_diaria	medicao_diaria
3	\N	3_8_medicoes_diarias_codigo_estacao_fkey	medicoes_diarias_codigo_estacao_fkey
3	\N	3_9_medicoes_diarias_codigo_poluente_fkey	medicoes_diarias_codigo_poluente_fkey
4	4	constraint_4	\N
4	\N	4_10_medicao_diaria	medicao_diaria
4	\N	4_11_medicoes_diarias_codigo_estacao_fkey	medicoes_diarias_codigo_estacao_fkey
4	\N	4_12_medicoes_diarias_codigo_poluente_fkey	medicoes_diarias_codigo_poluente_fkey
5	5	constraint_5	\N
5	\N	5_13_medicao_diaria	medicao_diaria
5	\N	5_14_medicoes_diarias_codigo_estacao_fkey	medicoes_diarias_codigo_estacao_fkey
5	\N	5_15_medicoes_diarias_codigo_poluente_fkey	medicoes_diarias_codigo_poluente_fkey
6	6	constraint_6	\N
6	\N	6_16_medicao_diaria	medicao_diaria
6	\N	6_17_medicoes_diarias_codigo_estacao_fkey	medicoes_diarias_codigo_estacao_fkey
6	\N	6_18_medicoes_diarias_codigo_poluente_fkey	medicoes_diarias_codigo_poluente_fkey
7	7	constraint_7	\N
7	\N	7_19_medicao_diaria	medicao_diaria
7	\N	7_20_medicoes_diarias_codigo_estacao_fkey	medicoes_diarias_codigo_estacao_fkey
7	\N	7_21_medicoes_diarias_codigo_poluente_fkey	medicoes_diarias_codigo_poluente_fkey
8	8	constraint_8	\N
8	\N	8_22_medicao_diaria	medicao_diaria
8	\N	8_23_medicoes_diarias_codigo_estacao_fkey	medicoes_diarias_codigo_estacao_fkey
8	\N	8_24_medicoes_diarias_codigo_poluente_fkey	medicoes_diarias_codigo_poluente_fkey
9	9	constraint_9	\N
9	\N	9_25_medicao_diaria	medicao_diaria
9	\N	9_26_medicoes_diarias_codigo_estacao_fkey	medicoes_diarias_codigo_estacao_fkey
9	\N	9_27_medicoes_diarias_codigo_poluente_fkey	medicoes_diarias_codigo_poluente_fkey
10	10	constraint_10	\N
10	\N	10_28_medicao_diaria	medicao_diaria
10	\N	10_29_medicoes_diarias_codigo_estacao_fkey	medicoes_diarias_codigo_estacao_fkey
10	\N	10_30_medicoes_diarias_codigo_poluente_fkey	medicoes_diarias_codigo_poluente_fkey
11	11	constraint_11	\N
11	\N	11_31_medicao_diaria	medicao_diaria
11	\N	11_32_medicoes_diarias_codigo_estacao_fkey	medicoes_diarias_codigo_estacao_fkey
11	\N	11_33_medicoes_diarias_codigo_poluente_fkey	medicoes_diarias_codigo_poluente_fkey
12	12	constraint_12	\N
12	\N	12_34_medicao_diaria	medicao_diaria
12	\N	12_35_medicoes_diarias_codigo_estacao_fkey	medicoes_diarias_codigo_estacao_fkey
12	\N	12_36_medicoes_diarias_codigo_poluente_fkey	medicoes_diarias_codigo_poluente_fkey
13	13	constraint_13	\N
13	\N	13_37_medicao_diaria	medicao_diaria
13	\N	13_38_medicoes_diarias_codigo_estacao_fkey	medicoes_diarias_codigo_estacao_fkey
13	\N	13_39_medicoes_diarias_codigo_poluente_fkey	medicoes_diarias_codigo_poluente_fkey
14	14	constraint_14	\N
14	\N	14_40_medicao_diaria	medicao_diaria
14	\N	14_41_medicoes_diarias_codigo_estacao_fkey	medicoes_diarias_codigo_estacao_fkey
14	\N	14_42_medicoes_diarias_codigo_poluente_fkey	medicoes_diarias_codigo_poluente_fkey
15	15	constraint_15	\N
15	\N	15_43_medicao_diaria	medicao_diaria
15	\N	15_44_medicoes_diarias_codigo_estacao_fkey	medicoes_diarias_codigo_estacao_fkey
15	\N	15_45_medicoes_diarias_codigo_poluente_fkey	medicoes_diarias_codigo_poluente_fkey
16	16	constraint_16	\N
16	\N	16_46_medicao_diaria	medicao_diaria
16	\N	16_47_medicoes_diarias_codigo_estacao_fkey	medicoes_diarias_codigo_estacao_fkey
16	\N	16_48_medicoes_diarias_codigo_poluente_fkey	medicoes_diarias_codigo_poluente_fkey
17	17	constraint_17	\N
17	\N	17_49_medicao_diaria	medicao_diaria
17	\N	17_50_medicoes_diarias_codigo_estacao_fkey	medicoes_diarias_codigo_estacao_fkey
17	\N	17_51_medicoes_diarias_codigo_poluente_fkey	medicoes_diarias_codigo_poluente_fkey
18	18	constraint_18	\N
18	\N	18_52_medicao_diaria	medicao_diaria
18	\N	18_53_medicoes_diarias_codigo_estacao_fkey	medicoes_diarias_codigo_estacao_fkey
18	\N	18_54_medicoes_diarias_codigo_poluente_fkey	medicoes_diarias_codigo_poluente_fkey
19	19	constraint_19	\N
19	\N	19_55_medicao_diaria	medicao_diaria
19	\N	19_56_medicoes_diarias_codigo_estacao_fkey	medicoes_diarias_codigo_estacao_fkey
19	\N	19_57_medicoes_diarias_codigo_poluente_fkey	medicoes_diarias_codigo_poluente_fkey
20	20	constraint_20	\N
20	\N	20_58_medicao_diaria	medicao_diaria
20	\N	20_59_medicoes_diarias_codigo_estacao_fkey	medicoes_diarias_codigo_estacao_fkey
20	\N	20_60_medicoes_diarias_codigo_poluente_fkey	medicoes_diarias_codigo_poluente_fkey
21	21	constraint_21	\N
21	\N	21_61_medicao_diaria	medicao_diaria
21	\N	21_62_medicoes_diarias_codigo_estacao_fkey	medicoes_diarias_codigo_estacao_fkey
21	\N	21_63_medicoes_diarias_codigo_poluente_fkey	medicoes_diarias_codigo_poluente_fkey
22	22	constraint_22	\N
22	\N	22_64_medicao_diaria	medicao_diaria
22	\N	22_65_medicoes_diarias_codigo_estacao_fkey	medicoes_diarias_codigo_estacao_fkey
22	\N	22_66_medicoes_diarias_codigo_poluente_fkey	medicoes_diarias_codigo_poluente_fkey
23	23	constraint_23	\N
23	\N	23_67_medicao_diaria	medicao_diaria
23	\N	23_68_medicoes_diarias_codigo_estacao_fkey	medicoes_diarias_codigo_estacao_fkey
23	\N	23_69_medicoes_diarias_codigo_poluente_fkey	medicoes_diarias_codigo_poluente_fkey
24	24	constraint_24	\N
24	\N	24_70_medicao_diaria	medicao_diaria
24	\N	24_71_medicoes_diarias_codigo_estacao_fkey	medicoes_diarias_codigo_estacao_fkey
24	\N	24_72_medicoes_diarias_codigo_poluente_fkey	medicoes_diarias_codigo_poluente_fkey
25	25	constraint_25	\N
25	\N	25_73_medicao_diaria	medicao_diaria
25	\N	25_74_medicoes_diarias_codigo_estacao_fkey	medicoes_diarias_codigo_estacao_fkey
25	\N	25_75_medicoes_diarias_codigo_poluente_fkey	medicoes_diarias_codigo_poluente_fkey
26	26	constraint_26	\N
26	\N	26_76_medicao_diaria	medicao_diaria
26	\N	26_77_medicoes_diarias_codigo_estacao_fkey	medicoes_diarias_codigo_estacao_fkey
26	\N	26_78_medicoes_diarias_codigo_poluente_fkey	medicoes_diarias_codigo_poluente_fkey
27	27	constraint_27	\N
27	\N	27_79_medicao_diaria	medicao_diaria
27	\N	27_80_medicoes_diarias_codigo_estacao_fkey	medicoes_diarias_codigo_estacao_fkey
27	\N	27_81_medicoes_diarias_codigo_poluente_fkey	medicoes_diarias_codigo_poluente_fkey
28	28	constraint_28	\N
28	\N	28_82_medicao_diaria	medicao_diaria
28	\N	28_83_medicoes_diarias_codigo_estacao_fkey	medicoes_diarias_codigo_estacao_fkey
28	\N	28_84_medicoes_diarias_codigo_poluente_fkey	medicoes_diarias_codigo_poluente_fkey
29	29	constraint_29	\N
29	\N	29_85_medicao_diaria	medicao_diaria
29	\N	29_86_medicoes_diarias_codigo_estacao_fkey	medicoes_diarias_codigo_estacao_fkey
29	\N	29_87_medicoes_diarias_codigo_poluente_fkey	medicoes_diarias_codigo_poluente_fkey
30	30	constraint_30	\N
30	\N	30_88_medicao_diaria	medicao_diaria
30	\N	30_89_medicoes_diarias_codigo_estacao_fkey	medicoes_diarias_codigo_estacao_fkey
30	\N	30_90_medicoes_diarias_codigo_poluente_fkey	medicoes_diarias_codigo_poluente_fkey
31	31	constraint_31	\N
31	\N	31_91_medicao_diaria	medicao_diaria
31	\N	31_92_medicoes_diarias_codigo_estacao_fkey	medicoes_diarias_codigo_estacao_fkey
31	\N	31_93_medicoes_diarias_codigo_poluente_fkey	medicoes_diarias_codigo_poluente_fkey
32	32	constraint_32	\N
32	\N	32_94_medicao_diaria	medicao_diaria
32	\N	32_95_medicoes_diarias_codigo_estacao_fkey	medicoes_diarias_codigo_estacao_fkey
32	\N	32_96_medicoes_diarias_codigo_poluente_fkey	medicoes_diarias_codigo_poluente_fkey
33	33	constraint_33	\N
33	\N	33_97_medicao_diaria	medicao_diaria
33	\N	33_98_medicoes_diarias_codigo_estacao_fkey	medicoes_diarias_codigo_estacao_fkey
33	\N	33_99_medicoes_diarias_codigo_poluente_fkey	medicoes_diarias_codigo_poluente_fkey
34	34	constraint_34	\N
34	\N	34_100_medicao_diaria	medicao_diaria
34	\N	34_101_medicoes_diarias_codigo_estacao_fkey	medicoes_diarias_codigo_estacao_fkey
34	\N	34_102_medicoes_diarias_codigo_poluente_fkey	medicoes_diarias_codigo_poluente_fkey
35	35	constraint_35	\N
35	\N	35_103_medicao_diaria	medicao_diaria
35	\N	35_104_medicoes_diarias_codigo_estacao_fkey	medicoes_diarias_codigo_estacao_fkey
35	\N	35_105_medicoes_diarias_codigo_poluente_fkey	medicoes_diarias_codigo_poluente_fkey
36	36	constraint_36	\N
36	\N	36_106_medicao_diaria	medicao_diaria
36	\N	36_107_medicoes_diarias_codigo_estacao_fkey	medicoes_diarias_codigo_estacao_fkey
36	\N	36_108_medicoes_diarias_codigo_poluente_fkey	medicoes_diarias_codigo_poluente_fkey
37	37	constraint_37	\N
37	\N	37_109_medicao_diaria	medicao_diaria
37	\N	37_110_medicoes_diarias_codigo_estacao_fkey	medicoes_diarias_codigo_estacao_fkey
37	\N	37_111_medicoes_diarias_codigo_poluente_fkey	medicoes_diarias_codigo_poluente_fkey
38	38	constraint_38	\N
38	\N	38_112_medicao_diaria	medicao_diaria
38	\N	38_113_medicoes_diarias_codigo_estacao_fkey	medicoes_diarias_codigo_estacao_fkey
38	\N	38_114_medicoes_diarias_codigo_poluente_fkey	medicoes_diarias_codigo_poluente_fkey
39	39	constraint_39	\N
39	\N	39_115_medicao_diaria	medicao_diaria
39	\N	39_116_medicoes_diarias_codigo_estacao_fkey	medicoes_diarias_codigo_estacao_fkey
39	\N	39_117_medicoes_diarias_codigo_poluente_fkey	medicoes_diarias_codigo_poluente_fkey
40	40	constraint_40	\N
40	\N	40_118_medicao_diaria	medicao_diaria
40	\N	40_119_medicoes_diarias_codigo_estacao_fkey	medicoes_diarias_codigo_estacao_fkey
40	\N	40_120_medicoes_diarias_codigo_poluente_fkey	medicoes_diarias_codigo_poluente_fkey
41	41	constraint_41	\N
41	\N	41_121_medicao_diaria	medicao_diaria
41	\N	41_122_medicoes_diarias_codigo_estacao_fkey	medicoes_diarias_codigo_estacao_fkey
41	\N	41_123_medicoes_diarias_codigo_poluente_fkey	medicoes_diarias_codigo_poluente_fkey
42	42	constraint_42	\N
42	\N	42_124_medicao_diaria	medicao_diaria
42	\N	42_125_medicoes_diarias_codigo_estacao_fkey	medicoes_diarias_codigo_estacao_fkey
42	\N	42_126_medicoes_diarias_codigo_poluente_fkey	medicoes_diarias_codigo_poluente_fkey
43	43	constraint_43	\N
43	\N	43_127_medicao_diaria	medicao_diaria
43	\N	43_128_medicoes_diarias_codigo_estacao_fkey	medicoes_diarias_codigo_estacao_fkey
43	\N	43_129_medicoes_diarias_codigo_poluente_fkey	medicoes_diarias_codigo_poluente_fkey
44	44	constraint_44	\N
44	\N	44_130_medicao_diaria	medicao_diaria
44	\N	44_131_medicoes_diarias_codigo_estacao_fkey	medicoes_diarias_codigo_estacao_fkey
44	\N	44_132_medicoes_diarias_codigo_poluente_fkey	medicoes_diarias_codigo_poluente_fkey
45	45	constraint_45	\N
45	\N	45_133_medicao_diaria	medicao_diaria
45	\N	45_134_medicoes_diarias_codigo_estacao_fkey	medicoes_diarias_codigo_estacao_fkey
45	\N	45_135_medicoes_diarias_codigo_poluente_fkey	medicoes_diarias_codigo_poluente_fkey
46	46	constraint_46	\N
46	\N	46_136_medicao_diaria	medicao_diaria
46	\N	46_137_medicoes_diarias_codigo_estacao_fkey	medicoes_diarias_codigo_estacao_fkey
46	\N	46_138_medicoes_diarias_codigo_poluente_fkey	medicoes_diarias_codigo_poluente_fkey
47	47	constraint_47	\N
47	\N	47_139_medicao_diaria	medicao_diaria
47	\N	47_140_medicoes_diarias_codigo_estacao_fkey	medicoes_diarias_codigo_estacao_fkey
47	\N	47_141_medicoes_diarias_codigo_poluente_fkey	medicoes_diarias_codigo_poluente_fkey
48	48	constraint_48	\N
48	\N	48_142_medicao_diaria	medicao_diaria
48	\N	48_143_medicoes_diarias_codigo_estacao_fkey	medicoes_diarias_codigo_estacao_fkey
48	\N	48_144_medicoes_diarias_codigo_poluente_fkey	medicoes_diarias_codigo_poluente_fkey
49	49	constraint_49	\N
49	\N	49_145_medicao_diaria	medicao_diaria
49	\N	49_146_medicoes_diarias_codigo_estacao_fkey	medicoes_diarias_codigo_estacao_fkey
49	\N	49_147_medicoes_diarias_codigo_poluente_fkey	medicoes_diarias_codigo_poluente_fkey
50	50	constraint_50	\N
50	\N	50_148_medicao_diaria	medicao_diaria
50	\N	50_149_medicoes_diarias_codigo_estacao_fkey	medicoes_diarias_codigo_estacao_fkey
50	\N	50_150_medicoes_diarias_codigo_poluente_fkey	medicoes_diarias_codigo_poluente_fkey
51	51	constraint_51	\N
51	\N	51_151_medicao_diaria	medicao_diaria
51	\N	51_152_medicoes_diarias_codigo_estacao_fkey	medicoes_diarias_codigo_estacao_fkey
51	\N	51_153_medicoes_diarias_codigo_poluente_fkey	medicoes_diarias_codigo_poluente_fkey
52	52	constraint_52	\N
52	\N	52_154_medicao_diaria	medicao_diaria
52	\N	52_155_medicoes_diarias_codigo_estacao_fkey	medicoes_diarias_codigo_estacao_fkey
52	\N	52_156_medicoes_diarias_codigo_poluente_fkey	medicoes_diarias_codigo_poluente_fkey
53	53	constraint_53	\N
53	\N	53_157_medicao_diaria	medicao_diaria
53	\N	53_158_medicoes_diarias_codigo_estacao_fkey	medicoes_diarias_codigo_estacao_fkey
53	\N	53_159_medicoes_diarias_codigo_poluente_fkey	medicoes_diarias_codigo_poluente_fkey
54	54	constraint_54	\N
54	\N	54_160_medicao_diaria	medicao_diaria
54	\N	54_161_medicoes_diarias_codigo_estacao_fkey	medicoes_diarias_codigo_estacao_fkey
54	\N	54_162_medicoes_diarias_codigo_poluente_fkey	medicoes_diarias_codigo_poluente_fkey
55	55	constraint_55	\N
55	\N	55_163_medicao_diaria	medicao_diaria
55	\N	55_164_medicoes_diarias_codigo_estacao_fkey	medicoes_diarias_codigo_estacao_fkey
55	\N	55_165_medicoes_diarias_codigo_poluente_fkey	medicoes_diarias_codigo_poluente_fkey
56	56	constraint_56	\N
56	\N	56_166_medicao_diaria	medicao_diaria
56	\N	56_167_medicoes_diarias_codigo_estacao_fkey	medicoes_diarias_codigo_estacao_fkey
56	\N	56_168_medicoes_diarias_codigo_poluente_fkey	medicoes_diarias_codigo_poluente_fkey
57	57	constraint_57	\N
57	\N	57_169_medicao_diaria	medicao_diaria
57	\N	57_170_medicoes_diarias_codigo_estacao_fkey	medicoes_diarias_codigo_estacao_fkey
57	\N	57_171_medicoes_diarias_codigo_poluente_fkey	medicoes_diarias_codigo_poluente_fkey
58	58	constraint_58	\N
58	\N	58_172_medicao_diaria	medicao_diaria
58	\N	58_173_medicoes_diarias_codigo_estacao_fkey	medicoes_diarias_codigo_estacao_fkey
58	\N	58_174_medicoes_diarias_codigo_poluente_fkey	medicoes_diarias_codigo_poluente_fkey
59	59	constraint_59	\N
59	\N	59_175_medicao_diaria	medicao_diaria
59	\N	59_176_medicoes_diarias_codigo_estacao_fkey	medicoes_diarias_codigo_estacao_fkey
59	\N	59_177_medicoes_diarias_codigo_poluente_fkey	medicoes_diarias_codigo_poluente_fkey
60	60	constraint_60	\N
60	\N	60_178_medicao_diaria	medicao_diaria
60	\N	60_179_medicoes_diarias_codigo_estacao_fkey	medicoes_diarias_codigo_estacao_fkey
60	\N	60_180_medicoes_diarias_codigo_poluente_fkey	medicoes_diarias_codigo_poluente_fkey
61	61	constraint_61	\N
61	\N	61_181_medicao_diaria	medicao_diaria
61	\N	61_182_medicoes_diarias_codigo_estacao_fkey	medicoes_diarias_codigo_estacao_fkey
61	\N	61_183_medicoes_diarias_codigo_poluente_fkey	medicoes_diarias_codigo_poluente_fkey
62	62	constraint_62	\N
62	\N	62_184_medicao_diaria	medicao_diaria
62	\N	62_185_medicoes_diarias_codigo_estacao_fkey	medicoes_diarias_codigo_estacao_fkey
62	\N	62_186_medicoes_diarias_codigo_poluente_fkey	medicoes_diarias_codigo_poluente_fkey
63	63	constraint_63	\N
63	\N	63_187_medicao_diaria	medicao_diaria
63	\N	63_188_medicoes_diarias_codigo_estacao_fkey	medicoes_diarias_codigo_estacao_fkey
63	\N	63_189_medicoes_diarias_codigo_poluente_fkey	medicoes_diarias_codigo_poluente_fkey
64	64	constraint_64	\N
64	\N	64_190_medicao_diaria	medicao_diaria
64	\N	64_191_medicoes_diarias_codigo_estacao_fkey	medicoes_diarias_codigo_estacao_fkey
64	\N	64_192_medicoes_diarias_codigo_poluente_fkey	medicoes_diarias_codigo_poluente_fkey
65	65	constraint_65	\N
65	\N	65_193_medicao_diaria	medicao_diaria
65	\N	65_194_medicoes_diarias_codigo_estacao_fkey	medicoes_diarias_codigo_estacao_fkey
65	\N	65_195_medicoes_diarias_codigo_poluente_fkey	medicoes_diarias_codigo_poluente_fkey
\.


--
-- Data for Name: chunk_index; Type: TABLE DATA; Schema: _timescaledb_catalog; Owner: postgres
--

COPY _timescaledb_catalog.chunk_index (chunk_id, index_name, hypertable_id, hypertable_index_name) FROM stdin;
1	1_1_medicao_diaria	1	medicao_diaria
1	_hyper_1_1_chunk_medicoes_diarias_data_idx	1	medicoes_diarias_data_idx
2	2_4_medicao_diaria	1	medicao_diaria
2	_hyper_1_2_chunk_medicoes_diarias_data_idx	1	medicoes_diarias_data_idx
3	3_7_medicao_diaria	1	medicao_diaria
3	_hyper_1_3_chunk_medicoes_diarias_data_idx	1	medicoes_diarias_data_idx
4	4_10_medicao_diaria	1	medicao_diaria
4	_hyper_1_4_chunk_medicoes_diarias_data_idx	1	medicoes_diarias_data_idx
5	5_13_medicao_diaria	1	medicao_diaria
5	_hyper_1_5_chunk_medicoes_diarias_data_idx	1	medicoes_diarias_data_idx
6	6_16_medicao_diaria	1	medicao_diaria
6	_hyper_1_6_chunk_medicoes_diarias_data_idx	1	medicoes_diarias_data_idx
7	7_19_medicao_diaria	1	medicao_diaria
7	_hyper_1_7_chunk_medicoes_diarias_data_idx	1	medicoes_diarias_data_idx
8	8_22_medicao_diaria	1	medicao_diaria
8	_hyper_1_8_chunk_medicoes_diarias_data_idx	1	medicoes_diarias_data_idx
9	9_25_medicao_diaria	1	medicao_diaria
9	_hyper_1_9_chunk_medicoes_diarias_data_idx	1	medicoes_diarias_data_idx
10	10_28_medicao_diaria	1	medicao_diaria
10	_hyper_1_10_chunk_medicoes_diarias_data_idx	1	medicoes_diarias_data_idx
11	11_31_medicao_diaria	1	medicao_diaria
11	_hyper_1_11_chunk_medicoes_diarias_data_idx	1	medicoes_diarias_data_idx
12	12_34_medicao_diaria	1	medicao_diaria
12	_hyper_1_12_chunk_medicoes_diarias_data_idx	1	medicoes_diarias_data_idx
13	13_37_medicao_diaria	1	medicao_diaria
13	_hyper_1_13_chunk_medicoes_diarias_data_idx	1	medicoes_diarias_data_idx
14	14_40_medicao_diaria	1	medicao_diaria
14	_hyper_1_14_chunk_medicoes_diarias_data_idx	1	medicoes_diarias_data_idx
15	15_43_medicao_diaria	1	medicao_diaria
15	_hyper_1_15_chunk_medicoes_diarias_data_idx	1	medicoes_diarias_data_idx
16	16_46_medicao_diaria	1	medicao_diaria
16	_hyper_1_16_chunk_medicoes_diarias_data_idx	1	medicoes_diarias_data_idx
17	17_49_medicao_diaria	1	medicao_diaria
17	_hyper_1_17_chunk_medicoes_diarias_data_idx	1	medicoes_diarias_data_idx
18	18_52_medicao_diaria	1	medicao_diaria
18	_hyper_1_18_chunk_medicoes_diarias_data_idx	1	medicoes_diarias_data_idx
19	19_55_medicao_diaria	1	medicao_diaria
19	_hyper_1_19_chunk_medicoes_diarias_data_idx	1	medicoes_diarias_data_idx
20	20_58_medicao_diaria	1	medicao_diaria
20	_hyper_1_20_chunk_medicoes_diarias_data_idx	1	medicoes_diarias_data_idx
21	21_61_medicao_diaria	1	medicao_diaria
21	_hyper_1_21_chunk_medicoes_diarias_data_idx	1	medicoes_diarias_data_idx
22	22_64_medicao_diaria	1	medicao_diaria
22	_hyper_1_22_chunk_medicoes_diarias_data_idx	1	medicoes_diarias_data_idx
23	23_67_medicao_diaria	1	medicao_diaria
23	_hyper_1_23_chunk_medicoes_diarias_data_idx	1	medicoes_diarias_data_idx
24	24_70_medicao_diaria	1	medicao_diaria
24	_hyper_1_24_chunk_medicoes_diarias_data_idx	1	medicoes_diarias_data_idx
25	25_73_medicao_diaria	1	medicao_diaria
25	_hyper_1_25_chunk_medicoes_diarias_data_idx	1	medicoes_diarias_data_idx
26	26_76_medicao_diaria	1	medicao_diaria
26	_hyper_1_26_chunk_medicoes_diarias_data_idx	1	medicoes_diarias_data_idx
27	27_79_medicao_diaria	1	medicao_diaria
27	_hyper_1_27_chunk_medicoes_diarias_data_idx	1	medicoes_diarias_data_idx
28	28_82_medicao_diaria	1	medicao_diaria
28	_hyper_1_28_chunk_medicoes_diarias_data_idx	1	medicoes_diarias_data_idx
29	29_85_medicao_diaria	1	medicao_diaria
29	_hyper_1_29_chunk_medicoes_diarias_data_idx	1	medicoes_diarias_data_idx
30	30_88_medicao_diaria	1	medicao_diaria
30	_hyper_1_30_chunk_medicoes_diarias_data_idx	1	medicoes_diarias_data_idx
31	31_91_medicao_diaria	1	medicao_diaria
31	_hyper_1_31_chunk_medicoes_diarias_data_idx	1	medicoes_diarias_data_idx
32	32_94_medicao_diaria	1	medicao_diaria
32	_hyper_1_32_chunk_medicoes_diarias_data_idx	1	medicoes_diarias_data_idx
33	33_97_medicao_diaria	1	medicao_diaria
33	_hyper_1_33_chunk_medicoes_diarias_data_idx	1	medicoes_diarias_data_idx
34	34_100_medicao_diaria	1	medicao_diaria
34	_hyper_1_34_chunk_medicoes_diarias_data_idx	1	medicoes_diarias_data_idx
35	35_103_medicao_diaria	1	medicao_diaria
35	_hyper_1_35_chunk_medicoes_diarias_data_idx	1	medicoes_diarias_data_idx
36	36_106_medicao_diaria	1	medicao_diaria
36	_hyper_1_36_chunk_medicoes_diarias_data_idx	1	medicoes_diarias_data_idx
37	37_109_medicao_diaria	1	medicao_diaria
37	_hyper_1_37_chunk_medicoes_diarias_data_idx	1	medicoes_diarias_data_idx
38	38_112_medicao_diaria	1	medicao_diaria
38	_hyper_1_38_chunk_medicoes_diarias_data_idx	1	medicoes_diarias_data_idx
39	39_115_medicao_diaria	1	medicao_diaria
39	_hyper_1_39_chunk_medicoes_diarias_data_idx	1	medicoes_diarias_data_idx
40	40_118_medicao_diaria	1	medicao_diaria
40	_hyper_1_40_chunk_medicoes_diarias_data_idx	1	medicoes_diarias_data_idx
41	41_121_medicao_diaria	1	medicao_diaria
41	_hyper_1_41_chunk_medicoes_diarias_data_idx	1	medicoes_diarias_data_idx
42	42_124_medicao_diaria	1	medicao_diaria
42	_hyper_1_42_chunk_medicoes_diarias_data_idx	1	medicoes_diarias_data_idx
43	43_127_medicao_diaria	1	medicao_diaria
43	_hyper_1_43_chunk_medicoes_diarias_data_idx	1	medicoes_diarias_data_idx
44	44_130_medicao_diaria	1	medicao_diaria
44	_hyper_1_44_chunk_medicoes_diarias_data_idx	1	medicoes_diarias_data_idx
45	45_133_medicao_diaria	1	medicao_diaria
45	_hyper_1_45_chunk_medicoes_diarias_data_idx	1	medicoes_diarias_data_idx
46	46_136_medicao_diaria	1	medicao_diaria
46	_hyper_1_46_chunk_medicoes_diarias_data_idx	1	medicoes_diarias_data_idx
47	47_139_medicao_diaria	1	medicao_diaria
47	_hyper_1_47_chunk_medicoes_diarias_data_idx	1	medicoes_diarias_data_idx
48	48_142_medicao_diaria	1	medicao_diaria
48	_hyper_1_48_chunk_medicoes_diarias_data_idx	1	medicoes_diarias_data_idx
49	49_145_medicao_diaria	1	medicao_diaria
49	_hyper_1_49_chunk_medicoes_diarias_data_idx	1	medicoes_diarias_data_idx
50	50_148_medicao_diaria	1	medicao_diaria
50	_hyper_1_50_chunk_medicoes_diarias_data_idx	1	medicoes_diarias_data_idx
51	51_151_medicao_diaria	1	medicao_diaria
51	_hyper_1_51_chunk_medicoes_diarias_data_idx	1	medicoes_diarias_data_idx
52	52_154_medicao_diaria	1	medicao_diaria
52	_hyper_1_52_chunk_medicoes_diarias_data_idx	1	medicoes_diarias_data_idx
53	53_157_medicao_diaria	1	medicao_diaria
53	_hyper_1_53_chunk_medicoes_diarias_data_idx	1	medicoes_diarias_data_idx
54	54_160_medicao_diaria	1	medicao_diaria
54	_hyper_1_54_chunk_medicoes_diarias_data_idx	1	medicoes_diarias_data_idx
55	55_163_medicao_diaria	1	medicao_diaria
55	_hyper_1_55_chunk_medicoes_diarias_data_idx	1	medicoes_diarias_data_idx
56	56_166_medicao_diaria	1	medicao_diaria
56	_hyper_1_56_chunk_medicoes_diarias_data_idx	1	medicoes_diarias_data_idx
57	57_169_medicao_diaria	1	medicao_diaria
57	_hyper_1_57_chunk_medicoes_diarias_data_idx	1	medicoes_diarias_data_idx
58	58_172_medicao_diaria	1	medicao_diaria
58	_hyper_1_58_chunk_medicoes_diarias_data_idx	1	medicoes_diarias_data_idx
59	59_175_medicao_diaria	1	medicao_diaria
59	_hyper_1_59_chunk_medicoes_diarias_data_idx	1	medicoes_diarias_data_idx
60	60_178_medicao_diaria	1	medicao_diaria
60	_hyper_1_60_chunk_medicoes_diarias_data_idx	1	medicoes_diarias_data_idx
61	61_181_medicao_diaria	1	medicao_diaria
61	_hyper_1_61_chunk_medicoes_diarias_data_idx	1	medicoes_diarias_data_idx
62	62_184_medicao_diaria	1	medicao_diaria
62	_hyper_1_62_chunk_medicoes_diarias_data_idx	1	medicoes_diarias_data_idx
63	63_187_medicao_diaria	1	medicao_diaria
63	_hyper_1_63_chunk_medicoes_diarias_data_idx	1	medicoes_diarias_data_idx
64	64_190_medicao_diaria	1	medicao_diaria
64	_hyper_1_64_chunk_medicoes_diarias_data_idx	1	medicoes_diarias_data_idx
65	65_193_medicao_diaria	1	medicao_diaria
65	_hyper_1_65_chunk_medicoes_diarias_data_idx	1	medicoes_diarias_data_idx
\.


--
-- Data for Name: compression_chunk_size; Type: TABLE DATA; Schema: _timescaledb_catalog; Owner: postgres
--

COPY _timescaledb_catalog.compression_chunk_size (chunk_id, compressed_chunk_id, uncompressed_heap_size, uncompressed_toast_size, uncompressed_index_size, compressed_heap_size, compressed_toast_size, compressed_index_size, numrows_pre_compression, numrows_post_compression, numrows_frozen_immediately) FROM stdin;
\.


--
-- Data for Name: compression_settings; Type: TABLE DATA; Schema: _timescaledb_catalog; Owner: postgres
--

COPY _timescaledb_catalog.compression_settings (relid, segmentby, orderby, orderby_desc, orderby_nullsfirst) FROM stdin;
\.


--
-- Data for Name: continuous_agg; Type: TABLE DATA; Schema: _timescaledb_catalog; Owner: postgres
--

COPY _timescaledb_catalog.continuous_agg (mat_hypertable_id, raw_hypertable_id, parent_mat_hypertable_id, user_view_schema, user_view_name, partial_view_schema, partial_view_name, direct_view_schema, direct_view_name, materialized_only, finalized) FROM stdin;
\.


--
-- Data for Name: continuous_agg_migrate_plan; Type: TABLE DATA; Schema: _timescaledb_catalog; Owner: postgres
--

COPY _timescaledb_catalog.continuous_agg_migrate_plan (mat_hypertable_id, start_ts, end_ts, user_view_definition) FROM stdin;
\.


--
-- Data for Name: continuous_agg_migrate_plan_step; Type: TABLE DATA; Schema: _timescaledb_catalog; Owner: postgres
--

COPY _timescaledb_catalog.continuous_agg_migrate_plan_step (mat_hypertable_id, step_id, status, start_ts, end_ts, type, config) FROM stdin;
\.


--
-- Data for Name: continuous_aggs_bucket_function; Type: TABLE DATA; Schema: _timescaledb_catalog; Owner: postgres
--

COPY _timescaledb_catalog.continuous_aggs_bucket_function (mat_hypertable_id, bucket_func, bucket_width, bucket_origin, bucket_offset, bucket_timezone, bucket_fixed_width) FROM stdin;
\.


--
-- Data for Name: continuous_aggs_hypertable_invalidation_log; Type: TABLE DATA; Schema: _timescaledb_catalog; Owner: postgres
--

COPY _timescaledb_catalog.continuous_aggs_hypertable_invalidation_log (hypertable_id, lowest_modified_value, greatest_modified_value) FROM stdin;
\.


--
-- Data for Name: continuous_aggs_invalidation_threshold; Type: TABLE DATA; Schema: _timescaledb_catalog; Owner: postgres
--

COPY _timescaledb_catalog.continuous_aggs_invalidation_threshold (hypertable_id, watermark) FROM stdin;
\.


--
-- Data for Name: continuous_aggs_materialization_invalidation_log; Type: TABLE DATA; Schema: _timescaledb_catalog; Owner: postgres
--

COPY _timescaledb_catalog.continuous_aggs_materialization_invalidation_log (materialization_id, lowest_modified_value, greatest_modified_value) FROM stdin;
\.


--
-- Data for Name: continuous_aggs_watermark; Type: TABLE DATA; Schema: _timescaledb_catalog; Owner: postgres
--

COPY _timescaledb_catalog.continuous_aggs_watermark (mat_hypertable_id, watermark) FROM stdin;
\.


--
-- Data for Name: metadata; Type: TABLE DATA; Schema: _timescaledb_catalog; Owner: postgres
--

COPY _timescaledb_catalog.metadata (key, value, include_in_telemetry) FROM stdin;
install_timestamp	2025-03-31 09:38:59.512337+00	t
timescaledb_version	2.18.0	f
\.


--
-- Data for Name: tablespace; Type: TABLE DATA; Schema: _timescaledb_catalog; Owner: postgres
--

COPY _timescaledb_catalog.tablespace (id, hypertable_id, tablespace_name) FROM stdin;
\.


--
-- Data for Name: bgw_job; Type: TABLE DATA; Schema: _timescaledb_config; Owner: postgres
--

COPY _timescaledb_config.bgw_job (id, application_name, schedule_interval, max_runtime, max_retries, retry_period, proc_schema, proc_name, owner, scheduled, fixed_schedule, initial_start, hypertable_id, config, check_schema, check_name, timezone) FROM stdin;
\.


--
-- Data for Name: _hyper_1_10_chunk; Type: TABLE DATA; Schema: _timescaledb_internal; Owner: postgres
--

COPY _timescaledb_internal._hyper_1_10_chunk (data, codigo_estacao, classificacao, iqar, codigo_poluente, mp10, mp2_5, o3, co, no2, so2) FROM stdin;
2024-02-29	CA	Boa	25	MP10	31	\N	46	0.5	\N	\N
2024-02-29	AV	Boa	21	MP10	26	\N	32	\N	\N	\N
2024-02-29	SP	Boa	19	MP10	24	\N	36	\N	68	\N
2024-02-29	IR	Boa	28	O3	20	6	70	0.4	31	\N
2024-02-29	BG	Boa	27	MP10	34	\N	26	\N	12	\N
2024-02-29	CG	Boa	18	MP10	23	\N	26	\N	26	\N
2024-02-29	PG	Boa	26	O3	26	\N	66	\N	\N	\N
2024-03-01	CA	Boa	25	MP10	31	\N	16	0.4	\N	\N
2024-03-01	AV	Boa	17	MP10	21	\N	24	\N	\N	\N
2024-03-01	SP	Boa	22	MP10	28	\N	32	\N	46	\N
2024-03-01	IR	Boa	24	O3	24	9	61	0.4	34	\N
2024-03-01	BG	Boa	25	MP10	31	\N	25	\N	21	\N
2024-03-01	CG	Boa	18	MP10	23	\N	44	\N	23	6
2024-03-01	PG	Boa	21	O3	25	\N	52	\N	\N	\N
2024-03-02	CA	Boa	18	MP10	22	\N	35	0.2	\N	\N
2024-03-02	AV	Boa	18	MP10	22	\N	37	\N	\N	\N
2024-03-02	SP	Boa	21	MP10	26	\N	34	\N	36	\N
2024-03-02	BG	Boa	14	MP10	18	\N	18	\N	8	\N
2024-03-02	CG	Boa	25	O3	18	\N	62	\N	28	5
2024-03-02	PG	Boa	22	O3	23	\N	55	\N	\N	\N
2024-03-03	CA	Boa	22	MP10	27	\N	40	0.2	\N	\N
2024-03-03	AV	Boa	18	MP10	22	\N	28	\N	\N	\N
2024-03-03	SP	Boa	20	MP10	25	\N	44	\N	38	\N
2024-03-03	CG	Moderada	46	O3	28	\N	105	\N	28	8
2024-03-03	PG	Boa	34	O3	32	\N	85	\N	\N	\N
2024-03-04	CA	Boa	22	MP10	28	\N	24	0.4	\N	\N
2024-03-04	AV	Boa	19	MP10	24	\N	35	\N	\N	\N
2024-03-04	SP	Boa	25	MP10	31	\N	54	\N	65	\N
2024-03-04	IR	Boa	33	O3	\N	\N	83	0.4	23	\N
2024-03-04	BG	Boa	32	MP10	40	\N	47	\N	48	\N
2024-03-04	CG	Boa	39	O3	33	\N	97	\N	40	6
2024-03-04	PG	Boa	35	O3	32	\N	87	\N	\N	\N
2024-03-05	CA	Boa	30	MP10	38	\N	65	0.3	\N	\N
2024-03-05	AV	Boa	32	MP10	40	\N	57	\N	\N	\N
2024-03-05	SP	Boa	34	MP10	43	\N	52	\N	75	\N
2024-03-05	IR	Moderada	58	O3	41	15	114	0.5	24	\N
2024-03-05	BG	Boa	15	O3	\N	\N	38	\N	34	\N
2024-03-05	CG	Boa	34	O3	32	\N	84	\N	30	5
2024-03-05	PG	Boa	32	O3	35	\N	79	\N	\N	\N
2024-03-06	CA	Boa	22	O3	26	\N	55	0.4	\N	\N
2024-03-06	AV	Boa	25	MP10	31	\N	40	\N	\N	\N
2024-03-06	SP	Boa	23	MP10	29	\N	\N	\N	72	\N
2024-03-06	IR	Boa	27	O3	18	3	68	0.6	27	\N
2024-03-06	BG	Boa	9	NO2	\N	\N	16	\N	43	\N
2024-03-06	CG	Boa	32	O3	18	\N	81	\N	34	4
2024-03-06	PG	Boa	40	O3	19	\N	100	\N	\N	\N
\.


--
-- Data for Name: _hyper_1_11_chunk; Type: TABLE DATA; Schema: _timescaledb_internal; Owner: postgres
--

COPY _timescaledb_internal._hyper_1_11_chunk (data, codigo_estacao, classificacao, iqar, codigo_poluente, mp10, mp2_5, o3, co, no2, so2) FROM stdin;
2024-03-07	CA	Boa	16	MP10	20	\N	40	0.3	\N	\N
2024-03-07	AV	Boa	23	MP10	29	\N	40	\N	\N	\N
2024-03-07	SP	Boa	15	MP10	19	\N	\N	\N	40	\N
2024-03-07	IR	Boa	21	O3	12	2	52	0.4	19	\N
2024-03-07	BG	Boa	15	MP10	19	\N	\N	\N	25	\N
2024-03-07	CG	Boa	25	O3	17	\N	62	\N	30	2
2024-03-07	PG	Boa	25	O3	15	\N	62	\N	\N	\N
2024-03-08	CA	Boa	18	MP10	23	\N	39	0.3	\N	\N
2024-03-08	AV	Boa	26	MP10	32	\N	25	\N	\N	\N
2024-03-08	SP	Boa	19	MP10	24	\N	\N	\N	36	\N
2024-03-08	IR	Boa	23	O3	13	4	57	0.4	15	\N
2024-03-08	BG	Boa	21	MP10	26	\N	\N	\N	24	\N
2024-03-08	CG	Boa	24	O3	19	\N	60	\N	26	6
2024-03-08	PG	Boa	24	O3	18	\N	59	\N	\N	\N
2024-03-09	CA	Boa	23	MP10	29	\N	38	0.4	\N	\N
2024-03-09	AV	Boa	27	MP10	34	\N	26	\N	\N	\N
2024-03-09	SP	Boa	22	MP10	27	\N	\N	\N	43	\N
2024-03-09	IR	Boa	28	O3	15	3	70	0.5	17	\N
2024-03-09	BG	Boa	23	MP10	29	\N	\N	\N	20	\N
2024-03-09	CG	Boa	37	O3	25	\N	92	\N	33	7
2024-03-09	PG	Boa	33	O3	27	\N	83	\N	\N	\N
2024-03-10	CA	Boa	21	MP10	26	\N	42	0.3	\N	\N
2024-03-10	AV	Boa	23	MP10	29	\N	26	\N	\N	\N
2024-03-10	SP	Boa	19	MP10	24	\N	\N	\N	51	\N
2024-03-10	IR	Boa	18	O3	13	3	44	0.5	14	\N
2024-03-10	BG	Boa	15	MP10	19	\N	\N	\N	18	\N
2024-03-10	CG	Boa	25	O3	15	\N	63	\N	21	4
2024-03-10	PG	Boa	28	O3	18	\N	70	\N	\N	\N
2024-03-11	CA	Boa	18	MP10	22	\N	31	0.3	\N	\N
2024-03-11	AV	Boa	22	MP10	27	\N	\N	\N	\N	\N
2024-03-11	SP	Boa	18	MP10	22	\N	\N	\N	32	\N
2024-03-11	IR	Boa	15	O3	14	2	37	0.4	13	\N
2024-03-11	BG	Boa	17	MP10	21	\N	\N	\N	13	\N
2024-03-11	CG	Boa	19	O3	15	\N	47	\N	21	4
2024-03-11	PG	Boa	21	O3	16	\N	53	\N	\N	\N
2024-03-12	CA	Boa	22	MP10	28	\N	34	0.3	\N	\N
2024-03-12	AV	Boa	26	MP10	33	\N	24	\N	\N	\N
2024-03-12	SP	Boa	22	MP10	27	\N	\N	\N	49	\N
2024-03-12	IR	Boa	16	O3	17	5	40	0.4	15	\N
2024-03-12	BG	Boa	22	MP10	27	\N	\N	\N	17	\N
2024-03-12	CG	Boa	23	O3	17	\N	57	\N	27	6
2024-03-12	PG	Boa	27	O3	21	\N	68	\N	\N	\N
2024-03-13	CA	Boa	26	MP10	32	\N	49	0.2	\N	\N
2024-03-13	AV	Boa	24	MP10	30	\N	21	\N	\N	\N
2024-03-13	SP	Boa	26	MP10	32	\N	\N	\N	49	\N
2024-03-13	IR	Boa	26	O3	25	6	65	0.3	15	\N
2024-03-13	BG	Boa	30	MP10	38	\N	\N	\N	35	\N
2024-03-13	CG	Boa	36	O3	39	\N	91	\N	32	5
2024-03-13	PG	Boa	29	O3	35	\N	72	\N	\N	\N
\.


--
-- Data for Name: _hyper_1_12_chunk; Type: TABLE DATA; Schema: _timescaledb_internal; Owner: postgres
--

COPY _timescaledb_internal._hyper_1_12_chunk (data, codigo_estacao, classificacao, iqar, codigo_poluente, mp10, mp2_5, o3, co, no2, so2) FROM stdin;
2024-03-14	CA	Boa	25	MP10	31	\N	48	0.3	\N	\N
2024-03-14	AV	Boa	24	MP10	30	\N	\N	\N	\N	\N
2024-03-14	SP	Boa	27	MP10	34	\N	\N	\N	68	\N
2024-03-14	IR	Moderada	49	O3	31	9	107	0.6	27	\N
2024-03-14	BG	Boa	35	MP10	44	\N	84	\N	43	\N
2024-03-14	CG	Moderada	64	O3	36	\N	118	\N	32	7
2024-03-14	PG	Moderada	41	O3	35	\N	101	\N	\N	\N
2024-03-15	CA	Boa	27	MP10	34	\N	63	0.6	\N	\N
2024-03-15	AV	Boa	22	MP10	28	\N	\N	\N	\N	\N
2024-03-15	SP	Boa	40	O3	42	\N	100	\N	77	\N
2024-03-15	IR	Ruim	100	O3	40	16	145	0.6	29	\N
2024-03-15	BG	Moderada	44	MP10	55	\N	81	\N	52	\N
2024-03-15	CG	Boa	38	MP10	48	\N	96	\N	50	11
2024-03-15	PG	Moderada	57	O3	43	\N	113	\N	\N	\N
2024-03-16	CA	Boa	37	MP10	46	\N	81	0.3	\N	\N
2024-03-16	AV	Boa	33	MP10	41	\N	\N	\N	\N	\N
2024-03-16	SP	Ruim	81	O3	54	\N	131	\N	65	\N
2024-03-16	IR	Moderada	80	O3	42	19	130	0.5	24	\N
2024-03-16	BG	Moderada	48	MP10	59	\N	100	\N	59	\N
2024-03-16	CG	Moderada	45	MP10	56	\N	104	\N	49	14
2024-03-16	PG	Ruim	84	O3	45	\N	133	\N	\N	\N
2024-03-17	CA	Boa	40	MP10	50	\N	100	0.3	\N	\N
2024-03-17	AV	Boa	34	MP10	43	\N	\N	\N	\N	\N
2024-03-17	SP	Moderada	68	O3	53	\N	121	\N	59	\N
2024-03-17	IR	Ruim	86	O3	51	20	135	0.6	20	\N
2024-03-17	BG	Moderada	43	MP10	53	\N	83	\N	40	\N
2024-03-17	CG	Moderada	73	O3	49	\N	125	\N	43	7
2024-03-17	PG	Ruim	116	O3	46	\N	157	\N	\N	\N
2024-03-18	CA	Boa	29	MP10	36	\N	57	0.3	\N	\N
2024-03-18	AV	Boa	27	MP10	34	\N	44	\N	\N	\N
2024-03-18	SP	Boa	31	MP10	39	\N	65	\N	77	\N
2024-03-18	IR	Boa	36	O3	36	13	90	0.5	21	\N
2024-03-18	BG	Boa	38	O3	43	\N	96	\N	19	\N
2024-03-18	CG	Boa	32	O3	34	\N	79	\N	31	9
2024-03-18	PG	Moderada	46	O3	28	\N	105	\N	\N	\N
2024-03-19	CA	Boa	29	MP10	36	\N	58	0.4	\N	\N
2024-03-19	AV	Boa	28	O3	29	\N	69	\N	\N	\N
2024-03-19	SP	Boa	38	MP10	47	\N	70	\N	71	\N
2024-03-19	IR	Moderada	73	O3	44	18	125	0.5	25	\N
2024-03-19	BG	Moderada	56	O3	49	\N	112	\N	31	\N
2024-03-19	CG	Moderada	58	O3	39	\N	114	\N	35	6
2024-03-19	PG	Boa	35	MP10	44	\N	76	\N	\N	\N
2024-03-20	CA	Boa	30	MP10	37	\N	53	0.6	\N	\N
2024-03-20	AV	Boa	27	MP10	34	\N	66	\N	\N	\N
2024-03-20	SP	Boa	33	MP10	41	\N	65	\N	72	\N
2024-03-20	IR	Moderada	42	O3	31	14	102	0.5	24	\N
2024-03-20	BG	Moderada	53	O3	44	\N	110	\N	29	\N
2024-03-20	CG	Moderada	69	O3	44	\N	122	\N	43	13
2024-03-20	PG	Moderada	43	MP10	53	\N	\N	\N	\N	\N
\.


--
-- Data for Name: _hyper_1_13_chunk; Type: TABLE DATA; Schema: _timescaledb_internal; Owner: postgres
--

COPY _timescaledb_internal._hyper_1_13_chunk (data, codigo_estacao, classificacao, iqar, codigo_poluente, mp10, mp2_5, o3, co, no2, so2) FROM stdin;
2024-03-21	CA	Boa	28	MP10	35	\N	41	0.3	\N	\N
2024-03-21	AV	Boa	25	MP10	31	\N	61	\N	\N	\N
2024-03-21	SP	Boa	26	MP10	33	\N	58	\N	63	\N
2024-03-21	IR	Boa	24	O3	24	7	60	0.5	20	\N
2024-03-21	BG	Boa	25	MP10	31	\N	63	\N	45	\N
2024-03-21	CG	Boa	27	O3	28	\N	68	\N	46	7
2024-03-21	PG	Boa	29	MP10	36	\N	\N	\N	\N	\N
2024-03-22	CA	Boa	16	MP10	20	\N	38	0.4	\N	\N
2024-03-22	AV	Boa	24	O3	26	\N	60	\N	\N	\N
2024-03-22	SP	Boa	22	O3	\N	\N	56	\N	43	\N
2024-03-22	IR	Boa	20	O3	9	2	51	0.4	16	\N
2024-03-22	BG	Boa	26	O3	13	\N	66	\N	12	\N
2024-03-22	CG	Boa	29	O3	13	\N	72	\N	25	5
2024-03-22	PG	Boa	16	MP10	20	\N	\N	\N	\N	\N
2024-03-23	CA	Boa	28	MP10	35	\N	27	0.2	\N	\N
2024-03-23	AV	Boa	34	MP10	43	\N	30	\N	\N	\N
2024-03-23	SP	Boa	12	O3	\N	\N	31	\N	36	\N
2024-03-23	IR	Boa	18	MP10	22	3	35	0.4	14	\N
2024-03-23	BG	Boa	16	MP10	20	\N	29	\N	26	\N
2024-03-23	CG	Boa	20	O3	21	\N	51	\N	29	5
2024-03-23	PG	Boa	26	MP10	32	\N	\N	\N	\N	\N
2024-03-24	CA	Boa	10	MP10	13	\N	15	0.3	\N	\N
2024-03-24	AV	Boa	16	MP10	20	\N	18	\N	\N	\N
2024-03-24	SP	Boa	10	O3	\N	\N	25	\N	34	\N
2024-03-24	IR	Boa	9	O3	4	0	22	0.4	12	\N
2024-03-24	BG	Boa	9	O3	10	\N	22	\N	14	\N
2024-03-24	CG	Boa	16	O3	6	\N	39	\N	24	5
2024-03-24	PG	Boa	8	MP10	10	\N	\N	\N	\N	\N
2024-03-25	CA	Boa	21	MP10	26	\N	18	0.3	\N	\N
2024-03-25	AV	Boa	18	MP10	23	\N	23	\N	\N	\N
2024-03-25	SP	Boa	20	MP10	25	\N	28	\N	45	\N
2024-03-25	IR	Boa	16	O3	15	3	41	0.5	14	\N
2024-03-25	BG	Boa	22	MP10	28	\N	29	\N	16	\N
2024-03-25	CG	Boa	19	O3	18	\N	47	\N	24	6
2024-03-25	PG	Boa	17	MP10	21	\N	37	\N	\N	\N
2024-03-26	CA	Boa	18	MP10	23	\N	7	0.5	\N	\N
2024-03-26	AV	Boa	15	MP10	19	\N	11	\N	\N	\N
2024-03-26	SP	Boa	20	MP10	25	\N	9	\N	48	\N
2024-03-26	IR	Boa	9	MP10	11	2	19	0.4	14	\N
2024-03-26	BG	Boa	13	MP10	16	\N	13	\N	28	\N
2024-03-26	CG	Boa	14	O3	15	\N	34	\N	29	5
2024-03-26	PG	Boa	15	O3	16	\N	37	\N	\N	\N
2024-03-27	CA	Boa	22	MP10	28	\N	11	0.5	\N	\N
2024-03-27	AV	Boa	22	MP10	27	\N	15	\N	\N	\N
2024-03-27	SP	Boa	26	MP10	32	\N	6	\N	67	\N
2024-03-27	IR	Boa	13	MP10	16	4	15	0.5	18	\N
2024-03-27	BG	Boa	17	MP10	21	\N	12	\N	31	\N
2024-03-27	CG	Boa	15	MP10	19	\N	33	\N	37	5
2024-03-27	PG	Boa	17	O3	19	\N	43	\N	\N	\N
\.


--
-- Data for Name: _hyper_1_14_chunk; Type: TABLE DATA; Schema: _timescaledb_internal; Owner: postgres
--

COPY _timescaledb_internal._hyper_1_14_chunk (data, codigo_estacao, classificacao, iqar, codigo_poluente, mp10, mp2_5, o3, co, no2, so2) FROM stdin;
2024-03-28	CA	Boa	16	MP10	20	\N	19	0.4	\N	\N
2024-03-28	AV	Boa	18	MP10	22	\N	22	\N	\N	\N
2024-03-28	SP	Boa	21	MP10	26	\N	16	\N	51	\N
2024-03-28	IR	Boa	13	MP10	16	4	18	0.4	15	\N
2024-03-28	BG	Boa	8	NO2	\N	\N	9	\N	38	\N
2024-03-28	CG	Boa	22	MP10	27	\N	22	\N	35	4
2024-03-28	PG	Boa	15	MP10	19	\N	29	\N	\N	\N
2024-03-29	CA	Boa	17	MP10	21	\N	19	0.5	\N	\N
2024-03-29	AV	Boa	24	MP10	30	\N	18	\N	\N	\N
2024-03-29	SP	Boa	19	MP10	24	\N	18	\N	61	\N
2024-03-29	IR	Boa	13	O3	13	2	32	0.7	16	\N
2024-03-29	BG	Boa	18	MP10	23	\N	32	\N	27	\N
2024-03-29	CG	Boa	17	MP10	21	\N	41	\N	36	7
2024-03-29	PG	Boa	21	O3	23	\N	53	\N	\N	\N
2024-03-30	CA	Boa	24	MP10	30	\N	34	0.4	\N	\N
2024-03-30	AV	Boa	20	MP10	25	\N	32	\N	\N	\N
2024-03-30	SP	Boa	26	MP10	32	\N	36	\N	39	\N
2024-03-30	IR	Boa	18	MP10	23	7	43	0.5	14	\N
2024-03-30	BG	Boa	22	MP10	28	\N	44	\N	11	\N
2024-03-30	CG	Boa	21	O3	22	\N	53	\N	29	6
2024-03-30	PG	Boa	23	O3	22	\N	57	\N	\N	\N
2024-03-31	CA	Boa	17	MP10	21	\N	41	0.3	\N	\N
2024-03-31	AV	Boa	16	MP10	20	\N	36	\N	\N	\N
2024-03-31	SP	Boa	16	MP10	20	\N	35	\N	31	\N
2024-03-31	IR	Boa	22	O3	14	3	54	0.3	14	\N
2024-03-31	BG	Boa	19	MP10	24	\N	45	\N	26	\N
2024-03-31	CG	Boa	24	O3	22	\N	59	\N	28	6
2024-03-31	PG	Boa	21	O3	22	\N	53	\N	\N	\N
2024-04-01	CA	Boa	19	MP10	24	\N	24	0.4	\N	\N
2024-04-01	AV	Boa	13	MP10	16	\N	28	\N	\N	\N
2024-04-01	SP	Boa	19	MP10	24	\N	39	\N	38	\N
2024-04-01	IR	Boa	18	MP10	22	5	40	0.3	26	\N
2024-04-01	BG	Boa	34	O3	39	\N	86	\N	38	\N
2024-04-01	CG	Boa	36	O3	31	\N	89	\N	31	6
2024-04-01	PG	Boa	27	O3	28	\N	68	\N	\N	\N
2024-04-02	CA	Boa	24	MP10	30	\N	42	0.7	\N	\N
2024-04-02	AV	Boa	18	MP10	22	\N	43	\N	\N	\N
2024-04-02	SP	Boa	29	MP10	36	\N	43	\N	103	\N
2024-04-02	IR	Boa	29	O3	35	12	73	0.8	77	\N
2024-04-02	BG	Boa	37	MP10	46	\N	63	\N	56	\N
2024-04-02	CG	Boa	35	MP10	44	\N	71	\N	54	7
2024-04-02	PG	Boa	33	MP10	41	\N	82	\N	\N	\N
2024-04-03	CA	Boa	34	MP10	42	\N	61	0.5	\N	\N
2024-04-03	AV	Boa	25	MP10	31	\N	19	\N	\N	\N
2024-04-03	SP	Boa	38	MP10	47	\N	69	\N	109	\N
2024-04-03	IR	Boa	32	O3	39	15	81	0.6	53	\N
2024-04-03	BG	Boa	22	O3	\N	\N	54	\N	22	\N
2024-04-03	CG	Boa	40	O3	36	\N	100	\N	35	5
2024-04-03	PG	Boa	36	O3	38	\N	89	\N	\N	\N
\.


--
-- Data for Name: _hyper_1_15_chunk; Type: TABLE DATA; Schema: _timescaledb_internal; Owner: postgres
--

COPY _timescaledb_internal._hyper_1_15_chunk (data, codigo_estacao, classificacao, iqar, codigo_poluente, mp10, mp2_5, o3, co, no2, so2) FROM stdin;
2024-04-04	CA	Boa	30	O3	34	\N	74	0.5	\N	\N
2024-04-04	AV	Boa	23	MP10	29	\N	\N	\N	\N	\N
2024-04-04	SP	Boa	30	MP10	38	\N	66	\N	69	\N
2024-04-04	IR	Ruim	98	O3	42	20	144	0.5	58	\N
2024-04-04	BG	Muito ruim	121	O3	\N	\N	161	\N	44	\N
2024-04-04	CG	Ruim	90	O3	45	\N	138	\N	34	9
2024-04-04	PG	Moderada	61	O3	44	\N	116	\N	\N	\N
2024-04-05	CA	Boa	25	MP10	31	\N	47	0.4	\N	\N
2024-04-05	AV	Boa	21	MP10	26	\N	28	\N	\N	\N
2024-04-05	SP	Boa	29	MP10	36	\N	53	\N	75	\N
2024-04-05	IR	Moderada	53	O3	30	13	110	0.5	42	\N
2024-04-05	BG	Boa	36	O3	38	\N	91	\N	29	\N
2024-04-05	CG	Moderada	49	O3	33	\N	107	\N	30	5
2024-04-05	PG	Boa	37	MP10	46	\N	88	\N	\N	\N
2024-04-06	CA	Boa	26	O3	26	\N	64	0.5	\N	\N
2024-04-06	AV	Boa	18	MP10	23	\N	46	\N	\N	\N
2024-04-06	SP	Boa	38	MP10	47	\N	53	\N	73	\N
2024-04-06	IR	Boa	29	O3	23	10	72	0.4	42	\N
2024-04-06	BG	Boa	31	O3	35	\N	78	\N	24	\N
2024-04-06	CG	Boa	35	O3	29	\N	88	\N	34	4
2024-04-06	PG	Boa	31	O3	34	\N	77	\N	\N	\N
2024-04-07	CA	Boa	22	MP10	27	\N	47	0.3	\N	\N
2024-04-07	AV	Boa	19	MP10	24	\N	32	\N	\N	\N
2024-04-07	SP	Moderada	46	MP10	57	\N	40	\N	63	\N
2024-04-07	IR	Boa	26	O3	23	11	66	0.4	35	\N
2024-04-07	BG	Boa	40	O3	31	\N	100	\N	27	\N
2024-04-07	CG	Boa	37	O3	29	\N	93	\N	37	6
2024-04-07	PG	Boa	28	O3	29	\N	70	\N	\N	\N
2024-04-08	CA	Boa	25	MP10	31	\N	38	0.6	\N	\N
2024-04-08	AV	Boa	22	MP10	27	\N	30	\N	\N	\N
2024-04-08	SP	Boa	26	MP10	32	\N	35	\N	70	\N
2024-04-08	IR	Boa	38	O3	33	13	96	0.5	55	\N
2024-04-08	BG	Moderada	65	O3	41	\N	119	\N	37	\N
2024-04-08	CG	Moderada	57	O3	39	\N	113	\N	63	12
2024-04-08	PG	Boa	35	O3	37	\N	88	\N	\N	\N
2024-04-09	CA	Boa	37	MP10	46	\N	52	0.4	\N	\N
2024-04-09	AV	Boa	33	MP10	41	\N	35	\N	\N	\N
2024-04-09	SP	Boa	34	MP10	43	\N	51	\N	\N	\N
2024-04-09	IR	Boa	34	MP10	42	17	75	0.5	50	\N
2024-04-09	BG	Boa	36	O3	44	\N	89	\N	31	\N
2024-04-09	CG	Boa	32	O3	39	\N	80	\N	45	4
2024-04-09	PG	Boa	35	O3	39	\N	87	\N	\N	\N
2024-04-10	CA	Boa	35	MP10	44	\N	54	0.5	\N	\N
2024-04-10	AV	Boa	33	MP10	41	\N	54	\N	\N	\N
2024-04-10	SP	Boa	34	MP10	42	\N	47	\N	\N	\N
2024-04-10	IR	Boa	39	O3	47	20	98	0.6	58	\N
2024-04-10	BG	Moderada	50	O3	50	\N	108	\N	47	\N
2024-04-10	CG	Moderada	50	O3	43	\N	108	\N	48	5
2024-04-10	PG	Boa	38	MP10	47	\N	86	\N	\N	\N
\.


--
-- Data for Name: _hyper_1_16_chunk; Type: TABLE DATA; Schema: _timescaledb_internal; Owner: postgres
--

COPY _timescaledb_internal._hyper_1_16_chunk (data, codigo_estacao, classificacao, iqar, codigo_poluente, mp10, mp2_5, o3, co, no2, so2) FROM stdin;
2024-04-11	CA	Boa	34	MP10	43	\N	57	0.6	\N	\N
2024-04-11	AV	Boa	29	MP10	36	\N	41	\N	\N	\N
2024-04-11	SP	Boa	32	MP10	40	\N	42	\N	\N	\N
2024-04-11	IR	Boa	35	O3	40	18	88	0.5	52	\N
2024-04-11	BG	Boa	35	MP10	44	\N	75	\N	27	\N
2024-04-11	CG	Boa	34	MP10	42	\N	82	\N	40	4
2024-04-11	PG	Boa	37	O3	40	\N	92	\N	\N	\N
2024-04-12	CA	Boa	22	MP10	28	\N	33	0.4	\N	\N
2024-04-12	AV	Boa	18	MP10	22	\N	30	\N	\N	\N
2024-04-12	SP	Boa	19	MP10	24	\N	30	\N	32	\N
2024-04-12	IR	Boa	21	O3	21	7	53	0.4	37	\N
2024-04-12	BG	Boa	26	O3	31	\N	65	\N	35	\N
2024-04-12	CG	Boa	27	O3	30	\N	68	\N	37	\N
2024-04-12	PG	Boa	28	O3	29	\N	69	\N	\N	\N
2024-04-13	CA	Boa	21	MP10	26	\N	38	0.3	\N	\N
2024-04-13	AV	Boa	21	MP10	26	\N	31	\N	\N	\N
2024-04-13	SP	Boa	19	MP10	24	\N	43	\N	29	\N
2024-04-13	IR	Boa	23	O3	14	3	58	0.3	24	\N
2024-04-13	BG	Boa	32	O3	23	\N	80	\N	23	\N
2024-04-13	CG	Boa	37	O3	27	\N	92	\N	37	\N
2024-04-13	PG	Boa	32	O3	29	\N	80	\N	\N	\N
2024-04-14	CA	Boa	18	MP10	23	\N	35	0.4	\N	\N
2024-04-14	AV	Boa	19	MP10	24	\N	26	\N	\N	\N
2024-04-14	SP	Boa	18	MP10	22	\N	34	\N	29	\N
2024-04-14	IR	Boa	21	O3	14	3	52	0.3	27	\N
2024-04-14	BG	Boa	26	O3	26	\N	64	\N	22	\N
2024-04-14	CG	Boa	30	O3	23	\N	76	\N	25	\N
2024-04-14	PG	Boa	26	O3	28	\N	65	\N	\N	\N
2024-04-15	CA	Boa	25	MP10	31	\N	35	0.5	\N	\N
2024-04-15	AV	Boa	28	MP10	35	\N	25	\N	\N	\N
2024-04-15	SP	Boa	26	MP10	33	\N	35	\N	47	\N
2024-04-15	IR	Boa	30	O3	24	6	75	0.3	31	\N
2024-04-15	BG	Boa	36	O3	37	\N	89	\N	27	\N
2024-04-15	CG	Boa	38	O3	32	\N	94	\N	34	\N
2024-04-15	PG	Boa	29	MP10	36	\N	73	\N	\N	\N
2024-04-16	CA	Boa	22	MP10	28	\N	34	0.4	\N	\N
2024-04-16	AV	Boa	26	MP10	33	\N	26	\N	\N	\N
2024-04-16	SP	Boa	23	MP10	29	\N	44	\N	40	\N
2024-04-16	IR	Boa	25	O3	23	7	63	0.3	29	\N
2024-04-16	BG	Boa	31	O3	32	\N	78	\N	34	\N
2024-04-16	CG	Boa	36	O3	34	\N	90	\N	39	\N
2024-04-16	PG	Boa	35	O3	41	\N	88	\N	\N	\N
2024-04-17	CA	Boa	30	MP10	37	\N	47	0.5	\N	\N
2024-04-17	AV	Boa	31	MP10	39	\N	22	\N	\N	\N
2024-04-17	SP	Boa	31	MP10	39	\N	44	\N	85	\N
2024-04-17	IR	Boa	36	O3	39	14	89	0.8	87	\N
2024-04-17	BG	Boa	40	MP10	50	\N	76	\N	68	\N
2024-04-17	CG	Moderada	42	MP10	52	\N	83	\N	69	\N
2024-04-17	PG	Moderada	49	O3	47	\N	107	\N	\N	\N
\.


--
-- Data for Name: _hyper_1_17_chunk; Type: TABLE DATA; Schema: _timescaledb_internal; Owner: postgres
--

COPY _timescaledb_internal._hyper_1_17_chunk (data, codigo_estacao, classificacao, iqar, codigo_poluente, mp10, mp2_5, o3, co, no2, so2) FROM stdin;
2024-04-18	CA	Boa	25	MP10	31	\N	60	0.5	\N	\N
2024-04-18	AV	Boa	24	MP10	30	\N	41	\N	\N	\N
2024-04-18	SP	Boa	28	MP10	35	\N	62	\N	54	\N
2024-04-18	IR	Boa	22	O3	25	8	55	0.4	37	\N
2024-04-18	BG	Boa	26	O3	21	\N	64	\N	12	\N
2024-04-18	CG	Boa	25	O3	29	\N	62	\N	25	\N
2024-04-18	PG	Boa	30	O3	29	\N	75	\N	\N	\N
2024-04-19	CA	Boa	26	MP10	33	\N	29	0.4	\N	\N
2024-04-19	AV	Boa	21	MP10	26	\N	25	\N	\N	\N
2024-04-19	SP	Boa	22	MP10	28	\N	35	\N	47	\N
2024-04-19	IR	Boa	18	MP10	23	6	46	0.5	53	\N
2024-04-19	BG	Boa	26	MP10	32	\N	47	\N	39	\N
2024-04-19	CG	Boa	27	O3	30	\N	68	\N	35	\N
2024-04-19	PG	Boa	29	O3	26	\N	72	\N	\N	\N
2024-04-20	CA	Boa	26	MP10	32	\N	55	0.4	\N	\N
2024-04-20	AV	Boa	24	MP10	30	\N	40	\N	\N	\N
2024-04-20	SP	Boa	22	MP10	28	\N	50	\N	53	\N
2024-04-20	IR	Boa	34	O3	30	11	85	0.4	48	\N
2024-04-20	BG	Boa	34	O3	32	\N	85	\N	42	\N
2024-04-20	CG	Boa	38	O3	36	\N	96	\N	42	\N
2024-04-20	PG	Boa	33	MP10	41	\N	82	\N	\N	\N
2024-04-21	CA	Boa	22	MP10	27	\N	56	0.4	\N	\N
2024-04-21	AV	Boa	18	MP10	23	\N	31	\N	\N	\N
2024-04-21	SP	Boa	23	O3	23	\N	58	\N	42	\N
2024-04-21	IR	Boa	38	O3	20	9	94	0.4	35	\N
2024-04-21	BG	Moderada	58	O3	36	\N	114	\N	46	\N
2024-04-21	CG	Moderada	57	O3	43	\N	113	\N	53	\N
2024-04-21	PG	Boa	38	O3	44	\N	95	\N	\N	\N
2024-04-22	CA	Boa	23	MP10	29	\N	44	0.5	\N	\N
2024-04-22	AV	Boa	18	MP10	23	\N	28	\N	\N	\N
2024-04-22	SP	Boa	24	O3	29	\N	59	\N	60	\N
2024-04-22	IR	Moderada	63	O3	35	14	117	0.4	62	\N
2024-04-22	BG	Moderada	63	O3	37	\N	117	\N	57	\N
2024-04-22	CG	Moderada	57	O3	39	\N	113	\N	57	\N
2024-04-22	PG	Boa	38	O3	39	\N	96	\N	\N	\N
2024-04-23	CA	Boa	34	MP10	42	\N	75	0.7	\N	\N
2024-04-23	AV	Boa	27	MP10	34	\N	34	\N	\N	\N
2024-04-23	SP	Moderada	46	O3	42	\N	105	\N	58	\N
2024-04-23	IR	Ruim	84	O3	47	25	133	0.8	86	\N
2024-04-23	BG	Moderada	49	MP10	61	\N	97	\N	60	\N
2024-04-23	CG	Moderada	48	MP10	60	\N	101	\N	62	\N
2024-04-23	PG	Ruim	86	O3	80	\N	135	\N	\N	\N
2024-04-24	CA	Moderada	47	MP10	59	\N	86	0.7	\N	\N
2024-04-24	AV	Moderada	43	MP10	54	\N	58	\N	\N	\N
2024-04-24	SP	Boa	39	O3	44	\N	97	\N	116	\N
2024-04-24	IR	Moderada	49	MP10	61	29	105	0.7	72	\N
2024-04-24	BG	Moderada	57	O3	46	\N	113	\N	56	\N
2024-04-24	CG	Moderada	77	O3	53	\N	128	\N	58	\N
2024-04-24	PG	Ruim	88	O3	57	\N	136	\N	\N	\N
\.


--
-- Data for Name: _hyper_1_18_chunk; Type: TABLE DATA; Schema: _timescaledb_internal; Owner: postgres
--

COPY _timescaledb_internal._hyper_1_18_chunk (data, codigo_estacao, classificacao, iqar, codigo_poluente, mp10, mp2_5, o3, co, no2, so2) FROM stdin;
2024-04-25	CA	Boa	35	MP10	44	\N	59	0.6	\N	\N
2024-04-25	AV	Boa	31	MP10	39	\N	45	\N	\N	\N
2024-04-25	SP	Boa	34	MP10	42	\N	69	\N	58	\N
2024-04-25	IR	Boa	30	O3	32	13	75	0.4	42	\N
2024-04-25	BG	Boa	27	MP10	34	\N	68	\N	23	\N
2024-04-25	CG	Boa	32	O3	38	\N	80	\N	39	\N
2024-04-25	PG	Boa	36	O3	38	\N	90	\N	\N	\N
2024-04-26	CA	Boa	40	MP10	50	\N	35	0.4	\N	\N
2024-04-26	AV	Boa	34	MP10	42	\N	26	\N	\N	\N
2024-04-26	SP	Boa	35	MP10	44	\N	35	\N	35	\N
2024-04-26	IR	Boa	28	MP10	35	9	49	0.3	35	\N
2024-04-26	BG	Boa	34	MP10	42	\N	43	\N	32	\N
2024-04-26	CG	Boa	32	MP10	40	\N	54	\N	42	\N
2024-04-26	PG	Moderada	41	MP10	51	\N	64	\N	\N	\N
2024-04-27	CA	Boa	30	MP10	38	\N	43	0.6	\N	\N
2024-04-27	AV	Boa	30	MP10	37	\N	26	\N	\N	\N
2024-04-27	SP	Boa	28	MP10	35	\N	54	\N	47	\N
2024-04-27	IR	Boa	37	O3	31	13	92	0.5	53	\N
2024-04-27	BG	Boa	34	MP10	42	\N	65	\N	33	\N
2024-04-27	CG	Boa	40	MP10	50	\N	58	\N	49	\N
2024-04-27	PG	Boa	35	O3	\N	\N	87	\N	\N	\N
2024-04-28	CA	Boa	35	MP10	44	\N	85	0.7	\N	\N
2024-04-28	AV	Boa	30	MP10	37	\N	56	\N	\N	\N
2024-04-28	SP	Boa	33	O3	37	\N	82	\N	56	\N
2024-04-28	IR	Boa	38	O3	38	19	95	0.7	82	\N
2024-04-28	BG	Boa	38	O3	45	\N	94	\N	44	\N
2024-04-28	CG	Moderada	42	O3	44	\N	102	\N	56	\N
2024-04-28	PG	Moderada	73	O3	47	\N	125	\N	\N	\N
2024-04-29	CA	Boa	38	MP10	48	\N	61	0.7	\N	\N
2024-04-29	AV	Boa	31	MP10	39	\N	45	\N	\N	\N
2024-04-29	SP	Moderada	43	MP10	53	\N	63	\N	65	\N
2024-04-29	IR	Moderada	77	O3	45	19	128	0.5	47	\N
2024-04-29	BG	Moderada	49	O3	47	\N	107	\N	43	\N
2024-04-29	CG	Moderada	56	O3	51	\N	112	\N	59	\N
2024-04-29	PG	Boa	40	O3	40	\N	100	\N	\N	\N
2024-04-30	CA	Moderada	43	MP10	54	\N	62	0.5	\N	\N
2024-04-30	AV	Boa	33	MP10	41	\N	34	\N	\N	\N
2024-04-30	SP	Moderada	47	MP10	58	\N	68	\N	68	\N
2024-04-30	IR	Boa	38	MP10	48	20	88	0.5	64	\N
2024-04-30	BG	Moderada	72	O3	70	\N	124	\N	79	\N
2024-04-30	CG	Moderada	67	O3	72	\N	120	\N	78	\N
2024-04-30	PG	Ruim	120	O3	65	\N	160	\N	\N	\N
2024-05-01	CA	Boa	40	MP10	50	\N	70	0.6	\N	\N
2024-05-01	AV	Boa	30	MP10	38	\N	37	\N	\N	\N
2024-05-01	SP	Moderada	45	O3	51	\N	104	\N	51	\N
2024-05-01	IR	Moderada	67	O3	47	22	120	0.5	62	\N
2024-05-01	BG	Moderada	43	MP10	53	\N	94	\N	46	\N
2024-05-01	CG	Moderada	56	O3	55	\N	112	\N	65	\N
2024-05-01	PG	Ruim	98	O3	62	\N	144	\N	\N	\N
\.


--
-- Data for Name: _hyper_1_19_chunk; Type: TABLE DATA; Schema: _timescaledb_internal; Owner: postgres
--

COPY _timescaledb_internal._hyper_1_19_chunk (data, codigo_estacao, classificacao, iqar, codigo_poluente, mp10, mp2_5, o3, co, no2, so2) FROM stdin;
2024-05-02	CA	Moderada	48	MP10	60	\N	50	0.9	\N	\N
2024-05-02	AV	Boa	33	MP10	41	\N	40	\N	\N	\N
2024-05-02	SP	Moderada	42	MP10	52	\N	75	\N	72	\N
2024-05-02	IR	Boa	36	MP10	45	19	76	0.6	98	\N
2024-05-02	BG	Moderada	44	MP10	55	\N	82	\N	58	\N
2024-05-02	CG	Moderada	54	MP10	67	\N	74	\N	66	\N
2024-05-02	PG	Moderada	64	O3	68	\N	118	\N	\N	\N
2024-05-03	CA	Boa	38	MP10	47	\N	43	0.5	\N	\N
2024-05-03	AV	Boa	29	MP10	36	\N	28	\N	\N	\N
2024-05-03	SP	Boa	37	MP10	46	\N	48	\N	64	\N
2024-05-03	IR	Boa	32	MP10	40	18	73	0.5	54	\N
2024-05-03	BG	Boa	38	MP10	47	\N	82	\N	34	\N
2024-05-03	CG	Boa	33	MP10	41	\N	81	\N	55	\N
2024-05-03	PG	Boa	36	O3	38	\N	90	\N	\N	\N
2024-05-04	CA	Moderada	44	MP10	55	\N	59	0.8	\N	\N
2024-05-04	AV	Boa	40	MP10	50	\N	31	\N	\N	\N
2024-05-04	SP	Moderada	43	MP10	53	\N	66	\N	61	\N
2024-05-04	IR	Moderada	49	O3	49	22	107	0.8	74	\N
2024-05-04	BG	Ruim	107	O3	61	\N	150	\N	62	\N
2024-05-04	CG	Ruim	104	O3	65	\N	148	\N	71	\N
2024-05-04	PG	Muito ruim	135	O3	68	\N	168	\N	\N	\N
2024-05-05	CA	Boa	31	MP10	39	\N	66	0.5	\N	\N
2024-05-05	AV	Boa	29	MP10	36	\N	31	\N	\N	\N
2024-05-05	SP	Boa	34	MP10	43	\N	85	\N	52	\N
2024-05-05	IR	Ruim	90	O3	38	19	138	0.4	41	\N
2024-05-05	BG	Ruim	90	O3	61	\N	138	\N	57	\N
2024-05-05	CG	Moderada	47	MP10	59	\N	104	\N	60	\N
2024-05-05	PG	Moderada	80	O3	54	\N	130	\N	\N	\N
2024-05-06	CA	Boa	26	MP10	33	\N	34	0.7	\N	\N
2024-05-06	AV	Boa	21	MP10	26	\N	19	\N	\N	\N
2024-05-06	SP	Boa	28	MP10	35	\N	46	\N	59	\N
2024-05-06	IR	Boa	28	O3	30	11	70	0.5	62	\N
2024-05-06	BG	Moderada	42	MP10	52	\N	83	\N	51	\N
2024-05-06	CG	Moderada	50	MP10	62	\N	71	\N	45	\N
2024-05-06	PG	Moderada	45	MP10	56	\N	84	\N	\N	\N
2024-05-07	CA	Moderada	44	MP10	55	\N	28	0.6	\N	\N
2024-05-07	AV	Boa	26	MP10	33	\N	23	\N	\N	\N
2024-05-07	SP	Boa	34	MP10	42	\N	53	\N	63	\N
2024-05-07	IR	Boa	36	MP10	45	19	22	0.5	66	\N
2024-05-07	BG	Boa	38	MP10	48	\N	62	\N	48	\N
2024-05-07	CG	Moderada	44	MP10	55	\N	52	\N	52	\N
2024-05-07	PG	Moderada	44	MP10	55	\N	79	\N	\N	\N
2024-05-08	CA	Moderada	41	MP10	51	\N	41	0.9	\N	\N
2024-05-08	AV	Boa	27	MP10	34	\N	23	\N	\N	\N
2024-05-08	SP	Boa	30	MP10	37	\N	39	\N	64	\N
2024-05-08	IR	Boa	33	MP10	41	15	54	\N	56	\N
2024-05-08	BG	Boa	39	MP10	49	\N	52	\N	47	\N
2024-05-08	CG	Moderada	53	MP10	66	\N	57	\N	50	\N
2024-05-08	PG	Moderada	63	MP10	79	\N	76	\N	\N	\N
\.


--
-- Data for Name: _hyper_1_1_chunk; Type: TABLE DATA; Schema: _timescaledb_internal; Owner: postgres
--

COPY _timescaledb_internal._hyper_1_1_chunk (data, codigo_estacao, classificacao, iqar, codigo_poluente, mp10, mp2_5, o3, co, no2, so2) FROM stdin;
2024-01-01	CA	Moderada	47	MP10	58	\N	33	0.2	\N	\N
2024-01-01	AV	Boa	35	MP10	44	\N	24	\N	\N	\N
2024-01-01	SP	Boa	26	MP10	33	\N	22	\N	35	\N
2024-01-01	IR	Boa	22	MP2,5	26	14	42	0.3	27	\N
2024-01-01	BG	Boa	26	MP10	32	\N	48	\N	35	6
2024-01-01	CG	Boa	32	MP10	40	\N	54	\N	34	9
2024-01-01	PG	Moderada	43	MP10	53	\N	41	\N	\N	\N
2024-01-02	CA	Moderada	47	MP10	58	\N	28	0.3	\N	\N
2024-01-02	AV	Boa	30	MP10	37	\N	26	\N	\N	\N
2024-01-02	SP	Boa	23	MP10	29	\N	28	\N	29	\N
2024-01-02	IR	Boa	16	O3	18	6	40	0.3	21	\N
2024-01-02	BG	Boa	31	O3	26	\N	78	\N	19	3
2024-01-02	CG	Boa	34	O3	26	\N	84	\N	28	12
2024-01-02	PG	Boa	34	O3	33	\N	84	\N	\N	\N
2024-01-03	CA	Boa	30	MP10	38	\N	45	0.4	\N	\N
2024-01-03	AV	Boa	33	MP10	41	\N	26	\N	\N	\N
2024-01-03	SP	Boa	22	MP10	28	\N	35	\N	55	\N
2024-01-03	IR	Moderada	44	O3	29	8	103	0.5	44	\N
2024-01-03	BG	Boa	32	O3	24	\N	79	\N	27	6
2024-01-03	CG	Boa	25	O3	20	\N	62	\N	36	4
2024-01-03	PG	Moderada	46	O3	23	\N	105	\N	\N	\N
\.


--
-- Data for Name: _hyper_1_20_chunk; Type: TABLE DATA; Schema: _timescaledb_internal; Owner: postgres
--

COPY _timescaledb_internal._hyper_1_20_chunk (data, codigo_estacao, classificacao, iqar, codigo_poluente, mp10, mp2_5, o3, co, no2, so2) FROM stdin;
2024-05-09	CA	Moderada	44	MP10	55	\N	78	0.5	\N	\N
2024-05-09	AV	Boa	29	O3	35	\N	72	\N	\N	\N
2024-05-09	SP	Boa	30	MP10	38	\N	49	\N	88	\N
2024-05-09	IR	Moderada	41	MP10	51	23	79	\N	79	\N
2024-05-09	BG	Moderada	43	MP10	53	\N	69	\N	30	\N
2024-05-09	CG	Boa	39	MP10	49	\N	79	\N	60	\N
2024-05-09	PG	Moderada	79	O3	44	\N	129	\N	\N	\N
2024-05-10	CA	Boa	22	O3	\N	\N	54	0.5	\N	\N
2024-05-10	AV	Boa	32	MP10	40	\N	62	\N	\N	\N
2024-05-10	SP	Boa	34	MP10	43	\N	61	\N	67	\N
2024-05-10	IR	Boa	38	MP10	48	14	82	\N	61	\N
2024-05-10	BG	Moderada	43	MP10	53	\N	77	\N	\N	\N
2024-05-10	CG	Boa	37	MP10	46	\N	76	\N	45	\N
2024-05-10	PG	Boa	34	O3	38	\N	86	\N	\N	\N
2024-05-11	CA	Boa	31	O3	\N	\N	78	0.8	\N	\N
2024-05-11	AV	Moderada	41	MP10	51	\N	60	\N	\N	\N
2024-05-11	SP	Moderada	51	MP10	64	\N	87	\N	75	\N
2024-05-11	IR	Moderada	48	MP10	60	23	90	\N	116	\N
2024-05-11	BG	Moderada	56	MP10	70	\N	88	\N	\N	\N
2024-05-11	CG	Moderada	52	MP10	65	\N	86	\N	62	\N
2024-05-11	PG	Ruim	84	O3	84	\N	133	\N	\N	\N
2024-05-12	CA	Moderada	65	O3	63	\N	119	0.5	\N	\N
2024-05-12	AV	Boa	40	MP10	50	\N	99	\N	\N	\N
2024-05-12	SP	Moderada	43	MP10	54	\N	100	\N	85	\N
2024-05-12	IR	Moderada	52	MP2,5	62	33	98	\N	77	\N
2024-05-12	BG	Moderada	66	MP10	83	\N	56	\N	\N	\N
2024-05-12	CG	Moderada	56	MP10	70	\N	98	\N	58	\N
2024-05-12	PG	Ruim	111	O3	78	\N	153	\N	\N	\N
2024-05-13	CA	Moderada	58	MP10	72	\N	79	0.8	\N	\N
2024-05-13	AV	Boa	39	MP10	49	\N	67	\N	\N	\N
2024-05-13	SP	Boa	38	MP10	47	\N	63	\N	74	\N
2024-05-13	IR	Moderada	61	MP2,5	74	38	80	0.6	101	\N
2024-05-13	BG	Moderada	60	MP10	75	\N	90	\N	\N	\N
2024-05-13	CG	Moderada	58	MP10	72	\N	88	\N	74	\N
2024-05-13	PG	Moderada	66	MP10	83	\N	110	\N	\N	\N
2024-05-14	CA	Boa	31	MP10	39	\N	42	0.4	\N	\N
2024-05-14	AV	Boa	23	MP10	29	\N	48	\N	\N	\N
2024-05-14	SP	Boa	27	MP10	34	\N	50	\N	47	\N
2024-05-14	IR	Boa	29	MP10	36	11	62	0.4	67	\N
2024-05-14	BG	Boa	35	MP10	44	\N	68	\N	\N	\N
2024-05-14	CG	Boa	29	MP10	36	\N	65	\N	46	\N
2024-05-14	PG	Boa	30	MP10	38	\N	66	\N	\N	\N
2024-05-15	CA	Boa	14	MP10	17	\N	36	0.4	\N	\N
2024-05-15	AV	Boa	19	MP10	24	\N	28	\N	\N	\N
2024-05-15	SP	Boa	12	O3	14	\N	29	\N	44	\N
2024-05-15	IR	Boa	14	O3	7	2	34	0.4	38	\N
2024-05-15	BG	Boa	14	O3	15	\N	36	\N	\N	\N
2024-05-15	CG	Boa	18	O3	10	\N	45	\N	33	\N
2024-05-15	PG	Boa	26	O3	9	\N	65	\N	\N	\N
\.


--
-- Data for Name: _hyper_1_21_chunk; Type: TABLE DATA; Schema: _timescaledb_internal; Owner: postgres
--

COPY _timescaledb_internal._hyper_1_21_chunk (data, codigo_estacao, classificacao, iqar, codigo_poluente, mp10, mp2_5, o3, co, no2, so2) FROM stdin;
2024-05-16	CA	Boa	25	MP10	31	\N	35	0.3	\N	\N
2024-05-16	AV	Boa	26	MP10	32	\N	32	\N	\N	\N
2024-05-16	SP	Boa	25	MP10	31	\N	28	\N	57	\N
2024-05-16	IR	Boa	20	O3	20	6	51	0.5	61	\N
2024-05-16	BG	Boa	30	MP10	37	\N	39	\N	\N	\N
2024-05-16	CG	Boa	32	MP10	40	\N	65	\N	53	\N
2024-05-16	PG	Boa	29	O3	27	\N	72	\N	\N	\N
2024-05-17	CA	Moderada	52	MP10	65	\N	57	1.2	\N	\N
2024-05-17	AV	Moderada	42	MP10	52	\N	40	\N	\N	\N
2024-05-17	SP	Boa	37	MP10	46	\N	61	\N	133	\N
2024-05-17	IR	Moderada	42	MP10	52	20	80	1.3	119	\N
2024-05-17	BG	Moderada	51	MP10	63	\N	20	\N	61	\N
2024-05-17	CG	Moderada	50	MP10	62	\N	76	\N	64	\N
2024-05-17	PG	Moderada	56	O3	68	\N	112	\N	\N	\N
2024-05-18	CA	Moderada	48	MP10	60	\N	71	0.5	\N	\N
2024-05-18	AV	Boa	40	MP10	50	\N	64	\N	\N	\N
2024-05-18	SP	Boa	38	MP10	47	\N	70	\N	78	\N
2024-05-18	IR	Moderada	47	MP10	59	26	96	1.6	62	\N
2024-05-18	BG	Boa	38	MP10	47	\N	75	\N	41	\N
2024-05-18	CG	Moderada	41	O3	49	\N	101	\N	47	\N
2024-05-18	PG	Moderada	63	O3	49	\N	117	\N	\N	\N
2024-05-19	CA	Moderada	44	MP10	55	\N	60	0.5	\N	\N
2024-05-19	AV	Moderada	42	MP10	52	\N	52	\N	\N	\N
2024-05-19	SP	Boa	38	MP10	48	\N	59	\N	70	\N
2024-05-19	IR	Boa	37	O3	38	14	93	0.4	36	\N
2024-05-19	BG	Boa	34	MP10	42	\N	73	\N	27	\N
2024-05-19	CG	Boa	36	O3	37	\N	90	\N	48	\N
2024-05-19	PG	Boa	36	O3	41	\N	91	\N	\N	\N
2024-05-20	CA	Boa	39	MP10	49	\N	58	0.6	\N	\N
2024-05-20	AV	Boa	39	MP10	49	\N	59	\N	\N	\N
2024-05-20	SP	Moderada	42	MP10	52	\N	70	\N	85	\N
2024-05-20	IR	Boa	38	O3	39	15	95	0.5	54	\N
2024-05-20	BG	Boa	38	MP10	47	\N	71	\N	19	\N
2024-05-20	CG	Boa	30	O3	35	\N	74	\N	44	\N
2024-05-20	PG	Boa	35	O3	41	\N	88	\N	\N	\N
2024-05-21	CA	Boa	23	MP10	29	\N	35	0.3	\N	\N
2024-05-21	AV	Boa	21	MP10	26	\N	33	\N	\N	\N
2024-05-21	SP	Boa	23	MP10	29	\N	27	\N	66	\N
2024-05-21	IR	Boa	20	MP10	25	6	33	0.5	48	\N
2024-05-21	BG	Boa	20	MP10	25	\N	33	\N	40	\N
2024-05-21	CG	Boa	19	MP10	24	\N	44	\N	32	\N
2024-05-21	PG	Boa	20	MP10	25	\N	51	\N	\N	\N
2024-05-22	CA	Boa	30	MP10	37	\N	44	0.3	\N	\N
2024-05-22	AV	Boa	22	MP10	28	\N	41	\N	\N	\N
2024-05-22	SP	Boa	27	MP10	34	\N	29	\N	60	\N
2024-05-22	IR	Boa	27	O3	28	7	68	0.4	57	\N
2024-05-22	BG	Boa	32	O3	39	\N	79	\N	48	\N
2024-05-22	CG	Boa	36	O3	44	\N	89	\N	\N	\N
2024-05-22	PG	Boa	37	MP10	46	\N	93	\N	\N	\N
\.


--
-- Data for Name: _hyper_1_22_chunk; Type: TABLE DATA; Schema: _timescaledb_internal; Owner: postgres
--

COPY _timescaledb_internal._hyper_1_22_chunk (data, codigo_estacao, classificacao, iqar, codigo_poluente, mp10, mp2_5, o3, co, no2, so2) FROM stdin;
2024-05-23	CA	Boa	33	MP10	41	\N	57	0.5	\N	\N
2024-05-23	AV	Boa	24	MP10	30	\N	46	\N	\N	\N
2024-05-23	SP	Boa	28	MP10	35	\N	49	\N	88	\N
2024-05-23	IR	Boa	29	MP10	36	13	70	0.7	90	\N
2024-05-23	BG	Moderada	43	MP10	53	\N	66	\N	67	\N
2024-05-23	CG	Boa	38	MP10	47	\N	68	\N	\N	\N
2024-05-23	PG	Boa	38	MP10	48	\N	88	\N	\N	\N
2024-05-24	CA	Moderada	47	MP10	59	\N	72	0.7	\N	\N
2024-05-24	AV	Boa	31	MP10	39	\N	43	\N	\N	\N
2024-05-24	SP	Boa	33	MP10	41	\N	71	\N	82	\N
2024-05-24	IR	Moderada	43	MP10	53	22	76	0.9	71	\N
2024-05-24	BG	Moderada	42	MP10	52	\N	90	\N	50	\N
2024-05-24	CG	Boa	37	MP10	46	\N	86	\N	\N	\N
2024-05-24	PG	Moderada	49	O3	46	\N	107	\N	\N	\N
2024-05-25	CA	Boa	26	MP10	32	\N	46	0.2	\N	\N
2024-05-25	AV	Boa	22	MP10	27	\N	25	\N	\N	\N
2024-05-25	SP	Boa	27	MP10	34	\N	32	\N	52	\N
2024-05-25	IR	Boa	23	MP10	29	10	42	0.4	43	\N
2024-05-25	BG	Boa	25	MP10	31	\N	51	\N	24	\N
2024-05-25	CG	Boa	21	O3	25	\N	53	\N	\N	\N
2024-05-25	PG	Boa	29	O3	26	\N	72	\N	\N	\N
2024-05-26	CA	Boa	18	O3	15	\N	44	0.2	\N	\N
2024-05-26	AV	Boa	15	O3	18	\N	37	\N	\N	\N
2024-05-26	SP	Boa	16	MP10	20	\N	21	\N	42	\N
2024-05-26	IR	Boa	13	O3	9	4	32	0.5	44	\N
2024-05-26	BG	Boa	16	O3	11	\N	40	\N	38	\N
2024-05-26	CG	Boa	20	O3	9	\N	50	\N	\N	\N
2024-05-26	PG	Boa	28	O3	12	\N	70	\N	\N	\N
2024-05-27	CA	Boa	26	MP10	33	\N	17	0.4	\N	\N
2024-05-27	AV	Boa	25	MP10	31	\N	14	\N	\N	\N
2024-05-27	SP	Boa	27	MP10	34	\N	8	\N	91	\N
2024-05-27	IR	Boa	23	MP10	29	12	10	0.7	69	\N
2024-05-27	BG	Boa	23	MP10	29	\N	21	\N	65	\N
2024-05-27	CG	Boa	20	MP10	25	\N	25	\N	\N	\N
2024-05-27	PG	Boa	19	MP10	24	\N	42	\N	\N	\N
2024-05-28	CA	Boa	27	MP10	34	\N	41	0.5	\N	\N
2024-05-28	AV	Boa	22	MP10	28	\N	41	\N	\N	\N
2024-05-28	SP	Boa	23	MP10	29	\N	48	\N	57	\N
2024-05-28	IR	Boa	30	MP10	37	14	60	0.6	52	\N
2024-05-28	BG	Boa	30	O3	36	\N	74	\N	32	\N
2024-05-28	CG	Boa	30	O3	33	\N	74	\N	\N	\N
2024-05-28	PG	Boa	33	O3	\N	\N	82	\N	\N	\N
2024-05-29	CA	Boa	19	MP10	24	\N	42	0.2	\N	\N
2024-05-29	AV	Boa	18	MP10	22	\N	33	\N	\N	\N
2024-05-29	SP	Boa	23	MP10	29	\N	33	\N	36	\N
2024-05-29	IR	Boa	14	MP10	17	4	36	0.4	34	\N
2024-05-29	BG	Boa	24	O3	22	\N	61	\N	7	\N
2024-05-29	CG	Boa	24	O3	22	\N	61	\N	33	\N
2024-05-29	PG	Boa	30	O3	\N	\N	76	\N	\N	\N
\.


--
-- Data for Name: _hyper_1_23_chunk; Type: TABLE DATA; Schema: _timescaledb_internal; Owner: postgres
--

COPY _timescaledb_internal._hyper_1_23_chunk (data, codigo_estacao, classificacao, iqar, codigo_poluente, mp10, mp2_5, o3, co, no2, so2) FROM stdin;
2024-05-30	CA	Boa	24	O3	23	\N	61	0.1	\N	\N
2024-05-30	AV	Boa	18	MP10	22	\N	44	\N	\N	\N
2024-05-30	SP	Boa	23	MP10	29	\N	49	\N	33	\N
2024-05-30	IR	Boa	22	O3	21	7	56	0.5	43	\N
2024-05-30	BG	Boa	26	O3	23	\N	65	\N	25	\N
2024-05-30	CG	Boa	29	O3	22	\N	72	\N	31	\N
2024-05-30	PG	Boa	30	O3	\N	\N	75	\N	\N	\N
2024-05-31	CA	Boa	28	MP10	35	\N	30	0.4	\N	\N
2024-05-31	AV	Boa	20	MP10	25	\N	31	\N	\N	\N
2024-05-31	SP	Boa	30	MP10	38	\N	22	\N	55	\N
2024-05-31	IR	Boa	21	MP10	26	10	35	0.4	38	\N
2024-05-31	BG	Boa	26	MP10	32	\N	49	\N	32	\N
2024-05-31	CG	Boa	28	MP10	35	\N	58	\N	33	\N
2024-05-31	PG	Boa	26	O3	\N	\N	65	\N	\N	\N
2024-06-01	CA	Boa	23	MP10	29	\N	48	0.2	\N	\N
2024-06-01	AV	Boa	20	MP10	25	\N	40	\N	\N	\N
2024-06-01	SP	Boa	22	MP10	28	\N	36	\N	43	\N
2024-06-01	IR	Boa	25	O3	26	9	62	0.5	39	\N
2024-06-01	BG	Boa	26	MP10	33	\N	64	\N	33	\N
2024-06-01	CG	Boa	29	O3	32	\N	72	\N	34	\N
2024-06-01	PG	Boa	32	O3	\N	\N	79	\N	\N	\N
2024-06-02	CA	Boa	22	O3	25	\N	56	0.3	\N	\N
2024-06-02	AV	Boa	18	MP10	23	\N	35	\N	\N	\N
2024-06-02	SP	Boa	22	MP10	27	\N	40	\N	50	\N
2024-06-02	IR	Boa	26	O3	22	8	64	0.7	53	\N
2024-06-02	BG	Boa	38	O3	42	\N	94	\N	40	\N
2024-06-02	CG	Boa	36	O3	41	\N	91	\N	39	\N
2024-06-02	PG	Boa	32	O3	\N	\N	79	\N	\N	\N
2024-06-03	CA	Boa	30	MP10	37	\N	48	0.6	\N	\N
2024-06-03	AV	Boa	22	MP10	28	\N	32	\N	\N	\N
2024-06-03	SP	Boa	34	MP10	42	\N	34	\N	103	\N
2024-06-03	IR	Moderada	44	O3	54	21	103	1	74	\N
2024-06-03	BG	Moderada	43	MP10	54	\N	68	\N	75	\N
2024-06-03	CG	Moderada	43	MP10	54	\N	57	\N	48	\N
2024-06-03	PG	Boa	31	O3	\N	\N	78	\N	\N	\N
2024-06-04	CA	Moderada	41	MP10	51	\N	58	0.6	\N	\N
2024-06-04	AV	Boa	29	MP10	36	\N	49	\N	\N	\N
2024-06-04	SP	Boa	26	MP10	32	\N	39	\N	54	\N
2024-06-04	IR	Boa	32	MP10	40	16	53	0.8	57	\N
2024-06-04	BG	Boa	26	MP10	32	\N	62	\N	49	\N
2024-06-04	CG	Boa	32	O3	33	\N	80	\N	40	\N
2024-06-04	PG	Boa	30	O3	\N	\N	74	\N	\N	\N
2024-06-05	CA	Boa	22	MP10	28	\N	41	0.5	\N	\N
2024-06-05	AV	Boa	19	MP10	24	\N	35	\N	\N	\N
2024-06-05	SP	Boa	21	MP10	26	\N	20	\N	52	\N
2024-06-05	IR	Boa	16	O3	14	6	41	0.4	43	\N
2024-06-05	BG	Boa	14	MP10	18	\N	35	\N	32	\N
2024-06-05	CG	Boa	21	O3	21	\N	52	\N	38	\N
2024-06-05	PG	Boa	23	O3	\N	\N	58	\N	\N	\N
\.


--
-- Data for Name: _hyper_1_24_chunk; Type: TABLE DATA; Schema: _timescaledb_internal; Owner: postgres
--

COPY _timescaledb_internal._hyper_1_24_chunk (data, codigo_estacao, classificacao, iqar, codigo_poluente, mp10, mp2_5, o3, co, no2, so2) FROM stdin;
2024-06-06	CA	Boa	26	MP10	32	\N	47	0.5	\N	\N
2024-06-06	AV	Boa	20	MP10	25	\N	36	\N	\N	\N
2024-06-06	SP	Boa	26	MP10	33	\N	24	\N	72	\N
2024-06-06	IR	Boa	26	MP10	33	12	49	0.8	63	\N
2024-06-06	BG	Boa	34	MP10	43	\N	72	\N	62	\N
2024-06-06	CG	Boa	32	MP10	40	\N	73	\N	55	\N
2024-06-06	PG	Boa	33	O3	\N	\N	82	\N	\N	\N
2024-06-07	CA	Moderada	43	MP10	54	\N	64	0.7	\N	\N
2024-06-07	AV	Boa	40	MP10	50	\N	45	\N	\N	\N
2024-06-07	SP	Boa	39	MP10	49	\N	36	\N	83	\N
2024-06-07	IR	Moderada	50	MP10	62	24	76	1	73	\N
2024-06-07	BG	Moderada	51	MP10	63	\N	82	\N	99	\N
2024-06-07	CG	Moderada	47	MP10	59	\N	77	\N	63	\N
2024-06-07	PG	Moderada	44	O3	\N	\N	103	\N	\N	\N
2024-06-08	CA	Moderada	47	MP10	58	\N	68	0.9	\N	\N
2024-06-08	AV	Moderada	46	MP10	57	\N	51	\N	\N	\N
2024-06-08	SP	Moderada	46	MP10	57	\N	36	\N	77	\N
2024-06-08	IR	Moderada	56	MP10	70	35	83	1.1	68	\N
2024-06-08	BG	Moderada	52	MP10	65	\N	106	\N	88	\N
2024-06-08	CG	Moderada	48	MP10	60	\N	102	\N	52	\N
2024-06-08	PG	Boa	40	O3	\N	\N	100	\N	\N	\N
2024-06-09	CA	Boa	26	MP10	33	\N	58	1.1	\N	\N
2024-06-09	AV	Boa	21	MP10	26	\N	36	\N	\N	\N
2024-06-09	SP	Boa	36	MP10	45	\N	43	\N	59	\N
2024-06-09	IR	Moderada	43	MP2,5	50	27	63	1.2	67	\N
2024-06-09	BG	Moderada	47	MP10	59	\N	71	\N	50	\N
2024-06-09	CG	Moderada	47	MP10	59	\N	62	\N	43	\N
2024-06-09	PG	Boa	28	O3	\N	\N	70	\N	\N	\N
2024-06-10	CA	Moderada	43	MP10	53	\N	37	1.1	\N	\N
2024-06-10	AV	Boa	31	MP10	39	\N	28	\N	\N	\N
2024-06-10	SP	Boa	30	MP10	37	\N	40	\N	98	\N
2024-06-10	IR	Moderada	49	MP10	61	25	73	1.3	101	\N
2024-06-10	BG	Boa	38	MP10	47	\N	60	\N	39	\N
2024-06-10	CG	Moderada	43	MP10	53	\N	92	\N	55	\N
2024-06-10	PG	Boa	30	O3	\N	\N	76	\N	\N	\N
2024-06-11	CA	Moderada	45	MP10	56	\N	64	0.6	\N	\N
2024-06-11	AV	Boa	37	MP10	46	\N	58	\N	\N	\N
2024-06-11	SP	Boa	39	MP10	49	\N	46	\N	121	\N
2024-06-11	IR	Moderada	55	MP10	68	31	81	1	96	\N
2024-06-11	BG	Moderada	58	MP10	72	\N	92	\N	62	\N
2024-06-11	CG	Ruim	81	O3	87	\N	131	\N	82	\N
2024-06-11	PG	Ruim	96	O3	\N	\N	142	\N	\N	\N
2024-06-12	CA	Moderada	48	MP10	60	\N	54	0.6	\N	\N
2024-06-12	AV	Boa	36	MP10	45	\N	67	\N	\N	\N
2024-06-12	SP	Boa	39	MP10	49	\N	54	\N	103	\N
2024-06-12	IR	Moderada	66	MP10	83	38	99	1.2	84	\N
2024-06-12	BG	Moderada	59	MP10	74	\N	100	\N	68	\N
2024-06-12	CG	Moderada	76	O3	84	\N	127	\N	81	\N
2024-06-12	PG	Boa	24	O3	\N	\N	60	\N	\N	\N
\.


--
-- Data for Name: _hyper_1_25_chunk; Type: TABLE DATA; Schema: _timescaledb_internal; Owner: postgres
--

COPY _timescaledb_internal._hyper_1_25_chunk (data, codigo_estacao, classificacao, iqar, codigo_poluente, mp10, mp2_5, o3, co, no2, so2) FROM stdin;
2024-06-13	CA	Moderada	41	MP10	51	\N	58	0.7	\N	\N
2024-06-13	AV	Boa	32	MP10	40	\N	44	\N	\N	\N
2024-06-13	SP	Boa	38	MP10	47	\N	41	\N	86	\N
2024-06-13	IR	Moderada	62	MP10	77	37	90	0.8	85	\N
2024-06-13	BG	Moderada	54	MP10	67	\N	68	\N	65	\N
2024-06-13	CG	Moderada	59	MP10	73	\N	64	\N	78	\N
2024-06-13	PG	Boa	36	O3	\N	\N	90	\N	\N	\N
2024-06-14	CA	Moderada	43	MP10	53	\N	36	1.3	\N	\N
2024-06-14	AV	Boa	26	MP10	33	\N	28	\N	\N	\N
2024-06-14	SP	Boa	27	MP10	34	\N	34	\N	73	\N
2024-06-14	IR	Moderada	45	MP10	56	22	19	1.1	82	\N
2024-06-14	BG	Moderada	47	MP10	59	\N	48	\N	45	\N
2024-06-14	CG	Moderada	53	MP10	66	\N	63	\N	62	\N
2024-06-14	PG	Boa	33	O3	\N	\N	82	\N	\N	\N
2024-06-15	CA	Moderada	47	MP10	59	\N	42	1.2	\N	\N
2024-06-15	AV	Boa	32	MP10	40	\N	55	\N	\N	\N
2024-06-15	SP	Boa	30	MP10	37	\N	50	\N	78	\N
2024-06-15	IR	Moderada	56	MP10	70	30	\N	1.7	82	\N
2024-06-15	BG	Moderada	49	MP10	61	\N	56	\N	65	\N
2024-06-15	CG	Moderada	42	MP10	52	\N	62	\N	74	\N
2024-06-15	PG	Boa	34	O3	\N	\N	84	\N	\N	\N
2024-06-16	CA	Boa	38	MP10	48	\N	89	0.6	\N	\N
2024-06-16	AV	Boa	29	MP10	36	\N	55	\N	\N	\N
2024-06-16	SP	Boa	26	MP10	33	\N	61	\N	56	\N
2024-06-16	IR	Moderada	46	MP2,5	56	29	\N	1.5	62	\N
2024-06-16	BG	Moderada	42	MP10	52	\N	61	\N	56	\N
2024-06-16	CG	Boa	40	MP10	50	\N	72	\N	65	\N
2024-06-16	PG	Boa	38	O3	\N	\N	96	\N	\N	\N
2024-06-17	CA	Moderada	44	MP10	55	\N	44	0.9	\N	\N
2024-06-17	AV	Boa	25	MP10	31	\N	36	\N	\N	\N
2024-06-17	SP	Boa	30	MP10	37	\N	35	\N	78	\N
2024-06-17	IR	Moderada	44	MP10	55	24	60	1.2	74	\N
2024-06-17	BG	Moderada	51	MP10	64	\N	59	\N	46	\N
2024-06-17	CG	Moderada	48	MP10	60	\N	64	\N	60	\N
2024-06-17	PG	Boa	36	O3	\N	\N	91	\N	\N	\N
2024-06-18	CA	Moderada	44	MP10	55	\N	68	0.8	\N	\N
2024-06-18	AV	Boa	28	MP10	35	\N	53	\N	\N	\N
2024-06-18	SP	Boa	29	MP10	36	\N	47	\N	56	\N
2024-06-18	IR	Moderada	49	MP10	61	25	\N	1.5	96	\N
2024-06-18	BG	Moderada	47	MP10	58	\N	72	\N	57	\N
2024-06-18	CG	Moderada	51	MP10	63	\N	89	\N	60	\N
2024-06-18	PG	Moderada	49	O3	\N	\N	107	\N	\N	\N
2024-06-19	CA	Moderada	49	MP10	61	\N	63	0.6	\N	\N
2024-06-19	AV	Moderada	41	MP10	51	\N	53	\N	\N	\N
2024-06-19	SP	Boa	40	MP10	50	\N	55	\N	\N	\N
2024-06-19	IR	Moderada	55	MP10	69	31	\N	0.7	81	\N
2024-06-19	BG	Moderada	52	MP10	65	\N	69	\N	49	\N
2024-06-19	CG	Moderada	55	MP10	68	\N	86	\N	62	\N
2024-06-19	PG	Boa	37	O3	\N	\N	93	\N	\N	\N
\.


--
-- Data for Name: _hyper_1_26_chunk; Type: TABLE DATA; Schema: _timescaledb_internal; Owner: postgres
--

COPY _timescaledb_internal._hyper_1_26_chunk (data, codigo_estacao, classificacao, iqar, codigo_poluente, mp10, mp2_5, o3, co, no2, so2) FROM stdin;
2024-06-20	CA	Moderada	62	MP10	78	\N	71	0.7	\N	\N
2024-06-20	AV	Moderada	54	MP10	67	\N	64	\N	\N	\N
2024-06-20	SP	Moderada	45	MP10	56	\N	57	\N	120	\N
2024-06-20	IR	Moderada	68	MP10	85	42	\N	1	96	\N
2024-06-20	BG	Boa	17	O3	\N	\N	43	\N	43	\N
2024-06-20	CG	Moderada	54	MP10	67	\N	105	\N	61	\N
2024-06-20	PG	Moderada	60	O3	\N	\N	115	\N	\N	\N
2024-06-21	CA	Moderada	51	MP10	64	\N	65	0.7	\N	\N
2024-06-21	AV	Moderada	49	MP10	61	\N	74	\N	\N	\N
2024-06-21	SP	Moderada	42	MP10	52	\N	\N	\N	\N	\N
2024-06-21	IR	Moderada	67	MP10	84	40	85	1	84	\N
2024-06-21	BG	Moderada	67	MP10	84	\N	82	\N	69	\N
2024-06-21	CG	Moderada	64	MP10	80	\N	114	\N	73	\N
2024-06-21	PG	Moderada	72	O3	\N	\N	124	\N	\N	\N
2024-06-22	CA	Moderada	43	MP10	53	\N	51	0.7	\N	\N
2024-06-22	AV	Boa	38	MP10	48	\N	28	\N	\N	\N
2024-06-22	SP	Moderada	72	MP10	90	\N	31	\N	91	\N
2024-06-22	IR	Moderada	43	MP10	53	26	60	0.6	55	\N
2024-06-22	BG	Moderada	48	MP10	60	\N	57	\N	50	\N
2024-06-22	CG	Moderada	55	MP10	68	\N	75	\N	54	\N
2024-06-22	PG	Boa	34	O3	\N	\N	85	\N	\N	\N
2024-06-23	CA	Boa	31	MP10	39	\N	48	0.6	\N	\N
2024-06-23	AV	Boa	22	MP10	27	\N	33	\N	\N	\N
2024-06-23	SP	Boa	37	MP10	46	\N	41	\N	87	\N
2024-06-23	IR	Boa	30	MP10	38	15	61	0.7	49	\N
2024-06-23	BG	Boa	34	MP10	42	\N	59	\N	38	\N
2024-06-23	CG	Moderada	43	MP10	53	\N	72	\N	56	\N
2024-06-23	PG	Boa	33	O3	\N	\N	82	\N	\N	\N
2024-06-24	CA	Boa	38	MP10	47	\N	58	0.7	\N	\N
2024-06-24	AV	Boa	29	MP10	36	\N	40	\N	\N	\N
2024-06-24	SP	Boa	30	MP10	37	\N	41	\N	95	\N
2024-06-24	IR	Moderada	47	MP10	59	24	58	1.5	62	\N
2024-06-24	BG	Boa	34	MP10	42	\N	58	\N	37	\N
2024-06-24	CG	Boa	40	MP10	50	\N	67	\N	50	\N
2024-06-24	PG	Boa	36	O3	\N	\N	90	\N	\N	\N
2024-06-25	CA	Boa	31	MP10	39	\N	62	0.5	\N	\N
2024-06-25	AV	Boa	28	MP10	35	\N	59	\N	\N	\N
2024-06-25	SP	Boa	31	MP10	39	\N	49	\N	92	\N
2024-06-25	IR	Boa	29	MP10	36	9	73	0.4	43	\N
2024-06-25	BG	Boa	40	MP10	50	\N	58	\N	40	\N
2024-06-25	CG	Boa	32	O3	38	\N	81	\N	37	\N
2024-06-25	PG	Boa	30	O3	\N	\N	75	\N	\N	\N
2024-06-26	CA	Boa	32	MP10	40	\N	69	0.7	\N	\N
2024-06-26	AV	Boa	16	O3	\N	\N	40	\N	\N	\N
2024-06-26	SP	Boa	30	MP10	38	\N	46	\N	105	\N
2024-06-26	IR	Boa	38	O3	43	16	95	1.4	77	\N
2024-06-26	BG	Boa	40	MP10	50	\N	83	\N	44	\N
2024-06-26	CG	Moderada	43	MP10	53	\N	81	\N	68	\N
2024-06-26	PG	Boa	35	O3	\N	\N	87	\N	\N	\N
\.


--
-- Data for Name: _hyper_1_27_chunk; Type: TABLE DATA; Schema: _timescaledb_internal; Owner: postgres
--

COPY _timescaledb_internal._hyper_1_27_chunk (data, codigo_estacao, classificacao, iqar, codigo_poluente, mp10, mp2_5, o3, co, no2, so2) FROM stdin;
2024-06-27	CA	Moderada	43	MP10	53	\N	43	0.6	\N	\N
2024-06-27	AV	Boa	17	O3	\N	\N	43	\N	\N	\N
2024-06-27	SP	Boa	34	MP10	42	\N	43	\N	67	\N
2024-06-27	IR	Boa	34	MP10	42	15	49	0.9	57	\N
2024-06-27	BG	Boa	40	MP10	50	\N	53	\N	43	\N
2024-06-27	CG	Boa	28	MP10	35	\N	61	\N	36	\N
2024-06-27	PG	Boa	30	O3	\N	\N	74	\N	\N	\N
2024-06-28	CA	Moderada	50	MP10	62	\N	43	0.9	\N	\N
2024-06-28	AV	Boa	16	O3	\N	\N	39	\N	\N	\N
2024-06-28	SP	Moderada	48	MP10	60	\N	38	\N	108	\N
2024-06-28	IR	Boa	38	MP10	47	16	83	0.8	84	\N
2024-06-28	BG	Moderada	50	MP10	62	\N	66	\N	55	\N
2024-06-28	CG	Moderada	50	MP10	62	\N	69	\N	54	\N
2024-06-28	PG	Boa	35	O3	\N	\N	87	\N	\N	\N
2024-06-29	CA	Moderada	52	MP10	65	\N	58	0.7	\N	\N
2024-06-29	AV	Boa	18	O3	\N	\N	45	\N	\N	\N
2024-06-29	SP	Moderada	46	MP10	57	\N	45	\N	100	\N
2024-06-29	IR	Moderada	50	MP10	62	28	68	1.2	60	\N
2024-06-29	BG	Moderada	41	MP10	51	\N	61	\N	46	\N
2024-06-29	CG	Boa	32	MP10	40	\N	74	\N	39	\N
2024-06-29	PG	Boa	30	O3	\N	\N	74	\N	\N	\N
2024-06-30	CA	Boa	21	O3	23	\N	52	0.6	\N	\N
2024-06-30	AV	Boa	14	O3	\N	\N	35	\N	\N	\N
2024-06-30	SP	Boa	19	MP10	24	\N	37	\N	37	\N
2024-06-30	IR	Boa	22	O3	10	3	54	0.4	30	\N
2024-06-30	BG	Boa	15	O3	16	\N	38	\N	29	\N
2024-06-30	CG	Boa	23	O3	14	\N	57	\N	29	\N
2024-06-30	PG	Boa	27	O3	\N	\N	67	\N	\N	\N
2024-07-01	CA	Boa	26	MP10	33	\N	17	0.1	\N	\N
2024-07-01	AV	Boa	10	O3	\N	\N	24	\N	\N	\N
2024-07-01	SP	Boa	28	MP10	35	\N	11	\N	81	\N
2024-07-01	IR	Boa	17	MP10	21	9	30	0.8	47	\N
2024-07-01	BG	Boa	24	MP10	30	\N	17	\N	43	\N
2024-07-01	CG	Boa	17	MP10	21	\N	24	\N	40	\N
2024-07-01	PG	Boa	14	O3	\N	\N	36	\N	\N	\N
2024-07-02	CA	Boa	32	MP10	40	\N	47	0.6	\N	\N
2024-07-02	AV	Boa	16	O3	\N	\N	39	\N	\N	\N
2024-07-02	SP	Boa	26	MP10	33	\N	28	\N	66	\N
2024-07-02	IR	Boa	26	MP10	33	13	63	1.1	50	\N
2024-07-02	BG	Boa	36	MP10	45	\N	59	\N	49	\N
2024-07-02	CG	Boa	35	MP10	44	\N	59	\N	54	\N
2024-07-03	CA	Moderada	61	MP10	76	\N	13	1.2	\N	\N
2024-07-03	AV	Boa	15	O3	\N	\N	38	\N	\N	\N
2024-07-03	SP	Boa	38	MP10	48	\N	35	\N	119	\N
2024-07-03	IR	Moderada	47	MP10	59	27	70	1	82	\N
2024-07-03	BG	Boa	37	MP10	46	\N	70	\N	43	\N
2024-07-03	CG	Moderada	45	MP10	56	\N	77	\N	49	\N
2024-07-03	PG	Boa	27	O3	\N	\N	68	\N	\N	\N
\.


--
-- Data for Name: _hyper_1_28_chunk; Type: TABLE DATA; Schema: _timescaledb_internal; Owner: postgres
--

COPY _timescaledb_internal._hyper_1_28_chunk (data, codigo_estacao, classificacao, iqar, codigo_poluente, mp10, mp2_5, o3, co, no2, so2) FROM stdin;
2024-07-04	CA	Moderada	48	MP10	60	\N	28	1.2	\N	\N
2024-07-04	AV	Boa	10	O3	\N	\N	24	\N	\N	\N
2024-07-04	SP	Moderada	43	MP10	54	\N	29	\N	132	\N
2024-07-04	IR	Moderada	45	MP10	56	25	73	0.9	81	\N
2024-07-04	BG	Moderada	48	MP10	60	25	73	0.9	81	\N
2024-07-04	CG	Boa	36	MP10	45	\N	81	\N	47	\N
2024-07-04	PG	Boa	33	O3	\N	\N	83	\N	\N	\N
2024-07-05	CA	Moderada	66	MP10	82	\N	43	1.1	\N	\N
2024-07-05	AV	Boa	26	O3	\N	\N	65	\N	\N	\N
2024-07-05	SP	Moderada	45	MP10	56	\N	38	\N	140	\N
2024-07-05	IR	Moderada	59	MP2,5	73	37	80	1.3	\N	\N
2024-07-05	BG	Moderada	55	MP10	68	\N	64	\N	58	\N
2024-07-05	CG	Moderada	57	MP10	71	\N	83	\N	42	\N
2024-07-05	PG	Boa	39	O3	\N	\N	98	\N	\N	\N
2024-07-06	CA	Moderada	45	MP10	56	\N	41	0.6	\N	\N
2024-07-06	AV	Boa	23	O3	\N	\N	57	\N	\N	\N
2024-07-06	SP	Moderada	45	MP10	56	\N	55	\N	67	\N
2024-07-06	IR	Boa	37	MP2,5	45	23	67	0.6	\N	\N
2024-07-06	BG	Moderada	41	MP10	51	\N	66	\N	43	\N
2024-07-06	CG	Boa	36	O3	40	\N	90	\N	42	\N
2024-07-06	PG	Boa	36	O3	\N	\N	90	\N	\N	\N
2024-07-07	CA	Moderada	47	MP10	58	\N	49	0.5	\N	\N
2024-07-07	AV	Boa	25	O3	\N	\N	62	\N	\N	\N
2024-07-07	SP	Moderada	53	MP10	66	\N	57	\N	80	\N
2024-07-07	IR	Moderada	44	O3	51	27	103	0.7	\N	\N
2024-07-07	BG	Moderada	46	MP10	57	\N	88	\N	44	\N
2024-07-07	CG	Moderada	45	O3	47	\N	104	\N	41	\N
2024-07-07	PG	Moderada	71	O3	\N	\N	123	\N	\N	\N
2024-07-08	CA	Boa	32	MP10	40	\N	38	0.4	\N	\N
2024-07-08	AV	Boa	22	O3	\N	\N	56	\N	\N	\N
2024-07-08	SP	Boa	29	MP10	36	\N	44	\N	53	\N
2024-07-08	IR	Boa	20	O3	23	6	49	0.5	\N	\N
2024-07-08	BG	Boa	22	MP10	28	\N	49	\N	23	\N
2024-07-08	CG	Boa	28	O3	20	\N	71	\N	24	\N
2024-07-09	CA	Boa	23	MP10	29	\N	27	0.5	\N	\N
2024-07-09	AV	Boa	16	O3	\N	\N	39	\N	\N	\N
2024-07-09	SP	Boa	27	MP10	34	\N	29	\N	66	\N
2024-07-09	IR	Boa	14	MP10	18	5	32	0.5	\N	\N
2024-07-09	BG	Boa	19	O3	22	\N	47	\N	32	\N
2024-07-09	CG	Boa	25	O3	15	\N	63	\N	29	\N
2024-07-10	CA	Boa	31	MP10	39	\N	37	0.6	\N	\N
2024-07-10	AV	Boa	15	O3	\N	\N	38	\N	\N	\N
2024-07-10	SP	Boa	39	MP10	49	\N	28	\N	124	\N
2024-07-10	IR	Boa	34	O3	33	16	84	0.6	\N	\N
2024-07-10	BG	Boa	30	MP10	38	\N	61	\N	41	\N
2024-07-10	CG	Boa	28	O3	34	\N	70	\N	32	\N
2024-07-10	PG	Boa	30	O3	\N	\N	74	\N	\N	\N
\.


--
-- Data for Name: _hyper_1_29_chunk; Type: TABLE DATA; Schema: _timescaledb_internal; Owner: postgres
--

COPY _timescaledb_internal._hyper_1_29_chunk (data, codigo_estacao, classificacao, iqar, codigo_poluente, mp10, mp2_5, o3, co, no2, so2) FROM stdin;
2024-07-11	CA	Boa	40	MP10	50	\N	29	0.8	\N	\N
2024-07-11	AV	Boa	14	O3	\N	\N	34	\N	\N	\N
2024-07-11	SP	Boa	34	MP10	42	\N	21	\N	87	\N
2024-07-11	IR	Boa	29	MP10	36	14	28	0.6	\N	\N
2024-07-11	BG	Boa	35	MP10	44	\N	24	\N	45	\N
2024-07-11	CG	Boa	26	MP10	32	\N	53	\N	28	\N
2024-07-11	PG	Boa	26	O3	\N	\N	65	\N	\N	\N
2024-07-12	CA	Boa	28	MP10	35	\N	24	0.5	\N	\N
2024-07-12	AV	Boa	12	O3	\N	\N	31	\N	\N	\N
2024-07-12	SP	Boa	27	MP10	34	\N	29	\N	79	\N
2024-07-12	IR	Boa	23	MP10	29	9	31	0.6	57	\N
2024-07-12	BG	Boa	23	MP10	29	\N	41	\N	34	\N
2024-07-12	CG	Boa	23	O3	24	\N	57	\N	\N	\N
2024-07-12	PG	Boa	25	O3	\N	\N	62	\N	\N	\N
2024-07-13	CA	Boa	17	MP10	21	\N	20	0.5	\N	\N
2024-07-13	AV	Boa	14	O3	\N	\N	35	\N	\N	\N
2024-07-13	SP	Boa	15	MP10	19	\N	28	\N	58	\N
2024-07-13	IR	Boa	10	O3	9	3	25	0.5	42	\N
2024-07-13	BG	Boa	16	O3	15	\N	39	\N	25	\N
2024-07-13	CG	Boa	20	O3	10	\N	49	\N	\N	\N
2024-07-13	PG	Boa	26	O3	\N	\N	65	\N	\N	\N
2024-07-14	CA	Boa	22	MP10	28	\N	51	3	\N	\N
2024-07-14	AV	Boa	22	O3	\N	\N	56	\N	\N	\N
2024-07-14	SP	Boa	23	MP10	29	\N	46	\N	73	\N
2024-07-14	IR	Boa	34	O3	19	10	84	0.5	35	\N
2024-07-14	BG	Boa	24	O3	25	\N	60	\N	25	\N
2024-07-14	CG	Boa	28	O3	20	\N	71	\N	\N	\N
2024-07-14	PG	Boa	27	O3	\N	\N	67	\N	\N	\N
2024-07-15	CA	Boa	23	MP10	29	\N	27	0.4	\N	\N
2024-07-15	AV	Boa	14	O3	\N	\N	34	\N	\N	\N
2024-07-15	SP	Boa	22	MP10	28	\N	33	\N	46	\N
2024-07-15	IR	Boa	17	O3	16	3	42	0.4	45	\N
2024-07-15	BG	Boa	18	MP10	23	\N	45	\N	27	\N
2024-07-15	CG	Boa	26	O3	17	\N	65	\N	46	\N
2024-07-15	PG	Boa	28	O3	\N	\N	70	\N	\N	\N
2024-07-16	CA	Boa	34	MP10	43	\N	39	0.4	\N	\N
2024-07-16	AV	Boa	18	O3	\N	\N	44	\N	\N	\N
2024-07-16	SP	Boa	32	MP10	40	\N	30	\N	80	\N
2024-07-16	IR	Boa	26	O3	30	13	66	0.5	49	\N
2024-07-16	BG	Boa	29	MP10	36	\N	62	\N	37	\N
2024-07-16	CG	Boa	23	O3	28	\N	57	\N	43	\N
2024-07-16	PG	Boa	32	O3	\N	\N	80	\N	\N	\N
2024-07-17	CA	Boa	12	O3	\N	\N	31	0.5	\N	\N
2024-07-17	AV	Boa	17	O3	\N	\N	42	\N	\N	\N
2024-07-17	SP	Boa	30	MP10	38	\N	35	\N	68	\N
2024-07-17	IR	Boa	22	O3	24	6	56	0.4	47	\N
2024-07-17	BG	Boa	31	MP10	39	\N	62	\N	39	\N
2024-07-17	CG	Boa	28	O3	23	\N	70	\N	37	\N
2024-07-17	PG	Boa	31	O3	\N	\N	78	\N	\N	\N
\.


--
-- Data for Name: _hyper_1_2_chunk; Type: TABLE DATA; Schema: _timescaledb_internal; Owner: postgres
--

COPY _timescaledb_internal._hyper_1_2_chunk (data, codigo_estacao, classificacao, iqar, codigo_poluente, mp10, mp2_5, o3, co, no2, so2) FROM stdin;
2024-01-04	CA	Boa	19	MP10	24	\N	36	0.5	\N	\N
2024-01-04	AV	Boa	23	MP10	29	\N	21	\N	\N	\N
2024-01-04	SP	Boa	18	MP10	22	\N	25	\N	75	\N
2024-01-04	IR	Boa	24	O3	16	4	61	0.5	52	\N
2024-01-04	BG	Boa	24	O3	10	\N	59	\N	14	5
2024-01-04	CG	Boa	26	O3	12	\N	65	\N	30	1
2024-01-04	PG	Boa	39	O3	14	\N	97	\N	\N	\N
2024-01-05	CA	Boa	21	MP10	26	\N	45	0.4	\N	\N
2024-01-05	AV	Boa	18	MP10	23	\N	31	\N	\N	\N
2024-01-05	SP	Boa	15	MP10	19	\N	26	\N	30	\N
2024-01-05	IR	Boa	26	O3	\N	3	66	0.4	33	\N
2024-01-05	BG	Boa	24	O3	19	\N	59	\N	10	4
2024-01-05	CG	Boa	23	O3	10	\N	58	\N	22	1
2024-01-05	PG	Boa	36	O3	15	\N	89	\N	\N	\N
2024-01-06	CA	Boa	21	MP10	26	\N	38	0.3	\N	\N
2024-01-06	AV	Boa	22	MP10	28	\N	27	\N	\N	\N
2024-01-06	SP	Boa	17	MP10	21	\N	21	\N	36	\N
2024-01-06	IR	Boa	20	O3	\N	3	50	0.3	27	\N
2024-01-06	BG	Boa	18	O3	17	\N	44	\N	22	3
2024-01-06	CG	Boa	18	O3	12	\N	44	\N	26	2
2024-01-06	PG	Boa	27	O3	18	\N	68	\N	\N	\N
2024-01-07	CA	Boa	24	MP10	30	\N	54	0.3	\N	\N
2024-01-07	AV	Boa	23	MP10	29	\N	31	\N	\N	\N
2024-01-07	SP	Boa	15	MP10	19	\N	34	\N	38	\N
2024-01-07	IR	Boa	38	O3	24	4	95	0.3	25	\N
2024-01-07	BG	Moderada	68	O3	25	\N	121	\N	20	5
2024-01-07	CG	Moderada	50	O3	26	\N	108	\N	3	7
2024-01-07	PG	Boa	37	O3	24	\N	92	\N	\N	\N
2024-01-08	CA	Boa	30	MP10	38	\N	67	0.5	\N	\N
2024-01-08	AV	Boa	31	MP10	39	\N	39	\N	\N	\N
2024-01-08	SP	Boa	29	O3	30	\N	73	\N	55	\N
2024-01-08	IR	Ruim	100	O3	46	13	145	0.7	58	\N
2024-01-08	BG	Moderada	56	O3	34	\N	112	\N	40	14
2024-01-08	CG	Boa	29	MP10	36	\N	44	\N	29	14
2024-01-08	PG	Moderada	65	O3	35	\N	119	\N	\N	\N
2024-01-09	CA	Boa	40	MP10	50	\N	90	0.4	\N	\N
2024-01-09	AV	Moderada	43	MP10	54	\N	44	\N	\N	\N
2024-01-09	SP	Boa	31	MP10	39	\N	64	\N	74	\N
2024-01-09	IR	Moderada	76	O3	\N	15	127	0.6	51	\N
2024-01-09	BG	Moderada	71	O3	31	\N	123	\N	30	4
2024-01-09	CG	Moderada	61	O3	30	\N	116	\N	\N	2
2024-01-09	PG	Moderada	73	O3	\N	\N	125	\N	\N	\N
2024-01-10	CA	Moderada	42	O3	44	\N	102	0.4	\N	\N
2024-01-10	AV	Boa	30	MP10	38	\N	71	\N	\N	\N
2024-01-10	SP	Boa	26	MP10	33	\N	66	\N	72	\N
2024-01-10	IR	Muito ruim	151	O3	39	17	176	0.4	51	\N
2024-01-10	BG	Muito ruim	196	O3	54	\N	198	\N	47	\N
2024-01-10	CG	Ruim	103	O3	49	\N	147	\N	\N	4
2024-01-10	PG	Moderada	77	O3	39	\N	128	\N	\N	\N
\.


--
-- Data for Name: _hyper_1_30_chunk; Type: TABLE DATA; Schema: _timescaledb_internal; Owner: postgres
--

COPY _timescaledb_internal._hyper_1_30_chunk (data, codigo_estacao, classificacao, iqar, codigo_poluente, mp10, mp2_5, o3, co, no2, so2) FROM stdin;
2024-07-18	CA	Moderada	49	MP10	61	\N	38	0.6	\N	\N
2024-07-18	AV	Boa	17	O3	\N	\N	43	\N	\N	\N
2024-07-18	SP	Moderada	53	MP10	66	\N	53	\N	123	\N
2024-07-18	IR	Boa	37	MP10	46	19	67	0.6	53	\N
2024-07-18	BG	Boa	35	MP10	44	\N	71	\N	37	\N
2024-07-18	CG	Boa	36	MP10	45	\N	79	\N	38	\N
2024-07-18	PG	Boa	34	O3	\N	\N	86	\N	\N	\N
2024-07-19	CA	Boa	29	MP10	36	\N	33	0.5	\N	\N
2024-07-19	AV	Boa	16	O3	\N	\N	41	\N	\N	\N
2024-07-19	SP	Boa	28	MP10	35	\N	31	\N	72	\N
2024-07-19	IR	Boa	25	O3	24	7	62	0.5	56	\N
2024-07-19	BG	Boa	29	MP10	36	\N	54	\N	46	\N
2024-07-19	CG	Boa	28	MP10	35	\N	52	\N	41	\N
2024-07-19	PG	Boa	33	O3	\N	\N	82	\N	\N	\N
2024-07-20	CA	Boa	33	MP10	41	\N	51	0.5	\N	\N
2024-07-20	AV	Boa	23	O3	\N	\N	57	\N	\N	\N
2024-07-20	SP	Boa	33	MP10	41	\N	49	\N	80	\N
2024-07-20	IR	Boa	33	MP10	41	20	75	0.8	56	\N
2024-07-20	BG	Moderada	41	MP10	51	\N	72	\N	52	\N
2024-07-20	CG	Boa	38	MP10	48	\N	88	\N	32	\N
2024-07-20	PG	Moderada	44	O3	\N	\N	103	\N	\N	\N
2024-07-21	CA	Boa	27	MP10	34	\N	59	0.4	\N	\N
2024-07-21	AV	Boa	22	O3	\N	\N	56	\N	\N	\N
2024-07-21	SP	Boa	30	MP10	37	\N	56	\N	58	\N
2024-07-21	IR	Boa	34	O3	36	20	85	0.7	49	\N
2024-07-21	BG	Boa	40	MP10	50	\N	83	\N	75	\N
2024-07-21	CG	Moderada	42	MP10	52	\N	94	\N	50	\N
2024-07-21	PG	Boa	38	O3	\N	\N	96	\N	\N	\N
2024-07-22	CA	Moderada	47	MP10	58	\N	45	0.5	\N	\N
2024-07-22	AV	Boa	24	O3	\N	\N	60	\N	\N	\N
2024-07-22	SP	Boa	40	MP10	50	\N	55	\N	112	\N
2024-07-22	IR	Moderada	43	MP2,5	50	27	81	0.9	54	\N
2024-07-22	BG	Boa	35	MP10	44	\N	79	\N	43	\N
2024-07-22	CG	Boa	38	MP10	47	\N	76	\N	40	\N
2024-07-22	PG	Moderada	58	O3	\N	\N	114	\N	\N	\N
2024-07-23	CA	Moderada	47	MP10	59	\N	58	0.4	\N	\N
2024-07-23	AV	Boa	32	O3	\N	\N	81	\N	\N	\N
2024-07-23	SP	Moderada	52	MP10	65	\N	60	\N	91	\N
2024-07-23	IR	Moderada	53	O3	51	28	110	0.7	83	\N
2024-07-23	BG	Moderada	48	MP10	60	\N	95	\N	49	\N
2024-07-23	CG	Boa	36	MP10	45	\N	\N	\N	48	\N
2024-07-23	PG	Moderada	61	O3	\N	\N	116	\N	\N	\N
2024-07-24	CA	Moderada	43	MP10	53	\N	61	0.4	\N	\N
2024-07-24	AV	Boa	31	O3	\N	\N	77	\N	\N	\N
2024-07-24	SP	Moderada	52	MP10	65	\N	53	\N	89	\N
2024-07-24	IR	Moderada	44	MP2,5	52	28	86	0.5	64	\N
2024-07-24	BG	Moderada	50	MP10	62	\N	94	\N	72	\N
2024-07-24	CG	Moderada	51	MP10	64	\N	\N	\N	45	\N
2024-07-24	PG	Ruim	82	O3	\N	\N	132	\N	\N	\N
\.


--
-- Data for Name: _hyper_1_31_chunk; Type: TABLE DATA; Schema: _timescaledb_internal; Owner: postgres
--

COPY _timescaledb_internal._hyper_1_31_chunk (data, codigo_estacao, classificacao, iqar, codigo_poluente, mp10, mp2_5, o3, co, no2, so2) FROM stdin;
2024-07-25	CA	Boa	13	O3	\N	\N	33	0.6	\N	\N
2024-07-25	AV	Boa	23	O3	\N	\N	58	\N	\N	\N
2024-07-25	SP	Moderada	47	MP10	58	\N	50	\N	115	\N
2024-07-25	IR	Moderada	50	MP10	62	29	88	1.2	91	\N
2024-07-25	BG	Moderada	47	MP10	59	\N	81	\N	70	\N
2024-07-25	CG	Moderada	43	MP10	53	\N	73	\N	60	\N
2024-07-25	PG	Moderada	71	O3	\N	\N	123	\N	\N	\N
2024-07-26	CA	Boa	24	O3	\N	\N	59	0.5	\N	\N
2024-07-26	AV	Boa	27	O3	\N	\N	68	\N	\N	\N
2024-07-26	SP	Moderada	55	MP10	69	\N	36	\N	121	\N
2024-07-26	IR	Moderada	57	MP10	71	34	80	0.9	102	\N
2024-07-26	BG	Moderada	52	MP10	65	\N	86	\N	83	\N
2024-07-26	CG	Moderada	55	MP10	69	\N	56	\N	62	\N
2024-07-26	PG	Moderada	68	O3	\N	\N	121	\N	\N	\N
2024-07-27	CA	Moderada	66	MP10	82	\N	74	0.8	\N	\N
2024-07-27	AV	Boa	37	O3	\N	\N	93	\N	\N	\N
2024-07-27	SP	Moderada	57	MP10	71	\N	52	\N	129	\N
2024-07-27	IR	Moderada	70	MP2,5	85	44	109	1.2	107	\N
2024-07-27	BG	Moderada	70	MP10	88	\N	118	\N	85	\N
2024-07-27	CG	Moderada	66	MP10	83	\N	111	\N	49	\N
2024-07-27	PG	Ruim	120	O3	\N	\N	160	\N	\N	\N
2024-07-28	CA	Moderada	65	MP10	81	\N	49	1.2	\N	\N
2024-07-28	AV	Boa	23	O3	\N	\N	58	\N	\N	\N
2024-07-28	SP	Moderada	46	MP10	57	\N	56	\N	92	\N
2024-07-28	IR	Moderada	77	MP2,5	84	48	72	1.4	89	\N
2024-07-28	BG	Moderada	66	MP10	83	\N	90	\N	63	\N
2024-07-28	CG	Moderada	67	MP10	84	\N	108	\N	29	\N
2024-07-28	PG	Moderada	61	O3	\N	\N	116	\N	\N	\N
2024-07-29	CA	Moderada	48	MP10	60	\N	63	0.6	\N	\N
2024-07-29	AV	Boa	33	O3	\N	\N	83	\N	\N	\N
2024-07-29	SP	Moderada	46	MP10	57	\N	70	\N	88	\N
2024-07-29	IR	Boa	39	O3	47	22	98	0.6	65	\N
2024-07-29	BG	Moderada	42	MP10	52	\N	89	\N	29	\N
2024-07-29	CG	Moderada	41	MP10	51	\N	98	\N	34	\N
2024-07-29	PG	Moderada	75	O3	\N	\N	126	\N	\N	\N
2024-07-30	CA	Boa	26	O3	24	\N	64	0.4	\N	\N
2024-07-30	AV	Boa	30	O3	\N	\N	75	\N	\N	\N
2024-07-30	SP	Boa	24	O3	29	\N	61	\N	66	\N
2024-07-30	IR	Boa	23	O3	20	6	57	0.5	52	\N
2024-07-30	BG	Boa	23	O3	22	6	57	0.5	52	\N
2024-07-30	CG	Boa	26	O3	22	\N	65	\N	34	\N
2024-07-30	PG	Boa	36	O3	\N	\N	91	\N	\N	\N
2024-07-31	CA	Boa	26	MP10	33	\N	39	0.3	\N	\N
2024-07-31	AV	Boa	20	O3	\N	\N	50	\N	\N	\N
2024-07-31	SP	Boa	28	MP10	35	\N	34	\N	57	\N
2024-07-31	IR	Boa	21	O3	17	4	53	0.3	39	\N
2024-07-31	BG	Boa	22	MP10	27	\N	51	\N	29	\N
2024-07-31	CG	Boa	22	MP10	28	\N	56	\N	35	\N
2024-07-31	PG	Boa	30	O3	\N	\N	75	\N	\N	\N
\.


--
-- Data for Name: _hyper_1_32_chunk; Type: TABLE DATA; Schema: _timescaledb_internal; Owner: postgres
--

COPY _timescaledb_internal._hyper_1_32_chunk (data, codigo_estacao, classificacao, iqar, codigo_poluente, mp10, mp2_5, o3, co, no2, so2) FROM stdin;
2024-08-01	CA	Boa	28	MP10	35	\N	39	0.3	\N	\N
2024-08-01	AV	Boa	21	O3	\N	\N	53	\N	\N	\N
2024-08-01	SP	Boa	34	MP10	42	\N	37	\N	56	\N
2024-08-01	IR	Boa	25	O3	20	3	62	0.3	33	\N
2024-08-01	BG	Boa	24	O3	28	\N	61	\N	30	\N
2024-08-01	CG	Boa	27	O3	29	\N	68	\N	37	\N
2024-08-01	PG	Boa	34	O3	\N	\N	84	\N	\N	\N
2024-08-02	CA	Boa	27	MP10	34	\N	43	0.3	\N	\N
2024-08-02	AV	Boa	20	O3	\N	\N	49	\N	\N	\N
2024-08-02	SP	Boa	33	MP10	41	\N	39	\N	71	\N
2024-08-02	IR	Boa	27	O3	26	8	67	0.3	50	\N
2024-08-02	BG	Boa	30	MP10	38	\N	68	\N	44	\N
2024-08-02	CG	Boa	36	MP10	45	\N	77	\N	47	\N
2024-08-02	PG	Boa	34	O3	\N	\N	85	\N	\N	\N
2024-08-03	CA	Boa	26	MP10	32	\N	44	0.5	\N	\N
2024-08-03	AV	Boa	18	O3	\N	\N	44	\N	\N	\N
2024-08-03	SP	Boa	32	MP10	40	\N	45	\N	57	\N
2024-08-03	IR	Boa	30	O3	21	7	75	0.4	36	\N
2024-08-03	BG	Boa	29	O3	33	\N	73	\N	32	\N
2024-08-03	CG	Boa	34	O3	39	\N	86	\N	40	\N
2024-08-03	PG	Boa	36	O3	\N	\N	91	\N	\N	\N
2024-08-04	CA	Boa	22	MP10	28	\N	47	0.5	\N	\N
2024-08-04	AV	Boa	12	O3	\N	\N	30	\N	\N	\N
2024-08-04	SP	Boa	27	MP10	34	\N	47	\N	67	\N
2024-08-04	IR	Boa	36	O3	20	8	89	0.5	52	\N
2024-08-04	BG	Boa	26	MP10	32	\N	62	\N	60	\N
2024-08-04	CG	Boa	22	MP10	28	\N	49	\N	49	\N
2024-08-04	PG	Boa	31	O3	\N	\N	77	\N	\N	\N
2024-08-05	CA	Boa	34	MP10	43	\N	42	0.6	\N	\N
2024-08-05	AV	Boa	16	O3	\N	\N	40	\N	\N	\N
2024-08-05	SP	Boa	33	MP10	41	\N	41	\N	98	\N
2024-08-05	IR	Boa	34	O3	37	14	86	0.7	85	\N
2024-08-05	BG	Boa	36	MP10	45	\N	72	\N	67	\N
2024-08-05	CG	Boa	29	MP10	36	\N	47	\N	51	\N
2024-08-05	PG	Boa	18	O3	\N	\N	46	\N	\N	\N
2024-08-06	CA	Moderada	45	MP10	56	\N	43	0.6	\N	\N
2024-08-06	AV	Boa	20	O3	\N	\N	51	\N	\N	\N
2024-08-06	SP	Moderada	45	MP10	56	\N	42	\N	94	\N
2024-08-06	IR	Boa	31	O3	38	16	78	0.7	62	\N
2024-08-06	BG	Boa	39	MP10	49	\N	81	\N	86	\N
2024-08-06	CG	Boa	38	MP10	48	\N	85	\N	62	\N
2024-08-06	PG	Boa	32	O3	\N	\N	80	\N	\N	\N
2024-08-07	CA	Moderada	43	MP10	53	\N	29	0.8	\N	\N
2024-08-07	AV	Boa	15	O3	\N	\N	38	\N	\N	\N
2024-08-07	SP	Boa	31	MP10	39	\N	43	\N	95	\N
2024-08-07	IR	Boa	34	MP10	43	21	43	0.7	95	\N
2024-08-07	BG	Moderada	43	MP10	53	\N	67	\N	77	\N
2024-08-07	CG	Moderada	43	MP10	52	\N	77	\N	65	\N
2024-08-07	PG	Boa	40	O3	\N	\N	99	\N	\N	\N
\.


--
-- Data for Name: _hyper_1_33_chunk; Type: TABLE DATA; Schema: _timescaledb_internal; Owner: postgres
--

COPY _timescaledb_internal._hyper_1_33_chunk (data, codigo_estacao, classificacao, iqar, codigo_poluente, mp10, mp2_5, o3, co, no2, so2) FROM stdin;
2024-08-08	CA	Moderada	47	MP10	58	\N	38	0.8	\N	\N
2024-08-08	AV	Boa	15	O3	\N	\N	38	\N	\N	\N
2024-08-08	SP	Moderada	43	MP10	53	\N	41	\N	94	\N
2024-08-08	IR	Moderada	43	MP10	54	22	57	0.6	84	\N
2024-08-08	BG	Moderada	53	MP10	66	\N	69	\N	53	\N
2024-08-08	CG	Moderada	43	MP10	53	\N	88	\N	47	\N
2024-08-08	PG	Boa	39	O3	\N	\N	97	\N	\N	\N
2024-08-09	CA	Moderada	49	MP10	61	\N	48	0.6	\N	\N
2024-08-09	AV	Boa	22	O3	\N	\N	55	\N	\N	\N
2024-08-09	SP	Moderada	49	MP10	61	\N	50	\N	89	\N
2024-08-09	IR	Boa	35	O3	42	14	87	0.5	49	\N
2024-08-09	BG	Boa	38	MP10	48	\N	79	\N	22	\N
2024-08-09	CG	Boa	54	MP10	47	\N	11	\N	33	\N
2024-08-09	PG	Boa	40	O3	\N	\N	99	\N	\N	\N
2024-08-10	CA	Boa	16	O3	17	\N	41	0.3	\N	\N
2024-08-10	AV	Boa	17	O3	\N	\N	42	\N	\N	\N
2024-08-10	SP	Boa	20	MP10	25	\N	38	\N	65	\N
2024-08-10	IR	Boa	16	O3	10	4	41	0.6	47	\N
2024-08-10	BG	Boa	24	O3	14	\N	60	\N	29	\N
2024-08-10	CG	Boa	26	O3	12	\N	66	\N	42	\N
2024-08-10	PG	Boa	30	O3	\N	\N	76	\N	\N	\N
2024-08-11	CA	Boa	22	MP10	28	\N	54	0.3	\N	\N
2024-08-11	AV	Boa	19	O3	\N	\N	47	\N	\N	\N
2024-08-11	SP	Boa	22	MP10	28	\N	43	\N	54	\N
2024-08-11	IR	Boa	27	O3	22	9	67	0.6	58	\N
2024-08-11	BG	Boa	30	MP10	38	\N	68	\N	39	\N
2024-08-11	CG	Boa	30	O3	31	\N	76	\N	53	\N
2024-08-11	PG	Boa	34	O3	\N	\N	84	\N	\N	\N
2024-08-12	CA	Boa	33	MP10	41	\N	52	0.7	\N	\N
2024-08-12	AV	Boa	20	O3	\N	\N	51	\N	\N	\N
2024-08-12	SP	Boa	33	MP10	41	\N	54	\N	92	\N
2024-08-12	IR	Boa	34	MP10	42	17	61	1.2	57	\N
2024-08-12	BG	Boa	32	O3	34	\N	79	\N	26	\N
2024-08-12	CG	Boa	34	O3	32	\N	85	\N	37	\N
2024-08-12	PG	Boa	35	O3	\N	\N	88	\N	\N	\N
2024-08-13	CA	Boa	30	MP10	38	\N	39	0.3	\N	\N
2024-08-13	AV	Boa	22	O3	\N	\N	55	\N	\N	\N
2024-08-13	SP	Boa	26	MP10	33	\N	41	\N	69	\N
2024-08-13	IR	Boa	39	MP10	49	14	60	0.5	61	\N
2024-08-13	BG	Boa	31	O3	38	\N	77	\N	31	\N
2024-08-13	CG	Boa	32	O3	38	\N	80	\N	44	\N
2024-08-13	PG	Boa	34	O3	\N	\N	85	\N	\N	\N
2024-08-14	CA	Moderada	41	MP10	51	\N	48	0.4	\N	\N
2024-08-14	AV	Boa	19	O3	\N	\N	47	\N	\N	\N
2024-08-14	SP	Boa	37	MP10	46	\N	39	\N	80	\N
2024-08-14	IR	Moderada	41	MP10	51	20	74	0.7	74	\N
2024-08-14	BG	Moderada	41	MP10	51	\N	91	\N	71	\N
2024-08-14	CG	Moderada	46	MP10	57	\N	102	\N	58	\N
2024-08-14	PG	Boa	38	O3	\N	\N	96	\N	\N	\N
\.


--
-- Data for Name: _hyper_1_34_chunk; Type: TABLE DATA; Schema: _timescaledb_internal; Owner: postgres
--

COPY _timescaledb_internal._hyper_1_34_chunk (data, codigo_estacao, classificacao, iqar, codigo_poluente, mp10, mp2_5, o3, co, no2, so2) FROM stdin;
2024-08-15	CA	Moderada	43	MP10	54	\N	25	0.6	\N	\N
2024-08-15	AV	Boa	21	O3	\N	\N	53	\N	\N	\N
2024-08-15	SP	Moderada	51	MP10	64	\N	35	\N	101	\N
2024-08-15	IR	Moderada	43	MP10	54	19	92	0.6	99	\N
2024-08-15	BG	Moderada	54	MP10	65	\N	100	\N	54	\N
2024-08-15	CG	Moderada	67	O3	58	\N	120	\N	45	\N
2024-08-15	PG	Moderada	49	O3	\N	\N	107	\N	\N	\N
2024-08-16	CA	Moderada	55	MP10	68	\N	37	0.9	\N	\N
2024-08-16	AV	Boa	16	O3	\N	\N	40	\N	\N	\N
2024-08-16	SP	Moderada	59	MP10	74	\N	37	\N	135	\N
2024-08-16	IR	Moderada	59	MP10	73	31	99	0.9	102	\N
2024-08-16	BG	Ruim	85	O3	82	\N	134	\N	71	\N
2024-08-16	CG	Ruim	86	O3	75	\N	135	\N	50	\N
2024-08-16	PG	Moderada	57	O3	\N	\N	113	\N	\N	\N
2024-08-17	CA	Moderada	75	MP10	94	\N	48	1	\N	\N
2024-08-17	AV	Boa	23	O3	\N	\N	57	\N	\N	\N
2024-08-17	SP	Moderada	67	MP10	84	\N	69	\N	132	\N
2024-08-17	IR	Moderada	75	O3	83	42	126	1.5	130	\N
2024-08-17	BG	Ruim	94	O3	84	\N	141	\N	76	\N
2024-08-17	CG	Muito ruim	143	O3	91	\N	172	\N	83	\N
2024-08-17	PG	Muito ruim	174	O3	\N	\N	187	\N	\N	\N
2024-08-18	CA	Moderada	68	MP10	85	\N	71	0.9	\N	\N
2024-08-18	AV	Boa	30	O3	\N	\N	76	\N	\N	\N
2024-08-18	SP	Moderada	56	MP10	70	\N	85	\N	107	\N
2024-08-18	IR	Ruim	96	O3	90	57	142	1.8	96	\N
2024-08-18	BG	Muito ruim	141	O3	86	\N	171	\N	97	\N
2024-08-18	CG	Muito ruim	157	O3	87	\N	179	\N	65	\N
2024-08-18	PG	Muito ruim	170	O3	\N	\N	185	\N	\N	\N
2024-08-19	CA	Moderada	47	MP10	58	\N	50	0.7	\N	\N
2024-08-19	AV	Boa	22	O3	\N	\N	55	\N	\N	\N
2024-08-19	SP	Moderada	46	MP10	56	\N	43	\N	113	\N
2024-08-19	IR	Moderada	45	MP10	55	25	97	0.6	104	\N
2024-08-19	BG	Moderada	58	MP10	72	\N	102	\N	103	\N
2024-08-19	CG	Moderada	64	MP10	80	\N	103	\N	84	\N
2024-08-19	PG	Ruim	84	O3	\N	\N	133	\N	\N	\N
2024-08-20	CA	Moderada	59	MP10	74	\N	63	0.7	\N	\N
2024-08-20	AV	Boa	34	O3	\N	\N	85	\N	\N	\N
2024-08-20	SP	Moderada	51	MP10	64	\N	73	\N	137	\N
2024-08-20	IR	Moderada	52	MP10	65	32	109	1	74	\N
2024-08-20	BG	Moderada	53	MP10	66	\N	100	\N	52	\N
2024-08-20	CG	Ruim	81	O3	67	\N	131	\N	62	\N
2024-08-20	PG	Ruim	84	O3	\N	\N	133	\N	\N	\N
2024-08-21	CA	Moderada	47	MP10	59	\N	78	0.5	\N	\N
2024-08-21	AV	Boa	37	O3	\N	\N	93	\N	\N	\N
2024-08-21	SP	Moderada	49	MP10	61	\N	69	\N	73	\N
2024-08-21	IR	Moderada	57	O3	\N	23	113	0.5	61	\N
2024-08-21	BG	Moderada	50	O3	62	\N	108	\N	40	\N
2024-08-21	CG	Ruim	89	O3	57	\N	137	\N	43	\N
2024-08-21	PG	Moderada	77	O3	\N	\N	128	\N	\N	\N
\.


--
-- Data for Name: _hyper_1_35_chunk; Type: TABLE DATA; Schema: _timescaledb_internal; Owner: postgres
--

COPY _timescaledb_internal._hyper_1_35_chunk (data, codigo_estacao, classificacao, iqar, codigo_poluente, mp10, mp2_5, o3, co, no2, so2) FROM stdin;
2024-08-22	CA	Moderada	55	MP10	68	\N	57	1	\N	\N
2024-08-22	AV	Boa	23	O3	\N	\N	58	\N	\N	\N
2024-08-22	SP	Moderada	53	MP10	66	\N	59	\N	122	\N
2024-08-22	IR	Moderada	61	O3	59	30	116	0.5	114	\N
2024-08-22	BG	Moderada	69	O3	59	\N	122	\N	89	\N
2024-08-22	CG	Moderada	64	O3	72	\N	118	\N	75	\N
2024-08-22	PG	Ruim	84	O3	\N	\N	133	\N	\N	\N
2024-08-23	CA	Moderada	53	MP10	66	\N	54	1.2	\N	\N
2024-08-23	AV	Boa	20	O3	\N	\N	49	\N	\N	\N
2024-08-23	SP	Moderada	46	MP10	57	\N	59	\N	113	\N
2024-08-23	IR	Moderada	46	MP10	57	23	97	0.8	116	\N
2024-08-23	BG	Moderada	55	MP10	68	\N	96	\N	84	\N
2024-08-23	CG	Moderada	53	MP10	66	\N	109	\N	79	\N
2024-08-23	PG	Ruim	89	O3	\N	\N	137	\N	\N	\N
2024-08-24	CA	Moderada	43	MP10	53	\N	64	0.5	\N	\N
2024-08-24	AV	Boa	33	O3	\N	\N	82	\N	\N	\N
2024-08-24	SP	Moderada	72	MP10	90	\N	63	\N	87	\N
2024-08-24	IR	Boa	35	O3	42	17	87	0.5	34	\N
2024-08-24	BG	Boa	37	MP10	46	\N	82	\N	17	\N
2024-08-24	CG	Boa	39	O3	43	\N	98	\N	30	\N
2024-08-24	PG	Boa	38	O3	\N	\N	96	\N	\N	\N
2024-08-25	CA	Boa	20	O3	18	\N	49	0.3	\N	\N
2024-08-25	AV	Boa	18	O3	\N	\N	46	\N	\N	\N
2024-08-25	SP	Boa	18	MP10	22	\N	41	\N	30	\N
2024-08-25	IR	Boa	19	O3	7	4	47	0.4	28	\N
2024-08-25	BG	Boa	20	O3	14	\N	50	\N	10	\N
2024-08-25	CG	Boa	25	O3	12	\N	62	\N	25	\N
2024-08-25	PG	Boa	29	O3	\N	\N	73	\N	\N	\N
2024-08-26	CA	Boa	20	MP10	25	\N	45	0.3	\N	\N
2024-08-26	AV	Boa	19	O3	\N	\N	47	\N	\N	\N
2024-08-26	SP	Boa	21	MP10	26	\N	39	\N	65	\N
2024-08-26	IR	Boa	15	MP10	19	6	38	0.4	49	\N
2024-08-26	BG	Boa	20	O3	18	\N	49	\N	38	\N
2024-08-26	CG	Boa	24	O3	20	\N	59	\N	41	\N
2024-08-26	PG	Boa	30	O3	\N	\N	75	\N	\N	\N
2024-08-27	CA	Boa	24	MP10	30	\N	52	0.3	\N	\N
2024-08-27	AV	Boa	24	O3	\N	\N	60	\N	\N	\N
2024-08-27	SP	Boa	18	MP10	22	\N	45	\N	53	\N
2024-08-27	IR	Boa	28	O3	21	9	69	0.4	48	\N
2024-08-27	BG	Boa	30	O3	28	\N	75	\N	38	\N
2024-08-27	CG	Boa	36	O3	23	\N	90	\N	44	\N
2024-08-27	PG	Boa	34	O3	\N	\N	85	\N	\N	\N
2024-08-28	CA	Boa	27	MP10	34	\N	56	0.3	\N	\N
2024-08-28	AV	Boa	24	O3	\N	\N	59	\N	\N	\N
2024-08-28	SP	Boa	26	MP10	33	\N	45	\N	64	\N
2024-08-28	IR	Boa	29	O3	26	9	73	0.5	46	\N
2024-08-28	BG	Boa	32	O3	31	\N	79	\N	59	\N
2024-08-28	CG	Boa	39	O3	36	\N	97	\N	51	\N
2024-08-28	PG	Boa	26	O3	\N	\N	66	\N	\N	\N
\.


--
-- Data for Name: _hyper_1_36_chunk; Type: TABLE DATA; Schema: _timescaledb_internal; Owner: postgres
--

COPY _timescaledb_internal._hyper_1_36_chunk (data, codigo_estacao, classificacao, iqar, codigo_poluente, mp10, mp2_5, o3, co, no2, so2) FROM stdin;
2024-08-29	CA	Boa	26	MP10	32	\N	52	0.4	\N	\N
2024-08-29	AV	Boa	20	O3	\N	\N	50	\N	\N	\N
2024-08-29	SP	Boa	30	MP10	38	\N	48	\N	72	\N
2024-08-29	IR	Boa	34	O3	31	15	86	0.6	54	\N
2024-08-29	BG	Boa	39	O3	40	\N	98	\N	47	\N
2024-08-29	CG	Moderada	58	O3	44	\N	114	\N	57	\N
2024-08-29	PG	Moderada	45	O3	\N	\N	104	\N	\N	\N
2024-08-30	CA	Boa	32	MP10	40	\N	52	0.7	\N	\N
2024-08-30	AV	Boa	28	O3	\N	\N	70	\N	\N	\N
2024-08-30	SP	Boa	40	MP10	50	\N	50	\N	117	\N
2024-08-30	IR	Boa	39	O3	41	18	98	0.9	75	\N
2024-08-30	BG	Moderada	43	MP10	54	\N	93	\N	86	\N
2024-08-30	CG	Moderada	58	O3	56	\N	114	\N	60	\N
2024-08-30	PG	Moderada	76	O3	\N	\N	127	\N	\N	\N
2024-08-31	CA	Moderada	52	MP10	65	\N	64	0.7	\N	\N
2024-08-31	AV	Boa	28	O3	\N	\N	71	\N	\N	\N
2024-08-31	SP	Moderada	52	MP10	65	\N	56	\N	136	\N
2024-08-31	IR	Moderada	49	MP2,5	53	31	96	0.9	69	\N
2024-08-31	BG	Moderada	49	MP10	61	\N	84	\N	40	\N
2024-08-31	CG	Moderada	50	MP10	62	\N	100	\N	59	\N
2024-08-31	PG	Boa	39	O3	\N	\N	97	\N	\N	\N
2024-09-01	CA	Boa	38	MP10	47	\N	56	0.8	\N	\N
2024-09-01	AV	Boa	20	O3	\N	\N	50	\N	\N	\N
2024-09-01	SP	Moderada	45	MP10	56	\N	64	\N	88	\N
2024-09-01	IR	Moderada	72	O3	39	23	124	0.8	83	\N
2024-09-01	BG	Ruim	103	O3	57	\N	147	\N	81	\N
2024-09-01	CG	Ruim	113	O3	62	\N	155	\N	67	\N
2024-09-01	PG	Moderada	53	O3	\N	\N	110	\N	\N	\N
2024-09-02	CA	Moderada	48	MP10	60	\N	41	0.6	\N	\N
2024-09-02	AV	Boa	24	O3	\N	\N	59	\N	\N	\N
2024-09-02	SP	Moderada	48	MP10	60	\N	66	\N	75	\N
2024-09-02	IR	Boa	38	MP10	47	23	71	0.6	45	\N
2024-09-02	BG	Moderada	47	MP10	59	\N	90	\N	61	\N
2024-09-02	CG	Moderada	50	MP10	62	\N	103	\N	56	\N
2024-09-02	PG	Moderada	46	O3	\N	\N	105	\N	\N	\N
2024-09-03	CA	Boa	38	MP10	48	\N	30	0.4	\N	\N
2024-09-03	AV	Boa	23	O3	\N	\N	57	\N	\N	\N
2024-09-03	SP	Moderada	42	MP10	52	\N	40	\N	70	\N
2024-09-03	IR	Boa	34	MP10	42	15	69	0.6	70	\N
2024-09-03	BG	Moderada	47	MP10	58	\N	64	\N	52	\N
2024-09-03	CG	Moderada	47	MP10	58	\N	80	\N	52	\N
2024-09-03	PG	Boa	30	O3	\N	\N	76	\N	\N	\N
2024-09-04	CA	Moderada	47	MP10	59	\N	26	0.5	\N	\N
2024-09-04	AV	Boa	22	O3	\N	\N	56	\N	\N	\N
2024-09-04	SP	Moderada	55	MP10	68	\N	47	\N	93	\N
2024-09-04	IR	Boa	37	MP10	46	21	86	0.6	65	\N
2024-09-04	BG	Moderada	57	O3	61	\N	113	\N	82	\N
2024-09-04	CG	Moderada	59	MP10	74	\N	110	\N	58	\N
2024-09-04	PG	Moderada	41	O3	\N	\N	101	\N	\N	\N
\.


--
-- Data for Name: _hyper_1_37_chunk; Type: TABLE DATA; Schema: _timescaledb_internal; Owner: postgres
--

COPY _timescaledb_internal._hyper_1_37_chunk (data, codigo_estacao, classificacao, iqar, codigo_poluente, mp10, mp2_5, o3, co, no2, so2) FROM stdin;
2024-09-05	CA	Moderada	48	MP10	60	\N	34	0.6	\N	\N
2024-09-05	AV	Boa	24	O3	\N	\N	61	\N	\N	\N
2024-09-05	SP	Moderada	59	MP10	73	\N	69	\N	104	\N
2024-09-05	IR	Moderada	46	MP2,5	57	29	82	0.6	62	\N
2024-09-05	BG	Moderada	51	MP10	63	\N	92	\N	47	\N
2024-09-05	CG	Moderada	56	MP10	70	\N	110	\N	37	\N
2024-09-05	PG	Moderada	60	O3	\N	\N	115	\N	\N	\N
2024-09-06	CA	Boa	34	MP10	42	\N	33	0.6	\N	\N
2024-09-06	AV	Boa	26	O3	\N	\N	64	\N	\N	\N
2024-09-06	SP	Boa	34	MP10	43	\N	51	\N	89	\N
2024-09-06	IR	Boa	24	O3	25	12	59	0.5	64	\N
2024-09-06	BG	Boa	28	O3	26	\N	70	\N	52	\N
2024-09-06	CG	Boa	33	O3	25	\N	83	\N	41	\N
2024-09-06	PG	Boa	31	O3	\N	\N	78	\N	\N	\N
2024-09-07	CA	Moderada	51	MP10	64	\N	29	0.8	\N	\N
2024-09-07	AV	Boa	24	O3	\N	\N	61	\N	\N	\N
2024-09-07	SP	Moderada	54	MP10	67	\N	41	\N	81	\N
2024-09-07	IR	Moderada	54	MP2,5	57	34	96	0.9	83	\N
2024-09-07	BG	Moderada	51	MP10	64	\N	96	\N	54	\N
2024-09-07	CG	Moderada	50	MP10	62	\N	97	\N	44	\N
2024-09-07	PG	Boa	38	O3	\N	\N	96	\N	\N	\N
2024-09-08	CA	Moderada	49	MP10	61	\N	29	0.6	\N	\N
2024-09-08	AV	Boa	18	O3	\N	\N	46	\N	\N	\N
2024-09-08	SP	Moderada	58	MP10	72	\N	50	\N	86	\N
2024-09-08	IR	Moderada	54	MP2,5	58	34	99	0.8	65	\N
2024-09-08	BG	Moderada	61	MP10	76	\N	112	\N	68	\N
2024-09-08	CG	Moderada	75	O3	76	\N	126	\N	48	\N
2024-09-08	PG	Moderada	42	O3	\N	\N	102	\N	\N	\N
2024-09-09	CA	Boa	40	MP10	50	\N	30	0.6	\N	\N
2024-09-09	AV	Boa	22	O3	\N	\N	54	\N	\N	\N
2024-09-09	SP	Moderada	46	MP10	57	\N	54	\N	93	\N
2024-09-09	IR	Moderada	45	O3	50	23	104	0.6	66	\N
2024-09-09	BG	Moderada	67	O3	65	\N	120	\N	65	\N
2024-09-09	CG	Ruim	86	O3	63	\N	135	\N	46	\N
2024-09-09	PG	Moderada	76	O3	\N	\N	127	\N	\N	\N
2024-09-10	CA	Moderada	47	MP10	58	\N	37	0.8	\N	\N
2024-09-10	AV	Boa	26	O3	\N	\N	64	\N	\N	\N
2024-09-10	SP	Moderada	57	MP10	71	\N	33	\N	149	\N
2024-09-10	IR	Moderada	76	O3	55	31	127	1.5	97	\N
2024-09-10	BG	Ruim	85	O3	70	\N	134	\N	95	\N
2024-09-10	CG	Moderada	59	MP10	73	\N	93	\N	61	\N
2024-09-10	PG	Moderada	56	O3	\N	\N	112	\N	\N	\N
2024-09-11	CA	Moderada	66	MP10	82	\N	44	1.1	\N	\N
2024-09-11	AV	Boa	32	O3	\N	\N	79	\N	\N	\N
2024-09-11	SP	Boa	27	O3	\N	\N	68	\N	133	\N
2024-09-11	IR	Moderada	73	O3	77	40	125	1.2	88	\N
2024-09-11	BG	Ruim	88	O3	74	\N	136	\N	131	\N
2024-09-11	CG	Moderada	74	MP10	92	\N	116	\N	88	\N
2024-09-11	PG	Muito ruim	123	O3	\N	\N	162	\N	\N	\N
\.


--
-- Data for Name: _hyper_1_38_chunk; Type: TABLE DATA; Schema: _timescaledb_internal; Owner: postgres
--

COPY _timescaledb_internal._hyper_1_38_chunk (data, codigo_estacao, classificacao, iqar, codigo_poluente, mp10, mp2_5, o3, co, no2, so2) FROM stdin;
2024-09-12	CA	Moderada	60	MP10	75	\N	44	0.7	\N	\N
2024-09-12	AV	Boa	30	O3	\N	\N	75	\N	\N	\N
2024-09-12	SP	Moderada	54	MP10	67	\N	86	\N	154	\N
2024-09-12	IR	Moderada	80	O3	69	37	130	0.9	92	\N
2024-09-12	BG	Moderada	75	O3	69	\N	126	\N	109	\N
2024-09-12	CG	Moderada	66	MP10	83	\N	114	\N	93	\N
2024-09-12	PG	Boa	33	O3	\N	\N	83	\N	\N	\N
2024-09-13	CA	Moderada	57	MP10	71	\N	45	0.3	\N	\N
2024-09-13	AV	Boa	32	O3	\N	\N	81	\N	\N	\N
2024-09-13	SP	Moderada	62	MP10	77	\N	84	\N	127	\N
2024-09-13	IR	Moderada	65	MP2,5	76	41	109	0.8	111	\N
2024-09-13	BG	Moderada	62	MP10	77	\N	114	\N	62	\N
2024-09-13	CG	Moderada	68	MP10	85	\N	106	\N	57	\N
2024-09-13	PG	Moderada	61	O3	\N	\N	116	\N	\N	\N
2024-09-14	CA	Moderada	59	MP10	73	\N	45	0.6	\N	\N
2024-09-14	AV	Boa	32	O3	\N	\N	79	\N	\N	\N
2024-09-14	SP	Moderada	65	MP10	81	\N	86	\N	114	\N
2024-09-14	IR	Moderada	59	MP2,5	71	37	102	0.8	88	\N
2024-09-14	BG	Moderada	64	MP10	80	\N	103	\N	38	\N
2024-09-14	CG	Moderada	64	O3	76	\N	118	\N	63	\N
2024-09-14	PG	Moderada	58	O3	\N	\N	114	\N	\N	\N
2024-09-15	CA	Moderada	47	MP10	59	\N	39	0.7	\N	\N
2024-09-15	AV	Boa	36	O3	\N	\N	90	\N	\N	\N
2024-09-15	SP	Moderada	51	MP10	63	\N	77	\N	86	\N
2024-09-15	IR	Moderada	56	MP2,5	50	35	93	0.7	65	\N
2024-09-15	BG	Moderada	43	MP10	54	\N	90	\N	24	\N
2024-09-15	CG	Moderada	46	O3	57	\N	105	\N	53	\N
2024-09-15	PG	Moderada	48	O3	\N	\N	106	\N	\N	\N
2024-09-16	CA	Moderada	43	MP10	54	\N	32	0.6	\N	\N
2024-09-16	AV	Boa	26	O3	\N	\N	64	\N	\N	\N
2024-09-16	SP	Moderada	49	MP10	61	\N	56	\N	103	\N
2024-09-16	IR	Moderada	41	MP2,5	48	26	75	0.6	69	\N
2024-09-16	BG	Moderada	42	MP10	52	\N	78	\N	38	\N
2024-09-16	CG	Moderada	41	MP10	51	\N	88	\N	43	\N
2024-09-16	PG	Boa	37	O3	\N	\N	93	\N	\N	\N
2024-09-17	CA	Boa	19	MP10	24	\N	34	0.8	\N	\N
2024-09-17	AV	Boa	28	O3	\N	\N	71	\N	\N	\N
2024-09-17	SP	Boa	22	NO2	25	\N	50	\N	108	\N
2024-09-17	IR	Boa	24	O3	11	4	61	0.5	84	\N
2024-09-17	BG	Boa	26	O3	15	\N	65	\N	41	\N
2024-09-17	CG	Boa	32	O3	15	\N	79	\N	46	\N
2024-09-17	PG	Moderada	41	O3	\N	\N	101	\N	\N	\N
2024-09-18	CA	Boa	22	MP10	28	\N	29	0.7	\N	\N
2024-09-18	AV	Boa	23	O3	\N	\N	57	\N	\N	\N
2024-09-18	SP	Boa	28	MP10	35	\N	41	\N	106	\N
2024-09-18	IR	Boa	29	O3	20	7	72	0.3	38	\N
2024-09-18	BG	Boa	31	O3	24	\N	78	\N	26	\N
2024-09-18	CG	Boa	34	O3	34	\N	85	\N	32	\N
2024-09-18	PG	Boa	36	O3	\N	\N	90	\N	\N	\N
\.


--
-- Data for Name: _hyper_1_39_chunk; Type: TABLE DATA; Schema: _timescaledb_internal; Owner: postgres
--

COPY _timescaledb_internal._hyper_1_39_chunk (data, codigo_estacao, classificacao, iqar, codigo_poluente, mp10, mp2_5, o3, co, no2, so2) FROM stdin;
2024-09-19	CA	Boa	34	MP10	43	\N	27	0.5	\N	\N
2024-09-19	AV	Boa	23	O3	\N	\N	57	\N	\N	\N
2024-09-19	SP	Boa	40	MP10	50	\N	44	\N	106	\N
2024-09-19	IR	Boa	34	O3	27	10	85	0.4	64	\N
2024-09-19	BG	Boa	38	O3	37	\N	94	\N	40	\N
2024-09-19	CG	Moderada	54	O3	45	\N	111	\N	42	\N
2024-09-19	PG	Boa	38	O3	\N	\N	96	\N	\N	\N
2024-09-20	CA	Boa	40	MP10	50	\N	28	0.8	\N	\N
2024-09-20	AV	Boa	20	O3	\N	\N	51	\N	\N	\N
2024-09-20	SP	Moderada	47	MP10	58	\N	52	\N	107	\N
2024-09-20	IR	Boa	35	O3	33	15	87	0.4	46	\N
2024-09-20	BG	Moderada	41	O3	49	\N	101	\N	58	\N
2024-09-20	CG	Moderada	72	O3	55	\N	124	\N	50	\N
2024-09-20	PG	Moderada	58	O3	\N	\N	114	\N	\N	\N
2024-09-21	CA	Boa	37	MP10	46	\N	32	0.9	\N	\N
2024-09-21	AV	Boa	22	O3	\N	\N	56	\N	\N	\N
2024-09-21	SP	Moderada	47	MP10	59	\N	70	\N	110	\N
2024-09-21	IR	Moderada	42	O3	48	22	102	0.5	43	\N
2024-09-21	BG	Boa	39	MP10	49	\N	96	\N	34	\N
2024-09-21	CG	Boa	40	O3	47	\N	100	\N	31	\N
2024-09-21	PG	Boa	34	O3	\N	\N	84	\N	\N	\N
2024-09-22	CA	Boa	30	MP10	37	\N	44	0.8	\N	\N
2024-09-22	AV	Boa	33	O3	\N	\N	82	\N	\N	\N
2024-09-22	SP	Boa	34	O3	40	\N	84	\N	105	\N
2024-09-22	IR	Moderada	68	O3	33	21	121	0.5	52	\N
2024-09-22	BG	Moderada	41	O3	36	\N	101	\N	38	\N
2024-09-22	CG	Moderada	56	O3	32	\N	112	\N	28	\N
2024-09-22	PG	Moderada	52	O3	\N	\N	109	\N	\N	\N
2024-09-23	CA	Boa	36	MP10	45	\N	32	0.7	\N	\N
2024-09-23	AV	Boa	28	O3	\N	\N	71	\N	\N	\N
2024-09-23	SP	Moderada	49	MP10	61	\N	55	\N	128	\N
2024-09-23	IR	Moderada	69	O3	53	32	122	0.7	79	\N
2024-09-23	BG	Ruim	89	O3	49	\N	137	\N	36	\N
2024-09-23	CG	Moderada	54	O3	47	\N	111	\N	34	\N
2024-09-23	PG	Moderada	69	O3	\N	\N	122	\N	\N	\N
2024-09-24	AV	Boa	21	O3	\N	\N	53	\N	\N	\N
2024-09-24	SP	Moderada	46	MP10	57	\N	53	\N	110	\N
2024-09-24	IR	Moderada	63	O3	51	26	117	0.5	56	\N
2024-09-24	BG	Moderada	54	O3	56	\N	111	\N	51	\N
2024-09-24	CG	Moderada	43	MP10	53	\N	100	\N	34	\N
2024-09-24	PG	Moderada	44	O3	\N	\N	103	\N	\N	\N
2024-09-25	CA	Boa	10	O3	\N	\N	26	0.5	\N	\N
2024-09-25	AV	Boa	20	O3	\N	\N	51	\N	\N	\N
2024-09-25	SP	Moderada	45	MP10	56	\N	55	\N	125	\N
2024-09-25	IR	Moderada	63	O3	47	22	117	0.5	76	\N
2024-09-25	BG	Ruim	101	O3	64	\N	146	\N	47	\N
2024-09-25	CG	Moderada	45	MP10	56	\N	96	\N	32	\N
2024-09-25	PG	Moderada	58	O3	\N	\N	114	\N	\N	\N
\.


--
-- Data for Name: _hyper_1_3_chunk; Type: TABLE DATA; Schema: _timescaledb_internal; Owner: postgres
--

COPY _timescaledb_internal._hyper_1_3_chunk (data, codigo_estacao, classificacao, iqar, codigo_poluente, mp10, mp2_5, o3, co, no2, so2) FROM stdin;
2024-01-11	CA	Boa	35	MP10	44	\N	88	0.5	\N	\N
2024-01-11	AV	Boa	32	MP10	40	\N	54	\N	\N	\N
2024-01-11	SP	Boa	30	MP10	37	\N	74	\N	61	\N
2024-01-11	IR	Moderada	71	O3	26	11	123	0.5	56	\N
2024-01-11	BG	Moderada	53	O3	24	\N	110	\N	33	\N
2024-01-11	CG	Moderada	42	O3	22	\N	102	\N	\N	3
2024-01-11	PG	Muito ruim	151	O3	30	\N	176	\N	\N	\N
2024-01-12	CA	Boa	27	O3	33	\N	67	0.5	\N	\N
2024-01-12	AV	Boa	21	MP10	26	\N	53	\N	\N	\N
2024-01-12	SP	Boa	22	O3	25	\N	54	\N	77	\N
2024-01-12	IR	Moderada	44	O3	23	7	103	0.5	59	\N
2024-01-12	BG	Moderada	42	O3	22	\N	102	\N	13	\N
2024-01-12	CG	Boa	40	O3	16	\N	99	\N	22	5
2024-01-12	PG	Ruim	97	O3	29	\N	143	\N	\N	\N
2024-01-13	CA	Boa	22	MP10	28	\N	42	0.4	\N	\N
2024-01-13	AV	Boa	21	MP10	26	\N	40	\N	\N	\N
2024-01-13	SP	Boa	16	MP10	20	\N	29	\N	56	\N
2024-01-13	IR	Boa	23	O3	14	5	57	0.5	47	\N
2024-01-13	BG	Boa	24	O3	21	\N	59	\N	25	\N
2024-01-13	CG	Boa	23	O3	16	\N	58	\N	22	1
2024-01-13	PG	Boa	36	O3	19	\N	91	\N	\N	\N
2024-01-14	CA	Boa	23	O3	27	\N	57	0.2	\N	\N
2024-01-14	AV	Boa	24	MP10	30	\N	37	\N	\N	\N
2024-01-14	SP	Boa	14	MP10	18	\N	28	\N	40	\N
2024-01-14	IR	Boa	26	O3	10	2	65	0.3	29	\N
2024-01-14	BG	Boa	23	O3	23	\N	58	\N	14	\N
2024-01-14	CG	Boa	26	O3	18	\N	64	\N	27	2
2024-01-14	PG	Boa	32	O3	19	\N	80	\N	\N	\N
2024-01-15	CA	Boa	30	MP10	38	\N	55	0.3	\N	\N
2024-01-15	AV	Boa	26	MP10	33	\N	39	\N	\N	\N
2024-01-15	SP	Boa	19	MP10	24	\N	47	\N	54	\N
2024-01-15	IR	Boa	37	O3	22	6	92	0.5	48	\N
2024-01-15	BG	Boa	34	O3	40	\N	86	\N	25	\N
2024-01-15	CG	Boa	32	O3	23	\N	80	\N	27	1
2024-01-15	PG	Moderada	68	O3	26	\N	121	\N	\N	\N
2024-01-16	CA	Moderada	69	O3	50	\N	122	0.5	\N	\N
2024-01-16	AV	Boa	34	MP10	42	\N	73	\N	\N	\N
2024-01-16	SP	Boa	28	O3	31	\N	71	\N	76	\N
2024-01-16	IR	Moderada	57	O3	30	10	113	0.5	58	\N
2024-01-16	BG	Boa	40	O3	37	\N	100	\N	35	\N
2024-01-16	CG	Moderada	46	O3	23	\N	105	\N	45	4
2024-01-16	PG	Muito ruim	147	O3	23	\N	174	\N	\N	\N
2024-01-17	CA	Moderada	52	O3	52	\N	109	0.5	\N	\N
2024-01-17	AV	Boa	37	MP10	46	\N	69	\N	\N	\N
2024-01-17	SP	Boa	33	O3	36	\N	83	\N	64	\N
2024-01-17	IR	Ruim	96	O3	34	14	142	0.5	55	\N
2024-01-17	BG	Moderada	54	O3	34	\N	111	\N	26	\N
2024-01-17	CG	Moderada	72	O3	25	\N	124	\N	22	2
2024-01-17	PG	Pssima	210	O3	36	\N	227	\N	\N	\N
\.


--
-- Data for Name: _hyper_1_40_chunk; Type: TABLE DATA; Schema: _timescaledb_internal; Owner: postgres
--

COPY _timescaledb_internal._hyper_1_40_chunk (data, codigo_estacao, classificacao, iqar, codigo_poluente, mp10, mp2_5, o3, co, no2, so2) FROM stdin;
2024-09-26	CA	Moderada	43	MP10	54	\N	39	0.7	\N	\N
2024-09-26	AV	Boa	24	O3	\N	\N	61	\N	\N	\N
2024-09-26	SP	Moderada	59	MP10	73	\N	81	\N	135	\N
2024-09-26	IR	Moderada	56	O3	55	28	112	0.7	78	\N
2024-09-26	BG	Moderada	48	MP10	60	\N	103	\N	69	\N
2024-09-26	CG	Moderada	51	MP10	64	\N	98	\N	41	\N
2024-09-26	PG	Moderada	44	O3	\N	\N	103	\N	\N	\N
2024-09-27	CA	Boa	38	MP10	47	\N	43	0.6	\N	\N
2024-09-27	AV	Boa	28	O3	\N	\N	69	\N	\N	\N
2024-09-27	SP	Moderada	50	MP10	62	\N	66	\N	120	\N
2024-09-27	IR	Moderada	46	O3	51	27	105	0.7	\N	\N
2024-09-27	BG	Moderada	49	O3	48	\N	107	\N	56	\N
2024-09-27	CG	Moderada	54	O3	50	\N	111	\N	43	\N
2024-09-27	PG	Moderada	44	O3	\N	\N	103	\N	\N	\N
2024-09-28	CA	Boa	22	MP10	28	\N	42	1.2	\N	\N
2024-09-28	AV	Boa	26	O3	\N	\N	65	\N	\N	\N
2024-09-28	SP	Boa	29	MP10	36	\N	54	\N	84	\N
2024-09-28	IR	Boa	23	O3	18	6	58	0.4	\N	\N
2024-09-28	BG	Boa	30	O3	22	\N	76	\N	39	\N
2024-09-28	CG	Boa	33	O3	25	\N	83	\N	36	\N
2024-09-28	PG	Boa	37	O3	\N	\N	92	\N	\N	\N
2024-09-29	CA	Boa	26	MP10	33	\N	40	0.5	\N	\N
2024-09-29	AV	Boa	28	O3	\N	\N	69	\N	\N	\N
2024-09-29	SP	Boa	34	MP10	42	\N	56	\N	80	\N
2024-09-29	IR	Boa	34	O3	21	8	86	0.3	\N	\N
2024-09-29	BG	Boa	39	O3	32	\N	97	\N	32	\N
2024-09-29	CG	Moderada	58	O3	34	\N	114	\N	28	\N
2024-09-29	PG	Boa	39	O3	\N	\N	98	\N	\N	\N
2024-09-30	CA	Boa	37	MP10	46	\N	41	0.6	\N	\N
2024-09-30	AV	Boa	27	O3	\N	\N	68	\N	\N	\N
2024-09-30	SP	Moderada	42	MP10	52	\N	60	\N	94	\N
2024-09-30	IR	Boa	38	O3	31	12	94	0.3	\N	\N
2024-09-30	BG	Moderada	58	O3	41	\N	114	\N	44	\N
2024-09-30	CG	Ruim	93	O3	46	\N	140	\N	33	\N
2024-09-30	PG	Moderada	72	O3	\N	\N	124	\N	\N	\N
2024-10-01	CA	Boa	39	MP10	49	\N	35	0.5	\N	\N
2024-10-01	AV	Boa	21	O3	\N	\N	52	\N	\N	\N
2024-10-01	SP	Boa	38	MP10	47	\N	70	\N	132	\N
2024-10-01	IR	Moderada	41	O3	32	13	101	0.5	\N	\N
2024-10-01	BG	Moderada	76	O3	39	\N	127	\N	96	\N
2024-10-01	CG	Moderada	45	O3	55	\N	104	\N	65	\N
2024-10-01	PG	Moderada	79	O3	\N	\N	129	\N	\N	\N
2024-10-02	CA	Moderada	46	MP10	57	\N	50	0.5	\N	\N
2024-10-02	AV	Boa	34	O3	\N	\N	86	\N	\N	\N
2024-10-02	SP	Moderada	61	MP10	76	\N	74	\N	100	\N
2024-10-02	IR	Moderada	46	O3	52	27	105	0.6	\N	\N
2024-10-02	BG	Moderada	52	O3	55	\N	109	\N	54	\N
2024-10-02	CG	Moderada	52	O3	55	\N	109	\N	44	\N
2024-10-02	PG	Moderada	49	O3	\N	\N	107	\N	\N	\N
\.


--
-- Data for Name: _hyper_1_41_chunk; Type: TABLE DATA; Schema: _timescaledb_internal; Owner: postgres
--

COPY _timescaledb_internal._hyper_1_41_chunk (data, codigo_estacao, classificacao, iqar, codigo_poluente, mp10, mp2_5, o3, co, no2, so2) FROM stdin;
2024-10-03	CA	Boa	34	MP10	43	\N	46	0.8	\N	\N
2024-10-03	AV	Boa	30	O3	\N	\N	75	\N	\N	\N
2024-10-03	SP	Boa	39	MP10	49	\N	59	\N	95	\N
2024-10-03	IR	Boa	34	O3	32	15	85	0.5	\N	\N
2024-10-03	BG	Boa	34	O3	38	\N	84	\N	27	\N
2024-10-03	CG	Boa	39	O3	33	\N	98	\N	27	\N
2024-10-03	PG	Moderada	63	O3	\N	\N	117	\N	\N	\N
2024-10-04	CA	Boa	18	MP10	22	\N	35	0.9	\N	\N
2024-10-04	AV	Boa	22	O3	\N	\N	56	\N	\N	\N
2024-10-04	SP	Boa	19	NO2	18	\N	46	\N	93	\N
2024-10-04	IR	Boa	20	O3	7	2	51	0.6	\N	\N
2024-10-04	BG	Boa	25	O3	11	\N	63	\N	33	\N
2024-10-04	CG	Boa	27	O3	12	\N	68	\N	31	\N
2024-10-04	PG	Boa	34	O3	\N	\N	84	\N	\N	\N
2024-10-05	CA	Boa	23	MP10	29	\N	33	0.7	\N	\N
2024-10-05	AV	Boa	20	O3	\N	\N	50	\N	\N	\N
2024-10-05	SP	Boa	22	MP10	27	\N	41	\N	87	\N
2024-10-05	IR	Boa	26	O3	15	4	64	0.3	\N	\N
2024-10-05	BG	Boa	26	O3	19	\N	64	\N	22	\N
2024-10-05	CG	Boa	30	O3	21	\N	75	\N	24	\N
2024-10-05	PG	Boa	29	O3	\N	\N	72	\N	\N	\N
2024-10-06	CA	Boa	17	MP10	21	\N	37	0.8	\N	\N
2024-10-06	AV	Boa	23	O3	\N	\N	57	\N	\N	\N
2024-10-06	SP	Boa	18	O3	19	\N	46	\N	81	\N
2024-10-06	IR	Boa	29	O3	11	2	72	0.4	\N	\N
2024-10-06	BG	Boa	34	O3	16	\N	84	\N	15	\N
2024-10-06	CG	Boa	23	MP10	29	\N	43	\N	25	\N
2024-10-06	PG	Boa	32	O3	\N	\N	81	\N	\N	\N
2024-10-07	CA	Boa	18	MP10	22	\N	38	0.5	\N	\N
2024-10-07	AV	Boa	16	O3	\N	\N	41	\N	\N	\N
2024-10-07	SP	Boa	22	O3	21	\N	55	\N	90	\N
2024-10-07	IR	Moderada	45	O3	21	6	104	0.3	\N	\N
2024-10-07	BG	Moderada	61	O3	27	\N	116	\N	28	\N
2024-10-07	CG	Moderada	45	O3	31	\N	104	\N	34	\N
2024-10-07	PG	Boa	38	O3	\N	\N	96	\N	\N	\N
2024-10-08	CA	Boa	26	MP10	33	\N	60	0.3	\N	\N
2024-10-08	AV	Boa	23	O3	\N	\N	58	\N	\N	\N
2024-10-08	SP	Boa	26	MP10	33	\N	49	\N	111	\N
2024-10-08	IR	Boa	32	O3	28	9	81	0.5	\N	\N
2024-10-08	BG	Boa	38	O3	35	\N	96	\N	28	\N
2024-10-08	CG	Moderada	49	O3	36	\N	107	\N	30	\N
2024-10-08	PG	Moderada	42	O3	\N	\N	102	\N	\N	\N
2024-10-09	CA	Boa	34	MP10	42	\N	50	\N	\N	\N
2024-10-09	AV	Boa	15	O3	\N	\N	38	\N	\N	\N
2024-10-09	SP	Boa	34	MP10	43	\N	41	\N	103	\N
2024-10-09	IR	Boa	28	O3	29	10	69	0.5	\N	\N
2024-10-09	BG	Boa	27	O3	28	\N	68	\N	44	\N
2024-10-09	CG	Boa	32	O3	31	\N	79	\N	32	\N
2024-10-09	PG	Boa	33	O3	\N	\N	83	\N	\N	\N
\.


--
-- Data for Name: _hyper_1_42_chunk; Type: TABLE DATA; Schema: _timescaledb_internal; Owner: postgres
--

COPY _timescaledb_internal._hyper_1_42_chunk (data, codigo_estacao, classificacao, iqar, codigo_poluente, mp10, mp2_5, o3, co, no2, so2) FROM stdin;
2024-10-10	CA	Boa	22	MP10	28	\N	47	\N	\N	\N
2024-10-10	AV	Boa	14	O3	\N	\N	36	\N	\N	\N
2024-10-10	SP	Boa	20	MP10	25	\N	34	\N	86	\N
2024-10-10	IR	Boa	18	O3	13	4	46	0.3	\N	\N
2024-10-10	BG	Boa	17	O3	19	\N	42	\N	34	\N
2024-10-10	CG	Boa	18	MP10	22	\N	40	\N	29	\N
2024-10-10	PG	Boa	20	O3	\N	\N	51	\N	\N	\N
2024-10-11	CA	Boa	18	MP10	22	\N	42	\N	\N	\N
2024-10-11	AV	Boa	13	O3	\N	\N	33	\N	\N	\N
2024-10-11	SP	Boa	20	NO2	24	\N	31	\N	102	\N
2024-10-11	IR	Boa	22	O3	17	5	56	0.6	\N	\N
2024-10-11	BG	Boa	28	O3	22	\N	71	\N	60	\N
2024-10-11	CG	Boa	27	O3	23	\N	67	\N	40	\N
2024-10-11	PG	Boa	30	O3	\N	\N	76	\N	\N	\N
2024-10-12	CA	Moderada	50	O3	26	\N	108	\N	\N	\N
2024-10-12	AV	Boa	28	O3	\N	\N	70	\N	\N	\N
2024-10-12	SP	Boa	30	O3	30	\N	74	\N	89	\N
2024-10-12	IR	Moderada	41	O3	22	7	101	0.5	\N	\N
2024-10-12	BG	Boa	40	O3	20	\N	99	\N	13	\N
2024-10-12	CG	Moderada	50	O3	20	\N	108	\N	22	\N
2024-10-12	PG	Moderada	54	O3	\N	\N	111	\N	\N	\N
2024-10-13	CA	Boa	30	O3	25	\N	74	\N	\N	\N
2024-10-13	AV	Boa	22	O3	\N	\N	55	\N	\N	\N
2024-10-13	SP	Boa	22	MP10	28	\N	47	\N	64	\N
2024-10-13	IR	Boa	29	O3	16	5	72	0.4	\N	\N
2024-10-13	BG	Boa	27	O3	17	\N	68	\N	19	\N
2024-10-13	CG	Boa	31	O3	18	\N	77	\N	19	\N
2024-10-13	PG	Boa	32	O3	\N	\N	79	\N	\N	\N
2024-10-14	CA	Boa	34	MP10	43	\N	62	\N	\N	\N
2024-10-14	AV	Boa	20	O3	\N	\N	49	\N	\N	\N
2024-10-14	SP	Boa	34	MP10	43	\N	39	\N	\N	\N
2024-10-14	IR	Boa	27	O3	27	9	68	0.3	\N	\N
2024-10-14	BG	Boa	34	O3	37	\N	85	\N	18	\N
2024-10-14	CG	Boa	30	O3	33	\N	76	\N	18	\N
2024-10-14	PG	Boa	30	O3	\N	\N	76	\N	\N	\N
2024-10-15	CA	Boa	35	MP10	44	\N	60	\N	\N	\N
2024-10-15	AV	Boa	19	O3	\N	\N	48	\N	\N	\N
2024-10-15	SP	Boa	30	MP10	38	\N	45	\N	23	\N
2024-10-15	IR	Boa	31	O3	26	9	78	3	\N	\N
2024-10-15	BG	Boa	40	O3	39	\N	99	\N	43	\N
2024-10-15	CG	Moderada	41	O3	41	\N	101	\N	29	\N
2024-10-15	PG	Boa	36	O3	\N	\N	89	\N	\N	\N
2024-10-16	CA	Boa	35	MP10	44	\N	74	\N	\N	\N
2024-10-16	AV	Boa	14	O3	\N	\N	35	\N	\N	\N
2024-10-16	SP	Boa	38	MP10	47	\N	65	\N	48	\N
2024-10-16	IR	Moderada	56	O3	43	17	112	0.7	\N	\N
2024-10-16	BG	Moderada	61	O3	46	\N	116	\N	36	\N
2024-10-16	CG	Moderada	45	O3	54	\N	104	\N	38	\N
2024-10-16	PG	Moderada	49	O3	\N	\N	107	\N	\N	\N
\.


--
-- Data for Name: _hyper_1_43_chunk; Type: TABLE DATA; Schema: _timescaledb_internal; Owner: postgres
--

COPY _timescaledb_internal._hyper_1_43_chunk (data, codigo_estacao, classificacao, iqar, codigo_poluente, mp10, mp2_5, o3, co, no2, so2) FROM stdin;
2024-10-17	CA	Boa	40	MP10	50	\N	68	\N	\N	\N
2024-10-17	AV	Boa	30	MP10	38	\N	\N	\N	\N	\N
2024-10-17	SP	Boa	34	MP10	42	\N	54	\N	46	\N
2024-10-17	IR	Boa	36	O3	32	13	90	0.4	\N	\N
2024-10-17	BG	Boa	36	O3	37	\N	90	\N	22	\N
2024-10-17	CG	Boa	37	O3	36	\N	92	\N	17	\N
2024-10-17	PG	Boa	37	O3	\N	\N	92	\N	\N	\N
2024-10-18	CA	Boa	31	MP10	39	\N	73	\N	\N	\N
2024-10-18	AV	Boa	32	MP10	40	\N	34	\N	\N	\N
2024-10-18	SP	Boa	37	MP10	46	\N	51	\N	34	\N
2024-10-18	IR	Boa	37	O3	33	14	93	0.4	\N	\N
2024-10-18	BG	Moderada	56	O3	41	\N	112	\N	28	\N
2024-10-18	CG	Moderada	48	O3	37	\N	106	\N	24	\N
2024-10-18	PG	Boa	34	O3	\N	\N	86	\N	\N	\N
2024-10-19	CA	Boa	33	O3	27	\N	82	\N	\N	\N
2024-10-19	AV	Boa	19	MP10	24	\N	37	\N	\N	\N
2024-10-19	SP	Boa	23	O3	22	\N	57	\N	21	\N
2024-10-19	IR	Boa	28	O3	12	4	69	0.5	\N	\N
2024-10-19	BG	Boa	27	O3	19	\N	68	\N	28	\N
2024-10-19	CG	Boa	26	O3	20	\N	65	\N	29	\N
2024-10-19	PG	Boa	38	O3	\N	\N	95	\N	\N	\N
2024-10-20	CA	Boa	27	O3	13	\N	67	\N	\N	\N
2024-10-20	AV	Boa	16	MP10	20	\N	37	\N	\N	\N
2024-10-20	SP	Boa	13	O3	13	\N	32	\N	39	\N
2024-10-20	IR	Boa	19	O3	6	3	48	0.7	\N	\N
2024-10-20	BG	Boa	22	O3	10	\N	56	\N	35	\N
2024-10-20	CG	Boa	28	O3	7	\N	70	\N	32	\N
2024-10-20	PG	Boa	36	O3	\N	\N	90	\N	\N	\N
2024-10-21	CA	Boa	18	MP10	23	\N	34	\N	\N	\N
2024-10-21	AV	Boa	24	MP10	30	\N	12	\N	\N	\N
2024-10-21	SP	Boa	14	MP10	18	\N	24	\N	32	\N
2024-10-21	IR	Boa	21	O3	13	5	52	0.5	\N	\N
2024-10-21	BG	Boa	24	O3	21	\N	60	\N	28	\N
2024-10-21	CG	Boa	22	O3	22	\N	55	\N	29	\N
2024-10-21	PG	Boa	17	O3	\N	\N	43	\N	\N	\N
2024-10-22	CA	Boa	26	MP10	33	\N	59	0.8	\N	\N
2024-10-22	AV	Boa	29	MP10	36	\N	21	\N	\N	\N
2024-10-22	SP	Boa	25	MP10	31	\N	42	\N	38	\N
2024-10-22	IR	Boa	37	O3	31	7	92	0.6	\N	\N
2024-10-22	BG	Moderada	72	O3	32	\N	124	\N	44	\N
2024-10-22	CG	Boa	31	O3	30	\N	77	\N	36	\N
2024-10-22	PG	Boa	36	O3	\N	\N	91	\N	\N	\N
2024-10-23	CA	Boa	31	MP10	39	\N	76	0.5	\N	\N
2024-10-23	AV	Boa	32	MP10	40	\N	28	\N	\N	\N
2024-10-23	SC	Boa	25	O3	\N	\N	63	\N	\N	\N
2024-10-23	SP	Boa	30	MP10	37	\N	57	\N	55	\N
2024-10-23	IR	Boa	36	O3	43	16	89	0.7	\N	\N
2024-10-23	BG	Boa	36	O3	33	\N	90	\N	47	\N
2024-10-23	CG	Boa	33	O3	33	\N	83	\N	41	\N
2024-10-23	PG	Boa	32	O3	\N	\N	79	\N	\N	\N
\.


--
-- Data for Name: _hyper_1_44_chunk; Type: TABLE DATA; Schema: _timescaledb_internal; Owner: postgres
--

COPY _timescaledb_internal._hyper_1_44_chunk (data, codigo_estacao, classificacao, iqar, codigo_poluente, mp10, mp2_5, o3, co, no2, so2) FROM stdin;
2024-10-24	CA	Boa	29	MP10	36	\N	73	0.6	\N	\N
2024-10-24	AV	Boa	20	MP10	25	\N	33	\N	\N	\N
2024-10-24	SC	Boa	23	O3	\N	\N	57	\N	\N	\N
2024-10-24	SP	Boa	31	MP10	39	\N	62	\N	51	\N
2024-10-24	IR	Moderada	48	O3	39	14	106	0.6	\N	\N
2024-10-24	BG	Boa	40	O3	30	\N	99	\N	49	\N
2024-10-24	CG	Boa	29	O3	27	\N	73	\N	43	\N
2024-10-24	PG	Boa	34	O3	\N	\N	85	\N	\N	\N
2024-10-25	CA	Boa	32	O3	27	\N	81	0.8	\N	\N
2024-10-25	AV	Boa	20	MP10	25	\N	45	\N	\N	\N
2024-10-25	SC	Boa	27	O3	\N	\N	68	\N	\N	\N
2024-10-25	SP	Boa	30	O3	20	7	74	0.8	\N	\N
2024-10-25	IR	Boa	30	O3	20	7	74	0.8	\N	\N
2024-10-25	BG	Boa	39	O3	20	\N	98	\N	47	\N
2024-10-25	CG	Boa	32	O3	19	\N	81	\N	49	\N
2024-10-25	PG	Boa	34	O3	\N	\N	86	\N	\N	\N
2024-10-26	CA	Ruim	93	O3	36	\N	140	0.8	\N	\N
2024-10-26	AV	Boa	28	O3	34	\N	69	\N	\N	\N
2024-10-26	SC	Moderada	45	O3	\N	\N	104	\N	\N	\N
2024-10-26	SP	Boa	38	O3	35	\N	95	\N	63	\N
2024-10-26	IR	Ruim	112	O3	40	19	154	1	\N	\N
2024-10-26	BG	Ruim	104	O3	27	\N	148	\N	39	\N
2024-10-26	CG	Ruim	101	O3	35	\N	146	\N	41	\N
2024-10-26	PG	Ruim	100	O3	\N	\N	145	\N	\N	\N
2024-10-27	CA	Boa	37	O3	32	\N	92	0.4	\N	\N
2024-10-27	AV	Boa	26	MP10	32	\N	5	\N	\N	\N
2024-10-27	SC	Boa	22	O3	\N	\N	56	\N	\N	\N
2024-10-27	SP	Boa	23	MP10	29	\N	51	\N	19	\N
2024-10-27	IR	Boa	25	O3	16	7	62	0.3	\N	\N
2024-10-27	BG	Boa	33	O3	20	\N	82	\N	30	\N
2024-10-27	CG	Boa	30	O3	25	\N	76	\N	29	\N
2024-10-27	PG	Boa	36	O3	\N	\N	89	\N	\N	\N
2024-10-28	CA	Boa	28	MP10	35	\N	39	0.4	\N	\N
2024-10-28	AV	Boa	26	MP10	32	\N	20	\N	\N	\N
2024-10-28	SC	Boa	10	O3	\N	\N	25	\N	\N	\N
2024-10-28	SP	Boa	22	MP10	28	\N	23	\N	20	\N
2024-10-28	IR	Boa	16	MP10	20	9	33	0.3	\N	\N
2024-10-28	BG	Boa	22	MP10	28	\N	46	\N	32	\N
2024-10-28	CG	Boa	24	MP10	30	\N	36	\N	28	\N
2024-10-28	PG	Boa	22	O3	\N	\N	56	\N	\N	\N
2024-10-29	CA	Boa	26	MP10	33	\N	45	0.4	\N	\N
2024-10-29	AV	Boa	24	MP10	30	\N	24	\N	\N	\N
2024-10-29	SC	Boa	16	O3	\N	\N	40	\N	\N	\N
2024-10-29	SP	Boa	22	MP10	28	\N	31	\N	21	\N
2024-10-29	IR	Boa	21	O3	18	6	52	0.3	\N	\N
2024-10-29	BG	Boa	21	O3	25	\N	53	\N	34	\N
2024-10-29	CG	Boa	22	MP10	28	\N	54	\N	28	\N
2024-10-29	PG	Boa	26	O3	\N	\N	66	\N	\N	\N
2024-10-30	CA	Boa	26	MP10	32	\N	44	0.3	\N	\N
2024-10-30	AV	Boa	24	MP10	30	\N	26	\N	\N	\N
2024-10-30	SC	Boa	16	O3	\N	\N	40	\N	\N	\N
2024-10-30	SP	Boa	21	MP10	26	\N	34	\N	20	\N
2024-10-30	IR	Boa	22	O3	19	5	55	0.3	\N	\N
2024-10-30	BG	Boa	31	O3	16	\N	77	\N	20	\N
2024-10-30	CG	Boa	28	O3	23	\N	71	\N	23	\N
2024-10-30	PG	Boa	25	O3	\N	\N	63	\N	\N	\N
\.


--
-- Data for Name: _hyper_1_45_chunk; Type: TABLE DATA; Schema: _timescaledb_internal; Owner: postgres
--

COPY _timescaledb_internal._hyper_1_45_chunk (data, codigo_estacao, classificacao, iqar, codigo_poluente, mp10, mp2_5, o3, co, no2, so2) FROM stdin;
2024-10-31	CA	Boa	24	MP10	30	\N	47	0.3	\N	\N
2024-10-31	AV	Boa	24	MP10	30	\N	30	\N	\N	\N
2024-10-31	SC	Boa	16	O3	\N	\N	40	\N	\N	\N
2024-10-31	SP	Boa	21	MP10	26	\N	33	\N	21	\N
2024-10-31	IR	Boa	25	O3	22	5	62	0.3	\N	\N
2024-10-31	BG	Boa	32	O3	21	\N	79	\N	25	\N
2024-10-31	CG	Boa	28	O3	25	\N	71	\N	26	\N
2024-10-31	PG	Boa	24	O3	\N	\N	60	\N	\N	\N
2024-11-01	CA	Boa	23	MP10	29	\N	52	0.3	\N	\N
2024-11-01	AV	Boa	22	MP10	28	\N	29	\N	\N	\N
2024-11-01	SC	Boa	17	O3	\N	\N	43	\N	\N	\N
2024-11-01	SP	Boa	20	MP10	25	\N	39	\N	32	\N
2024-11-01	IR	Boa	31	O3	25	7	77	0.4	\N	\N
2024-11-01	BG	Moderada	49	O3	24	\N	107	\N	23	\N
2024-11-01	CG	Moderada	44	O3	29	\N	103	\N	27	\N
2024-11-01	PG	Boa	29	O3	\N	\N	72	\N	\N	\N
2024-11-02	CA	Boa	27	O3	24	\N	67	0.3	\N	\N
2024-11-02	AV	Boa	25	MP10	31	\N	36	\N	\N	\N
2024-11-02	SC	Boa	20	O3	\N	\N	51	\N	\N	\N
2024-11-02	SP	Boa	18	O3	21	\N	45	\N	14	\N
2024-11-02	IR	Boa	31	O3	\N	9	77	0.6	\N	\N
2024-11-02	BG	Moderada	57	O3	21	\N	113	\N	24	\N
2024-11-02	CG	Moderada	58	O3	25	\N	114	\N	25	\N
2024-11-02	PG	Boa	31	O3	\N	\N	77	\N	\N	\N
2024-11-03	CA	Boa	22	O3	23	\N	54	0.3	\N	\N
2024-11-03	AV	Boa	22	MP10	28	\N	28	\N	\N	\N
2024-11-03	SC	Boa	17	O3	\N	\N	43	\N	\N	\N
2024-11-03	SP	Boa	18	O3	20	\N	44	\N	9	\N
2024-11-03	IR	Boa	30	O3	13	4	74	0.4	\N	\N
2024-11-03	BG	Moderada	41	O3	19	\N	101	\N	24	\N
2024-11-03	CG	Boa	40	O3	23	\N	100	\N	20	\N
2024-11-03	PG	Boa	28	O3	\N	\N	70	\N	\N	\N
2024-11-04	CA	Boa	22	MP10	28	\N	28	0.5	\N	\N
2024-11-04	AV	Boa	40	MP10	50	\N	14	\N	\N	\N
2024-11-04	SC	Boa	11	O3	\N	\N	28	\N	\N	\N
2024-11-04	SP	Boa	19	MP10	24	\N	24	\N	\N	\N
2024-11-04	IR	Boa	14	MP10	18	3	26	0.7	50	\N
2024-11-04	BG	Boa	24	O3	23	\N	60	\N	40	\N
2024-11-04	CG	Boa	22	O3	26	\N	55	\N	37	\N
2024-11-04	PG	Boa	20	O3	\N	\N	49	\N	\N	\N
2024-11-05	CA	Boa	22	MP10	28	\N	42	0.5	\N	\N
2024-11-05	AV	Moderada	47	MP10	59	\N	16	\N	\N	\N
2024-11-05	SC	Boa	13	O3	\N	\N	33	\N	\N	\N
2024-11-05	SP	Boa	18	MP10	22	\N	34	\N	28	\N
2024-11-05	IR	Boa	19	O3	21	2	47	0.4	30	\N
2024-11-05	BG	Boa	30	O3	17	\N	75	\N	30	\N
2024-11-05	CG	Boa	25	O3	22	\N	63	\N	27	\N
2024-11-05	PG	Boa	29	O3	\N	\N	73	\N	\N	\N
2024-11-06	CA	Boa	27	MP10	34	\N	56	0.7	\N	\N
2024-11-06	AV	Boa	39	MP10	49	\N	28	\N	\N	\N
2024-11-06	SC	Boa	14	O3	\N	\N	36	\N	\N	\N
2024-11-06	SP	Boa	20	MP10	25	\N	41	\N	25	\N
2024-11-06	IR	Boa	24	O3	\N	4	60	0.3	36	\N
2024-11-06	BG	Boa	27	O3	20	\N	68	\N	28	\N
2024-11-06	CG	Boa	22	MP10	27	\N	48	\N	30	\N
2024-11-06	PG	Boa	22	O3	\N	\N	56	\N	\N	\N
\.


--
-- Data for Name: _hyper_1_46_chunk; Type: TABLE DATA; Schema: _timescaledb_internal; Owner: postgres
--

COPY _timescaledb_internal._hyper_1_46_chunk (data, codigo_estacao, classificacao, iqar, codigo_poluente, mp10, mp2_5, o3, co, no2, so2) FROM stdin;
2024-11-07	CA	Boa	8	O3	\N	\N	21	0.3	\N	\N
2024-11-07	AV	Boa	36	MP10	45	\N	24	\N	\N	\N
2024-11-07	SC	Boa	11	O3	\N	\N	27	\N	\N	\N
2024-11-07	SP	Boa	22	MP10	27	\N	38	\N	37	\N
2024-11-07	IR	Boa	23	O3	\N	5	57	0.5	46	\N
2024-11-07	BG	Boa	25	O3	20	\N	63	\N	18	\N
2024-11-07	CG	Boa	20	O3	23	\N	51	\N	26	\N
2024-11-07	PG	Boa	26	O3	\N	\N	64	\N	\N	\N
2024-11-08	CA	Boa	11	O3	\N	\N	28	0.4	\N	\N
2024-11-08	AV	Boa	18	MP10	23	\N	14	\N	\N	\N
2024-11-08	SC	Boa	11	O3	\N	\N	28	\N	\N	\N
2024-11-08	SP	Boa	19	MP10	24	\N	29	\N	30	\N
2024-11-08	IR	Boa	17	O3	20	8	43	0.5	45	\N
2024-11-08	BG	Boa	22	O3	14	\N	55	\N	22	\N
2024-11-08	CG	Boa	18	O3	15	\N	45	\N	26	\N
2024-11-08	PG	Boa	26	O3	\N	\N	64	\N	\N	\N
2024-11-09	CA	Boa	20	MP10	25	\N	38	0.2	\N	\N
2024-11-09	AV	Boa	16	MP10	20	\N	17	\N	\N	\N
2024-11-09	SC	Boa	14	O3	\N	\N	34	\N	\N	\N
2024-11-09	SP	Boa	22	MP10	27	\N	28	\N	12	\N
2024-11-09	IR	Boa	16	O3	11	\N	39	0.4	33	\N
2024-11-09	BG	Boa	20	O3	18	\N	51	\N	9	\N
2024-11-09	CG	Boa	21	O3	17	\N	53	\N	16	\N
2024-11-09	PG	Boa	24	O3	\N	\N	60	\N	\N	\N
2024-11-10	CA	Boa	25	MP10	31	\N	53	0.1	\N	\N
2024-11-10	AV	Boa	16	MP10	20	\N	28	\N	\N	\N
2024-11-10	SC	Boa	17	O3	\N	\N	42	\N	\N	\N
2024-11-10	SP	Boa	19	MP10	24	\N	40	\N	10	\N
2024-11-10	IR	Boa	20	O3	12	\N	50	0.3	44	\N
2024-11-10	BG	Boa	25	O3	19	\N	63	\N	33	\N
2024-11-10	CG	Boa	25	O3	21	\N	63	\N	23	\N
2024-11-10	PG	Boa	27	O3	\N	\N	67	\N	\N	\N
2024-11-11	CA	Boa	29	MP10	36	\N	66	0.5	\N	\N
2024-11-11	AV	Boa	19	MP10	24	\N	46	\N	\N	\N
2024-11-11	SC	Boa	17	O3	\N	\N	43	\N	\N	\N
2024-11-11	SP	Boa	20	MP10	25	\N	49	\N	40	\N
2024-11-11	IR	Boa	36	O3	25	\N	89	0.4	56	\N
2024-11-11	BG	Ruim	88	O3	30	\N	136	\N	46	\N
2024-11-11	CG	Moderada	76	O3	30	\N	127	\N	37	\N
2024-11-11	PG	Boa	39	O3	\N	\N	97	\N	\N	\N
2024-11-12	CA	Moderada	46	O3	51	\N	105	0.6	\N	\N
2024-11-12	AV	Boa	32	O3	34	\N	81	\N	\N	\N
2024-11-12	SC	Boa	27	O3	\N	\N	67	\N	\N	\N
2024-11-12	SP	Boa	34	MP10	43	\N	80	\N	65	\N
2024-11-12	IR	Boa	39	O3	30	12	97	0.5	58	\N
2024-11-12	BG	Moderada	44	O3	31	\N	103	\N	32	\N
2024-11-12	CG	Boa	37	O3	33	\N	93	\N	26	\N
2024-11-12	PG	Moderada	44	O3	\N	\N	103	\N	\N	\N
2024-11-13	CA	Boa	23	MP10	29	\N	47	0.4	\N	\N
2024-11-13	AV	Boa	18	O3	19	\N	44	\N	\N	\N
2024-11-13	SC	Boa	12	O3	\N	\N	30	\N	\N	\N
2024-11-13	SP	Boa	15	O3	17	\N	37	\N	32	\N
2024-11-13	IR	Boa	16	O3	12	\N	41	0.5	44	5
2024-11-13	BG	Boa	24	O3	13	\N	61	\N	16	\N
2024-11-13	CG	Boa	26	O3	15	\N	65	\N	20	\N
2024-11-13	PG	Boa	30	O3	\N	\N	76	\N	\N	\N
\.


--
-- Data for Name: _hyper_1_47_chunk; Type: TABLE DATA; Schema: _timescaledb_internal; Owner: postgres
--

COPY _timescaledb_internal._hyper_1_47_chunk (data, codigo_estacao, classificacao, iqar, codigo_poluente, mp10, mp2_5, o3, co, no2, so2) FROM stdin;
2024-11-14	CA	Boa	33	MP10	41	\N	43	0.4	\N	\N
2024-11-14	AV	Boa	18	MP10	23	\N	41	\N	\N	\N
2024-11-14	SC	Boa	29	MP10	36	\N	27	\N	\N	\N
2024-11-14	SP	Boa	20	MP10	25	\N	32	\N	42	\N
2024-11-14	IR	Boa	20	O3	16	6	49	0.3	43	6
2024-11-14	BG	Boa	18	O3	18	\N	45	\N	28	\N
2024-11-14	CG	Boa	24	O3	22	\N	59	\N	29	\N
2024-11-14	PG	Boa	28	O3	\N	\N	69	\N	\N	\N
2024-11-15	CA	Boa	18	MP10	22	\N	41	0.4	\N	\N
2024-11-15	AV	Boa	21	O3	20	\N	52	\N	\N	\N
2024-11-15	SC	Boa	18	MP10	22	\N	39	\N	\N	\N
2024-11-15	SP	Boa	15	O3	18	\N	38	\N	31	\N
2024-11-15	IR	Boa	26	O3	8	3	66	0.5	39	7
2024-11-15	BG	Boa	31	O3	16	\N	77	\N	37	\N
2024-11-15	CG	Boa	29	O3	13	\N	73	\N	20	\N
2024-11-15	PG	Boa	28	O3	\N	\N	71	\N	\N	\N
2024-11-16	CA	Boa	18	MP10	23	\N	15	0.4	\N	\N
2024-11-16	AV	Boa	12	MP10	15	\N	12	\N	\N	\N
2024-11-16	SC	Boa	19	MP10	24	\N	8	\N	\N	\N
2024-11-16	SP	Boa	15	MP10	19	\N	11	\N	31	\N
2024-11-16	IR	Boa	16	SO2	12	3	18	0.8	41	8
2024-11-16	BG	Boa	14	O3	11	\N	34	\N	39	\N
2024-11-16	CG	Boa	11	MP10	14	\N	25	\N	26	\N
2024-11-16	PG	Boa	16	O3	\N	\N	39	\N	\N	\N
2024-11-17	CA	Boa	26	MP10	32	\N	34	0.4	\N	\N
2024-11-17	AV	Boa	19	MP10	24	\N	44	\N	\N	\N
2024-11-17	SC	Boa	26	MP10	33	\N	33	\N	\N	\N
2024-11-17	SP	Boa	18	MP10	23	\N	37	\N	20	\N
2024-11-17	IR	Boa	28	O3	15	6	70	0.5	32	8
2024-11-17	BG	Boa	39	O3	23	\N	97	\N	31	\N
2024-11-17	CG	Moderada	41	O3	22	\N	101	\N	29	\N
2024-11-17	PG	Boa	29	O3	\N	\N	72	\N	\N	\N
2024-11-18	CA	Boa	26	MP10	32	\N	57	0.4	\N	\N
2024-11-18	AV	Boa	23	O3	25	\N	57	\N	\N	\N
2024-11-18	SC	Boa	22	MP10	28	\N	44	\N	\N	\N
2024-11-18	SP	Boa	20	MP10	25	\N	42	\N	42	\N
2024-11-18	IR	Boa	34	O3	16	5	84	0.4	50	6
2024-11-18	BG	Boa	40	O3	24	\N	100	\N	28	\N
2024-11-18	CG	Boa	32	O3	27	\N	81	\N	24	\N
2024-11-18	PG	Boa	36	O3	\N	\N	91	\N	\N	\N
2024-11-19	CA	Boa	30	MP10	37	\N	59	0.3	\N	\N
2024-11-19	AV	Boa	18	MP10	23	\N	40	\N	\N	\N
2024-11-19	SC	Boa	33	MP10	41	\N	57	\N	\N	\N
2024-11-19	SP	Boa	30	MP10	37	\N	45	\N	40	\N
2024-11-19	IR	Boa	29	O3	22	11	73	0.4	44	7
2024-11-19	BG	Boa	28	O3	21	\N	70	\N	26	\N
2024-11-19	CG	Boa	29	O3	23	\N	73	\N	29	\N
2024-11-19	PG	Boa	32	O3	\N	\N	79	\N	\N	\N
2024-11-20	CA	Boa	24	MP10	30	\N	56	0.3	\N	\N
2024-11-20	AV	Boa	22	O3	20	\N	54	\N	\N	\N
2024-11-20	SC	Boa	26	MP10	33	\N	62	\N	\N	\N
2024-11-20	SP	Boa	28	MP10	35	\N	69	\N	25	\N
2024-11-20	IR	Boa	39	O3	20	10	98	0.4	24	8
2024-11-20	BG	Moderada	56	O3	25	\N	112	\N	15	\N
2024-11-20	CG	Boa	33	O3	23	\N	83	\N	22	\N
2024-11-20	PG	Boa	27	O3	24	\N	68	\N	\N	\N
\.


--
-- Data for Name: _hyper_1_48_chunk; Type: TABLE DATA; Schema: _timescaledb_internal; Owner: postgres
--

COPY _timescaledb_internal._hyper_1_48_chunk (data, codigo_estacao, classificacao, iqar, codigo_poluente, mp10, mp2_5, o3, co, no2, so2) FROM stdin;
2024-11-21	CA	Boa	23	MP10	29	\N	41	0.3	\N	\N
2024-11-21	AV	Boa	16	O3	16	\N	39	\N	\N	\N
2024-11-21	SC	Boa	18	MP10	23	\N	31	\N	\N	\N
2024-11-21	SP	Boa	19	MP10	24	\N	34	\N	25	\N
2024-11-21	IR	Boa	16	O3	13	4	41	0.3	26	7
2024-11-21	BG	Boa	22	O3	15	\N	54	\N	11	\N
2024-11-21	CG	Boa	21	O3	16	\N	52	\N	13	\N
2024-11-21	PG	Boa	24	O3	19	\N	59	\N	\N	\N
2024-11-22	CA	Boa	23	MP10	29	\N	37	0.4	\N	\N
2024-11-22	AV	Boa	18	MP10	22	\N	38	\N	\N	\N
2024-11-22	SC	Boa	17	MP10	21	\N	34	\N	\N	\N
2024-11-22	SP	Boa	20	MP10	25	\N	32	\N	28	\N
2024-11-22	IR	Boa	17	O3	7	1	43	0.3	27	6
2024-11-22	BG	Boa	18	O3	8	\N	46	\N	15	\N
2024-11-22	CG	Boa	20	O3	18	\N	49	\N	16	\N
2024-11-22	PG	Boa	21	O3	19	\N	52	\N	\N	\N
2024-11-23	CA	Boa	25	MP10	31	\N	36	0.2	\N	\N
2024-11-23	AV	Boa	16	MP10	20	\N	30	\N	\N	\N
2024-11-23	SC	Boa	21	MP10	26	\N	29	\N	\N	\N
2024-11-23	SP	Boa	22	MP10	27	\N	29	\N	23	\N
2024-11-23	IR	Boa	15	O3	7	3	38	0.4	38	5
2024-11-23	BG	Boa	8	MP10	10	\N	\N	\N	37	\N
2024-11-23	CG	Boa	16	O3	14	\N	41	\N	24	\N
2024-11-23	PG	Boa	20	O3	18	\N	50	\N	\N	\N
2024-11-24	CA	Boa	23	O3	22	\N	57	0.2	\N	\N
2024-11-24	AV	Boa	23	MP10	29	\N	42	\N	\N	\N
2024-11-24	SC	Boa	23	MP10	29	\N	40	\N	\N	\N
2024-11-24	SP	Boa	23	MP10	27	\N	41	\N	23	\N
2024-11-24	IR	Boa	23	O3	8	3	57	0.3	36	9
2024-11-24	BG	Boa	14	MP10	18	\N	\N	\N	33	\N
2024-11-24	CG	Boa	26	O3	17	\N	65	\N	22	\N
2024-11-24	PG	Boa	22	O3	22	\N	56	\N	\N	\N
2024-11-25	CA	Boa	24	MP10	30	\N	48	0.3	\N	\N
2024-11-25	AV	Boa	17	MP10	21	\N	23	\N	\N	\N
2024-11-25	SC	Boa	24	MP10	30	\N	42	\N	\N	\N
2024-11-25	SP	Boa	24	MP10	30	\N	40	\N	38	\N
2024-11-25	IR	Boa	27	O3	13	3	68	0.2	27	9
2024-11-25	BG	Boa	14	MP10	18	\N	\N	\N	33	\N
2024-11-25	CG	Boa	31	O3	25	\N	78	\N	22	\N
2024-11-25	PG	Boa	29	O3	27	\N	73	\N	\N	\N
2024-11-26	CA	Boa	30	MP10	37	\N	65	0.5	\N	\N
2024-11-26	AV	Boa	25	MP10	31	\N	36	\N	\N	\N
2024-11-26	SC	Boa	33	MP10	41	\N	58	\N	\N	\N
2024-11-26	SP	Boa	31	O3	33	\N	78	\N	54	\N
2024-11-26	IR	Moderada	63	O3	21	8	117	0.4	63	10
2024-11-26	BG	Boa	24	MP10	30	\N	30	\N	55	\N
2024-11-26	CG	Boa	30	O3	33	\N	75	\N	50	\N
2024-11-26	PG	Boa	40	O3	42	\N	99	\N	\N	\N
2024-11-27	CA	Moderada	53	O3	41	\N	110	0.6	\N	\N
2024-11-27	AV	Boa	31	MP10	39	\N	76	\N	\N	\N
2024-11-27	SC	Boa	38	MP10	47	\N	80	\N	\N	\N
2024-11-27	SP	Boa	32	O3	36	\N	79	\N	52	\N
2024-11-27	IR	Moderada	63	O3	28	12	117	0.5	67	6
2024-11-27	BG	Boa	30	MP10	38	\N	42	\N	65	\N
2024-11-27	CG	Moderada	65	O3	55	\N	119	\N	60	\N
2024-11-27	PG	Ruim	89	O3	46	\N	137	\N	\N	\N
\.


--
-- Data for Name: _hyper_1_49_chunk; Type: TABLE DATA; Schema: _timescaledb_internal; Owner: postgres
--

COPY _timescaledb_internal._hyper_1_49_chunk (data, codigo_estacao, classificacao, iqar, codigo_poluente, mp10, mp2_5, o3, co, no2, so2) FROM stdin;
2024-11-28	CA	Moderada	54	O3	47	\N	111	0.5	\N	\N
2024-11-28	AV	Boa	34	MP10	43	\N	86	\N	\N	\N
2024-11-28	SC	Moderada	41	O3	50	\N	101	\N	\N	\N
2024-11-28	SP	Boa	39	MP10	49	\N	90	\N	46	\N
2024-11-28	IR	Moderada	65	O3	31	13	119	0.5	58	12
2024-11-28	BG	Boa	33	MP10	41	\N	\N	\N	58	\N
2024-11-28	CG	Moderada	75	O3	55	\N	126	\N	54	\N
2024-11-28	PG	Ruim	111	O3	54	\N	153	\N	\N	\N
2024-11-29	CA	Boa	30	MP10	37	\N	70	0.5	\N	\N
2024-11-29	AV	Boa	30	O3	32	\N	74	\N	\N	\N
2024-11-29	SC	Boa	36	MP10	45	\N	58	\N	\N	\N
2024-11-29	SP	Boa	32	MP10	40	\N	58	\N	58	\N
2024-11-29	IR	Boa	33	O3	29	13	82	0.7	73	7
2024-11-29	BG	Boa	26	MP10	32	\N	\N	\N	\N	\N
2024-11-29	CG	Boa	33	MP10	41	\N	78	\N	39	\N
2024-11-29	PG	Boa	36	O3	36	\N	89	\N	\N	\N
2024-11-30	CA	Boa	38	O3	38	\N	94	0.4	\N	\N
2024-11-30	AV	Boa	32	O3	29	\N	81	\N	\N	\N
2024-11-30	SC	Boa	40	MP10	50	\N	90	\N	\N	\N
2024-11-30	SP	Boa	39	MP10	49	\N	90	\N	49	\N
2024-11-30	IR	Ruim	104	O3	35	20	148	0.6	50	9
2024-11-30	BG	Boa	34	MP10	42	\N	\N	\N	\N	\N
2024-11-30	CG	Ruim	88	O3	50	\N	136	\N	32	\N
2024-11-30	PG	Moderada	79	O3	39	\N	129	\N	\N	\N
2024-12-01	CA	Boa	29	O3	20	\N	72	0.3	\N	\N
2024-12-01	AV	Boa	27	O3	19	\N	68	\N	\N	\N
2024-12-01	SC	Boa	26	MP10	33	\N	59	\N	\N	\N
2024-12-01	SP	Boa	24	MP10	30	\N	54	\N	27	\N
2024-12-01	IR	Moderada	41	O3	19	10	101	0.4	26	5
2024-12-01	BG	Boa	17	MP10	21	\N	\N	\N	\N	\N
2024-12-01	CG	Boa	40	O3	23	\N	100	\N	19	\N
2024-12-01	PG	Boa	33	O3	18	\N	83	\N	\N	\N
2024-12-02	CA	Boa	32	O3	33	\N	80	0.5	\N	\N
2024-12-02	AV	Boa	34	O3	27	\N	84	\N	\N	\N
2024-12-02	SC	Boa	32	O3	35	\N	79	\N	\N	\N
2024-12-02	SP	Boa	28	MP10	35	\N	64	\N	85	\N
2024-12-02	IR	Moderada	73	O3	20	9	125	0.6	55	10
2024-12-02	BG	Boa	20	MP10	25	\N	\N	\N	\N	\N
2024-12-02	CG	Boa	36	O3	29	\N	91	\N	24	\N
2024-12-02	PG	Moderada	68	O3	33	\N	121	\N	\N	\N
2024-12-03	CA	Boa	26	O3	26	\N	66	0.4	\N	\N
2024-12-03	AV	Boa	29	O3	22	\N	73	\N	\N	\N
2024-12-03	SC	Boa	28	MP10	35	\N	63	\N	\N	\N
2024-12-03	SP	Boa	31	MP10	39	\N	48	\N	89	\N
2024-12-03	IR	Boa	30	O3	19	9	75	0.7	59	8
2024-12-03	BG	Boa	24	MP10	30	\N	\N	\N	\N	\N
2024-12-03	CG	Boa	31	O3	36	\N	77	\N	34	\N
2024-12-03	PG	Boa	40	O3	21	\N	99	\N	\N	\N
2024-12-04	CA	Boa	19	O3	11	\N	47	0.5	\N	\N
2024-12-04	AV	Boa	21	O3	15	\N	52	\N	\N	\N
2024-12-04	SC	Boa	13	O3	14	\N	32	\N	\N	\N
2024-12-04	SP	Boa	14	O3	15	\N	35	\N	50	\N
2024-12-04	IR	Boa	16	O3	8	2	40	0.5	42	6
2024-12-04	BG	Boa	9	MP10	11	\N	\N	\N	\N	\N
2024-12-04	CG	Boa	19	O3	14	\N	47	\N	29	\N
2024-12-04	PG	Boa	29	O3	9	\N	73	\N	\N	\N
\.


--
-- Data for Name: _hyper_1_4_chunk; Type: TABLE DATA; Schema: _timescaledb_internal; Owner: postgres
--

COPY _timescaledb_internal._hyper_1_4_chunk (data, codigo_estacao, classificacao, iqar, codigo_poluente, mp10, mp2_5, o3, co, no2, so2) FROM stdin;
2024-01-18	CA	Boa	33	MP10	41	\N	57	0.4	\N	\N
2024-01-18	AV	Boa	27	MP10	34	\N	47	\N	\N	\N
2024-01-18	SP	Boa	30	MP10	37	\N	50	\N	51	\N
2024-01-18	IR	Moderada	67	O3	25	8	120	0.4	33	\N
2024-01-18	BG	Boa	34	O3	32	\N	85	\N	14	\N
2024-01-18	CG	Moderada	45	O3	21	\N	104	\N	22	0
2024-01-18	PG	Ruim	82	O3	24	\N	132	\N	\N	\N
2024-01-19	CA	Boa	34	MP10	42	\N	68	0.4	\N	\N
2024-01-19	AV	Boa	29	MP10	36	\N	53	\N	\N	\N
2024-01-19	SP	Boa	30	MP10	37	\N	40	\N	93	\N
2024-01-19	IR	Boa	27	O3	31	12	67	0.6	76	\N
2024-01-19	BG	Boa	26	MP10	32	\N	62	\N	29	\N
2024-01-19	CG	Boa	25	O3	29	\N	62	\N	34	2
2024-01-19	PG	Moderada	49	O3	23	\N	107	\N	\N	\N
2024-01-20	CA	Boa	39	O3	40	\N	97	0.5	\N	\N
2024-01-20	AV	Boa	28	O3	34	\N	70	\N	\N	\N
2024-01-20	SP	Boa	22	O3	26	\N	56	\N	56	\N
2024-01-20	IR	Ruim	116	O3	27	11	157	0.6	55	\N
2024-01-20	BG	Boa	39	O3	27	\N	98	\N	33	\N
2024-01-20	CG	Moderada	72	O3	23	\N	124	\N	31	2
2024-01-20	PG	Moderada	49	O3	25	\N	107	\N	\N	\N
2024-01-21	CA	Boa	25	O3	20	\N	62	0.3	\N	\N
2024-01-21	AV	Boa	17	O3	20	\N	43	\N	\N	\N
2024-01-21	SP	Boa	18	O3	18	\N	46	\N	37	\N
2024-01-21	IR	Boa	32	O3	14	4	81	0.4	21	\N
2024-01-21	BG	Boa	27	O3	16	\N	67	\N	18	\N
2024-01-21	CG	Boa	32	O3	12	\N	81	\N	22	3
2024-01-21	PG	Boa	30	O3	16	\N	76	\N	\N	\N
2024-01-22	CA	Boa	20	MP10	25	\N	35	0.3	\N	\N
2024-01-22	AV	Boa	23	MP10	29	\N	28	\N	\N	\N
2024-01-22	SP	Boa	17	MP10	21	\N	27	\N	39	\N
2024-01-22	IR	Boa	19	O3	12	2	48	0.3	26	\N
2024-01-22	BG	Boa	17	MP10	21	\N	42	\N	15	\N
2024-01-22	CG	Boa	21	O3	14	\N	53	\N	19	6
2024-01-22	PG	Boa	22	O3	17	\N	55	\N	\N	\N
2024-01-23	CA	Boa	18	MP10	23	\N	30	0.4	\N	\N
2024-01-23	AV	Boa	21	MP10	26	\N	21	\N	\N	\N
2024-01-23	SP	Boa	16	MP10	20	\N	19	\N	53	\N
2024-01-23	IR	Boa	10	O3	9	2	26	0.5	45	\N
2024-01-23	BG	Boa	14	O3	11	\N	35	\N	27	\N
2024-01-23	CG	Boa	16	SO2	9	\N	32	\N	26	8
2024-01-23	PG	Boa	22	O3	10	\N	55	\N	\N	\N
2024-01-24	CA	Boa	17	MP10	21	\N	15	0.6	\N	\N
2024-01-24	AV	Boa	16	MP10	20	\N	23	\N	\N	\N
2024-01-24	SP	Boa	18	MP10	23	\N	15	\N	77	\N
2024-01-24	IR	Boa	21	O3	12	5	52	0.4	45	\N
2024-01-24	BG	Boa	15	MP10	19	\N	37	\N	36	\N
2024-01-24	CG	Boa	24	O3	13	\N	60	\N	25	8
2024-01-24	PG	Boa	26	O3	14	\N	66	\N	\N	\N
\.


--
-- Data for Name: _hyper_1_50_chunk; Type: TABLE DATA; Schema: _timescaledb_internal; Owner: postgres
--

COPY _timescaledb_internal._hyper_1_50_chunk (data, codigo_estacao, classificacao, iqar, codigo_poluente, mp10, mp2_5, o3, co, no2, so2) FROM stdin;
2024-12-05	CA	Boa	15	MP10	19	\N	30	0.7	\N	\N
2024-12-05	AV	Boa	19	MP10	24	\N	31	\N	\N	\N
2024-12-05	SC	Boa	16	MP10	20	\N	29	\N	\N	\N
2024-12-05	SP	Boa	17	MP10	21	\N	22	\N	58	\N
2024-12-05	IR	Boa	11	O3	13	4	28	0.7	56	4
2024-12-05	BG	Boa	14	MP10	17	\N	\N	\N	\N	\N
2024-12-05	CG	Boa	18	MP10	22	\N	28	\N	37	\N
2024-12-05	PG	Boa	18	O3	12	\N	44	\N	\N	\N
2024-12-06	CA	Moderada	47	MP10	58	\N	50	1	\N	\N
2024-12-06	AV	Boa	30	MP10	37	\N	63	\N	\N	\N
2024-12-06	SC	Boa	31	O3	\N	\N	78	\N	\N	\N
2024-12-06	SP	Moderada	42	MP10	52	\N	81	\N	109	\N
2024-12-06	IR	Ruim	90	O3	43	19	138	0.8	121	18
2024-12-06	BG	Boa	27	MP10	34	\N	\N	\N	\N	\N
2024-12-06	CG	Boa	40	MP10	50	\N	72	\N	47	\N
2024-12-06	PG	Boa	38	O3	43	\N	94	\N	\N	\N
2024-12-07	CA	Moderada	61	O3	48	\N	116	0.5	\N	\N
2024-12-07	AV	Ruim	117	O3	32	\N	158	\N	\N	\N
2024-12-07	SP	Moderada	67	O3	31	\N	120	\N	76	\N
2024-12-07	IR	Moderada	73	O3	29	13	125	0.7	75	2
2024-12-07	BG	Boa	20	MP10	25	\N	\N	\N	\N	\N
2024-12-07	CG	Moderada	68	O3	38	\N	121	\N	42	\N
2024-12-07	PG	Ruim	81	O3	32	\N	131	\N	\N	\N
2024-12-08	CA	Boa	24	O3	29	\N	61	0.4	\N	\N
2024-12-08	AV	Boa	30	O3	20	\N	74	\N	\N	\N
2024-12-08	SP	Boa	25	O3	30	\N	63	\N	43	\N
2024-12-08	IR	Moderada	49	O3	21	7	107	0.4	25	6
2024-12-08	BG	Boa	17	MP10	21	\N	\N	\N	\N	\N
2024-12-08	CG	Boa	37	O3	27	\N	93	\N	20	\N
2024-12-08	PG	Boa	30	O3	31	\N	75	\N	\N	\N
2024-12-09	CA	Boa	22	MP10	27	\N	44	0.5	\N	\N
2024-12-09	AV	Boa	21	O3	18	\N	53	\N	\N	\N
2024-12-09	SP	Boa	26	MP10	32	\N	50	\N	89	\N
2024-12-09	IR	Boa	38	O3	22	9	95	0.4	45	7
2024-12-09	BG	Boa	18	MP10	23	\N	\N	\N	\N	\N
2024-12-09	CG	Boa	36	O3	29	\N	89	\N	21	\N
2024-12-09	PG	Boa	33	O3	28	\N	83	\N	\N	\N
2024-12-10	CA	Boa	25	MP10	31	\N	26	0.5	\N	\N
2024-12-10	AV	Boa	23	O3	21	\N	58	\N	\N	\N
2024-12-10	SP	Boa	26	MP10	32	\N	56	\N	58	\N
2024-12-10	IR	Boa	26	O3	22	8	65	0.4	47	8
2024-12-10	BG	Boa	15	MP10	19	\N	\N	\N	\N	\N
2024-12-10	CG	Boa	25	O3	23	\N	62	\N	20	\N
2024-12-10	PG	Boa	31	O3	20	\N	77	\N	\N	\N
2024-12-11	CA	Boa	22	MP10	28	\N	29	0.3	\N	\N
2024-12-11	AV	Boa	21	MP10	26	\N	49	\N	\N	\N
2024-12-11	SP	Boa	26	MP10	32	\N	43	\N	25	\N
2024-12-11	IR	Boa	22	O3	16	4	55	0.3	39	10
2024-12-11	BG	Boa	12	MP10	15	\N	\N	\N	\N	\N
2024-12-11	CG	Boa	17	O3	20	\N	43	\N	29	\N
2024-12-11	PG	Boa	24	O3	20	\N	61	\N	\N	\N
\.


--
-- Data for Name: _hyper_1_51_chunk; Type: TABLE DATA; Schema: _timescaledb_internal; Owner: postgres
--

COPY _timescaledb_internal._hyper_1_51_chunk (data, codigo_estacao, classificacao, iqar, codigo_poluente, mp10, mp2_5, o3, co, no2, so2) FROM stdin;
2024-12-12	CA	Boa	22	MP10	28	\N	27	0.5	\N	\N
2024-12-12	AV	Boa	18	MP10	22	\N	46	\N	\N	\N
2024-12-12	SP	Boa	26	MP10	33	\N	40	\N	27	\N
2024-12-12	IR	Boa	26	O3	14	4	66	0.3	38	6
2024-12-12	BG	Boa	14	MP10	18	\N	\N	\N	\N	\N
2024-12-12	CG	Boa	28	O3	28	\N	70	\N	27	\N
2024-12-12	PG	Boa	29	O3	25	\N	73	\N	\N	\N
2024-12-13	CA	Boa	24	MP10	30	\N	27	0.5	\N	\N
2024-12-13	AV	Boa	22	MP10	28	\N	56	\N	\N	\N
2024-12-13	SP	Boa	28	MP10	35	\N	43	\N	28	\N
2024-12-13	IR	Boa	31	O3	16	4	78	0.4	38	7
2024-12-13	BG	Boa	35	O3	21	\N	87	\N	\N	\N
2024-12-13	CG	Moderada	52	O3	27	\N	109	\N	22	\N
2024-12-13	PG	Boa	33	O3	37	\N	82	\N	\N	\N
2024-12-14	CA	Boa	18	MP10	22	\N	28	0.6	\N	\N
2024-12-14	AV	Boa	24	MP10	30	\N	43	\N	\N	\N
2024-12-14	SP	Boa	25	MP10	31	\N	42	\N	50	\N
2024-12-14	IR	Boa	25	O3	17	6	62	0.4	47	10
2024-12-14	BG	Boa	26	O3	20	\N	65	\N	\N	\N
2024-12-14	CG	Boa	21	MP10	26	\N	49	\N	23	\N
2024-12-14	PG	Boa	25	O3	29	\N	62	\N	\N	\N
2024-12-15	CA	Boa	17	MP10	21	\N	39	0.6	\N	\N
2024-12-15	AV	Boa	24	O3	16	\N	61	\N	\N	\N
2024-12-15	SP	Boa	21	O3	23	\N	52	\N	46	\N
2024-12-15	IR	Boa	24	O3	15	5	60	0.4	53	4
2024-12-15	BG	Boa	28	O3	12	\N	70	\N	\N	\N
2024-12-15	CG	Boa	24	O3	14	\N	59	\N	29	\N
2024-12-15	PG	Boa	28	O3	15	\N	71	\N	\N	\N
2024-12-16	CA	Boa	21	MP10	26	\N	41	0.5	\N	\N
2024-12-16	AV	Boa	26	O3	23	\N	66	\N	\N	\N
2024-12-16	SP	Boa	21	O3	23	\N	52	\N	54	\N
2024-12-16	IR	Boa	26	O3	18	6	64	0.4	70	8
2024-12-16	BG	Boa	29	O3	17	\N	73	\N	\N	\N
2024-12-16	CG	Boa	28	O3	20	\N	71	\N	36	\N
2024-12-16	PG	Boa	34	O3	20	\N	86	\N	\N	\N
2024-12-17	CA	Boa	26	MP10	33	\N	33	0.6	\N	\N
2024-12-17	AV	Boa	22	MP10	27	\N	48	\N	\N	\N
2024-12-17	SP	Boa	25	MP10	31	\N	52	\N	46	\N
2024-12-17	IR	Boa	30	O3	26	11	76	0.4	49	7
2024-12-17	BG	Boa	30	O3	25	\N	76	\N	\N	\N
2024-12-17	CG	Boa	27	O3	30	\N	68	\N	26	\N
2024-12-17	PG	Boa	26	MP10	32	\N	44	\N	\N	\N
2024-12-18	CA	Boa	25	MP10	31	\N	34	0.4	\N	\N
2024-12-18	AV	Boa	22	MP10	28	\N	52	\N	\N	\N
2024-12-18	SP	Boa	31	MP10	39	\N	41	\N	37	\N
2024-12-18	IR	Boa	22	O3	19	6	55	0.3	31	6
2024-12-18	BG	Boa	22	O3	18	\N	56	\N	\N	\N
2024-12-18	CG	Boa	20	O3	23	\N	49	\N	21	\N
2024-12-18	PG	Boa	22	O3	23	\N	55	\N	\N	\N
\.


--
-- Data for Name: _hyper_1_52_chunk; Type: TABLE DATA; Schema: _timescaledb_internal; Owner: postgres
--

COPY _timescaledb_internal._hyper_1_52_chunk (data, codigo_estacao, classificacao, iqar, codigo_poluente, mp10, mp2_5, o3, co, no2, so2) FROM stdin;
2024-12-19	AV	Boa	22	MP10	27	\N	55	\N	\N	\N
2024-12-19	SP	Boa	28	MP10	35	\N	41	\N	31	\N
2024-12-19	IR	Boa	34	O3	20	8	86	0.3	40	9
2024-12-19	BG	Moderada	68	O3	27	\N	121	\N	\N	\N
2024-12-19	CG	Moderada	67	O3	38	\N	120	\N	30	\N
2024-12-19	PG	Boa	32	O3	30	\N	80	\N	\N	\N
2024-12-20	CA	Boa	5	O3	\N	\N	13	0.6	\N	\N
2024-12-20	AV	Boa	21	MP10	26	\N	44	\N	\N	\N
2024-12-20	SP	Boa	25	MP10	31	\N	46	\N	55	\N
2024-12-20	IR	Boa	23	O3	21	6	57	0.6	61	5
2024-12-20	BG	Boa	28	O3	27	\N	70	\N	\N	\N
2024-12-20	CG	Boa	27	MP10	34	\N	52	\N	29	\N
2024-12-20	PG	Boa	30	MP10	37	\N	72	\N	\N	\N
2024-12-21	CA	Boa	14	O3	\N	\N	35	0.6	\N	\N
2024-12-21	AV	Boa	18	O3	20	\N	46	\N	\N	\N
2024-12-21	SP	Boa	32	MP10	40	\N	55	\N	96	\N
2024-12-21	IR	Boa	30	O3	26	11	75	0.7	62	10
2024-12-21	BG	Boa	27	O3	21	\N	67	\N	\N	\N
2024-12-21	CG	Boa	25	O3	26	\N	62	\N	28	\N
2024-12-21	PG	Boa	37	O3	20	\N	92	\N	\N	\N
2024-12-22	CA	Boa	21	O3	\N	\N	53	0.5	\N	\N
2024-12-22	AV	Boa	26	O3	19	\N	65	\N	\N	\N
2024-12-22	SP	Boa	33	MP10	41	\N	53	\N	70	\N
2024-12-22	IR	Boa	32	O3	26	14	80	0.8	53	14
2024-12-22	BG	Boa	29	O3	22	\N	73	\N	\N	\N
2024-12-22	CG	Boa	24	O3	27	\N	59	\N	29	\N
2024-12-22	PG	Boa	32	O3	23	\N	80	\N	\N	\N
2024-12-23	CA	Boa	12	O3	\N	\N	31	0.4	\N	\N
2024-12-23	AV	Boa	21	O3	25	\N	53	\N	\N	\N
2024-12-23	SP	Boa	29	MP10	36	\N	27	\N	71	\N
2024-12-23	IR	Boa	18	O3	19	7	45	0.4	48	4
2024-12-23	BG	Boa	20	O3	18	\N	49	\N	\N	\N
2024-12-23	CG	Boa	27	O3	19	\N	67	\N	19	\N
2024-12-23	PG	Boa	31	O3	24	\N	77	\N	\N	\N
2024-12-24	CA	Boa	9	O3	\N	\N	23	0.3	\N	\N
2024-12-24	AV	Boa	16	O3	17	\N	41	\N	\N	\N
2024-12-24	SP	Boa	27	MP10	34	\N	28	\N	14	\N
2024-12-24	IR	Boa	14	MP10	17	5	30	0.4	38	6
2024-12-24	BG	Boa	18	MP10	22	\N	37	\N	\N	\N
2024-12-24	CG	Boa	16	MP10	20	\N	40	\N	16	\N
2024-12-24	PG	Boa	21	MP10	26	\N	42	\N	\N	\N
2024-12-25	CA	Boa	16	O3	\N	\N	40	0.3	\N	\N
2024-12-25	AV	Boa	19	O3	13	\N	48	\N	\N	\N
2024-12-25	SP	Boa	20	O3	21	\N	51	\N	26	\N
2024-12-25	IR	Boa	28	O3	16	5	70	0.4	27	7
2024-12-25	BG	Boa	28	O3	21	\N	71	\N	\N	\N
2024-12-25	CG	Boa	31	O3	26	\N	78	\N	32	\N
2024-12-25	PG	Boa	28	O3	27	\N	69	\N	\N	\N
\.


--
-- Data for Name: _hyper_1_53_chunk; Type: TABLE DATA; Schema: _timescaledb_internal; Owner: postgres
--

COPY _timescaledb_internal._hyper_1_53_chunk (data, codigo_estacao, classificacao, iqar, codigo_poluente, mp10, mp2_5, o3, co, no2, so2) FROM stdin;
2024-12-26	CA	Boa	12	O3	\N	\N	29	0.5	\N	\N
2024-12-26	AV	Boa	14	MP10	17	\N	24	\N	\N	\N
2024-12-26	SP	Boa	20	MP10	25	\N	30	\N	56	\N
2024-12-26	IR	Boa	24	SO2	16	4	37	0.9	50	12
2024-12-26	BG	Boa	14	O3	11	\N	35	\N	\N	\N
2024-12-26	CG	Boa	17	MP10	21	\N	37	\N	27	\N
2024-12-26	PG	Boa	21	O3	18	\N	52	\N	\N	\N
2024-12-27	CA	Boa	15	O3	\N	\N	38	0.6	\N	\N
2024-12-27	AV	Boa	14	O3	11	\N	34	\N	\N	\N
2024-12-27	SP	Boa	22	MP10	28	\N	40	\N	78	\N
2024-12-27	IR	Boa	20	O3	16	4	50	0.4	49	5
2024-12-27	BG	Boa	21	O3	15	\N	52	\N	\N	\N
2024-12-27	CG	Boa	16	O3	17	\N	41	\N	23	\N
2024-12-27	PG	Boa	22	O3	13	\N	55	\N	\N	\N
2024-12-28	CA	Boa	31	O3	\N	\N	78	0.4	\N	\N
2024-12-28	AV	Boa	27	O3	12	\N	67	\N	\N	\N
2024-12-28	SP	Boa	24	O3	22	\N	59	\N	56	\N
2024-12-28	IR	Boa	34	O3	14	4	85	0.7	41	8
2024-12-28	BG	Boa	30	O3	17	\N	76	\N	\N	\N
2024-12-28	CG	Boa	30	O3	15	\N	74	\N	17	\N
2024-12-28	PG	Boa	34	O3	18	\N	86	\N	\N	\N
2024-12-29	CA	Boa	24	O3	\N	\N	61	0.3	\N	\N
2024-12-29	AV	Boa	24	O3	9	\N	61	\N	\N	\N
2024-12-29	SP	Boa	20	O3	24	\N	50	\N	45	\N
2024-12-29	IR	Boa	28	O3	14	4	70	0.5	36	5
2024-12-29	BG	Boa	29	O3	\N	\N	73	\N	\N	\N
2024-12-29	CG	Boa	28	O3	17	\N	69	\N	19	\N
2024-12-29	PG	Boa	26	O3	22	\N	66	\N	\N	\N
2024-12-30	CA	Boa	21	O3	\N	\N	53	0.3	\N	\N
2024-12-30	AV	Boa	25	O3	12	\N	62	\N	\N	\N
2024-12-30	SP	Boa	22	MP10	28	\N	38	\N	47	\N
2024-12-30	IR	Boa	17	O3	18	4	42	0.4	55	7
2024-12-30	BG	Boa	23	O3	17	\N	58	\N	\N	\N
2024-12-30	CG	Boa	23	O3	21	\N	57	\N	28	\N
2024-12-30	PG	Boa	29	O3	26	\N	72	\N	\N	\N
2024-12-31	CA	Boa	22	O3	\N	\N	56	0.2	\N	\N
2024-12-31	AV	Boa	18	O3	14	\N	46	\N	\N	\N
2024-12-31	SP	Boa	22	MP10	28	\N	49	\N	39	\N
2024-12-31	IR	Boa	38	O3	25	10	96	0.4	42	5
2024-12-31	BG	Moderada	58	O3	24	\N	114	\N	\N	\N
2024-12-31	CG	Boa	36	O3	27	\N	91	\N	20	\N
2024-12-31	PG	Boa	31	MP10	39	\N	64	\N	\N	\N
2025-01-01	CA	Boa	28	O3	\N	\N	69	0.3	\N	\N
2025-01-01	AV	Boa	26	O3	22	\N	64	\N	\N	\N
2025-01-01	SP	Boa	24	O3	29	\N	60	\N	31	\N
2025-01-01	IR	Boa	32	O3	22	13	81	0.5	38	9
2025-01-01	BG	Boa	39	O3	37	\N	97	\N	\N	\N
2025-01-01	CG	Boa	34	O3	38	\N	86	\N	21	\N
2025-01-01	PG	Boa	38	MP10	47	\N	71	\N	\N	\N
\.


--
-- Data for Name: _hyper_1_54_chunk; Type: TABLE DATA; Schema: _timescaledb_internal; Owner: postgres
--

COPY _timescaledb_internal._hyper_1_54_chunk (data, codigo_estacao, classificacao, iqar, codigo_poluente, mp10, mp2_5, o3, co, no2, so2) FROM stdin;
2025-01-02	CA	Boa	29	O3	\N	\N	72	0.3	\N	\N
2025-01-02	AV	Boa	26	O3	18	\N	66	\N	\N	\N
2025-01-02	SP	Boa	28	O3	34	\N	70	\N	70	\N
2025-01-02	IR	Moderada	60	O3	20	8	115	0.5	42	11
2025-01-02	BG	Ruim	104	O3	25	\N	148	\N	\N	\N
2025-01-02	CG	Moderada	44	O3	22	\N	103	\N	24	\N
2025-01-02	PG	Boa	26	MP10	32	\N	62	\N	\N	\N
2025-01-03	CA	Boa	38	O3	\N	\N	96	0.4	\N	\N
2025-01-03	AV	Boa	32	O3	\N	\N	80	\N	\N	\N
2025-01-03	SP	Boa	25	MP10	31	\N	63	\N	86	\N
2025-01-03	IR	Boa	32	O3	20	7	80	0.5	90	8
2025-01-03	BG	Boa	24	O3	23	\N	61	\N	\N	\N
2025-01-03	CG	Boa	29	O3	19	\N	72	\N	34	\N
2025-01-03	PG	Moderada	41	O3	24	\N	101	\N	\N	\N
2025-01-04	CA	Moderada	45	O3	\N	\N	104	0.5	\N	\N
2025-01-04	AV	Moderada	46	O3	\N	\N	105	\N	\N	\N
2025-01-04	SP	Boa	30	O3	28	\N	76	\N	53	\N
2025-01-04	IR	Boa	34	O3	17	8	86	0.4	45	4
2025-01-04	BG	Boa	37	O3	18	\N	93	\N	\N	\N
2025-01-04	CG	Boa	36	O3	19	\N	91	\N	29	\N
2025-01-04	PG	Moderada	49	O3	27	\N	107	\N	\N	\N
2025-01-05	CA	Boa	30	O3	\N	\N	75	0.4	\N	\N
2025-01-05	AV	Boa	25	O3	\N	\N	62	\N	\N	\N
2025-01-05	SP	Boa	26	O3	31	\N	66	\N	51	\N
2025-01-05	IR	Boa	33	O3	17	7	83	0.4	36	6
2025-01-05	BG	Boa	33	O3	23	\N	83	\N	\N	\N
2025-01-05	CG	Boa	33	O3	19	\N	82	\N	14	\N
2025-01-05	PG	Boa	31	O3	21	\N	78	\N	\N	\N
2025-01-06	CA	Boa	30	O3	\N	\N	75	0.3	\N	\N
2025-01-06	AV	Boa	29	O3	\N	\N	72	\N	\N	\N
2025-01-06	SP	Boa	25	MP10	31	\N	63	\N	39	\N
2025-01-06	IR	Boa	40	O3	20	7	100	0.4	41	7
2025-01-06	BG	Ruim	93	O3	24	\N	140	\N	\N	\N
2025-01-06	CG	Moderada	65	O3	23	\N	119	\N	16	\N
2025-01-06	PG	Boa	37	O3	21	\N	93	\N	\N	\N
2025-01-07	CA	Boa	26	O3	\N	\N	65	0.4	\N	\N
2025-01-07	AV	Boa	26	O3	18	\N	66	\N	\N	\N
2025-01-07	SP	Boa	25	MP10	31	\N	46	\N	60	\N
2025-01-07	IR	Boa	31	O3	21	7	78	0.5	37	8
2025-01-07	BG	Boa	28	O3	28	\N	71	\N	\N	\N
2025-01-07	CG	Boa	23	O3	20	\N	57	\N	28	\N
2025-01-07	PG	Boa	28	O3	19	\N	70	\N	\N	\N
2025-01-08	CA	Boa	20	O3	\N	\N	49	0.3	\N	\N
2025-01-08	AV	Boa	24	O3	\N	\N	59	\N	\N	\N
2025-01-08	SP	Boa	18	MP10	23	\N	39	\N	27	\N
2025-01-08	IR	Boa	24	O3	12	5	60	0.3	36	6
2025-01-08	BG	Boa	25	O3	15	\N	62	\N	\N	\N
2025-01-08	CG	Boa	14	MP10	18	\N	\N	\N	19	\N
2025-01-08	PG	Boa	24	O3	16	\N	60	\N	\N	\N
\.


--
-- Data for Name: _hyper_1_55_chunk; Type: TABLE DATA; Schema: _timescaledb_internal; Owner: postgres
--

COPY _timescaledb_internal._hyper_1_55_chunk (data, codigo_estacao, classificacao, iqar, codigo_poluente, mp10, mp2_5, o3, co, no2, so2) FROM stdin;
2025-01-09	CA	Boa	12	O3	\N	\N	31	0.4	\N	\N
2025-01-09	AV	Boa	13	O3	\N	\N	33	\N	\N	\N
2025-01-09	SP	Boa	22	MP10	27	\N	29	\N	37	\N
2025-01-09	IR	Boa	16	O3	10	3	41	0.5	45	8
2025-01-09	BG	Boa	16	O3	12	\N	41	\N	\N	\N
2025-01-09	CG	Boa	10	MP10	12	\N	\N	\N	26	\N
2025-01-09	PG	Boa	20	O3	11	\N	50	\N	\N	\N
2025-01-10	CA	Boa	12	O3	\N	\N	31	0.4	\N	\N
2025-01-10	AV	Boa	14	MP10	18	\N	33	\N	\N	\N
2025-01-10	SP	Boa	25	MP10	31	\N	34	\N	21	\N
2025-01-10	IR	Boa	18	O3	18	6	46	0.5	38	3
2025-01-10	BG	Boa	18	O3	19	\N	45	\N	\N	\N
2025-01-10	CG	Boa	16	MP10	20	\N	\N	\N	24	\N
2025-01-10	PG	Boa	18	O3	17	\N	45	\N	\N	\N
2025-01-11	CA	Boa	20	O3	\N	\N	50	0.4	\N	\N
2025-01-11	AV	Boa	21	O3	19	\N	52	\N	\N	\N
2025-01-11	SP	Boa	26	MP10	33	\N	37	\N	51	\N
2025-01-11	IR	Boa	32	O3	22	10	79	0.5	35	7
2025-01-11	BG	Boa	28	O3	21	\N	69	\N	\N	\N
2025-01-11	CG	Boa	4	NO2	\N	\N	\N	\N	21	\N
2025-01-11	PG	Boa	22	O3	22	\N	54	\N	\N	\N
2025-01-12	CA	Boa	13	O3	\N	\N	32	0.1	\N	\N
2025-01-12	AV	Boa	13	MP10	16	\N	30	\N	\N	\N
2025-01-12	SP	Boa	21	MP10	26	\N	29	\N	19	\N
2025-01-12	IR	Boa	16	O3	12	7	40	0.4	35	3
2025-01-12	BG	Boa	16	O3	16	\N	41	0.4	35	3
2025-01-12	PG	Boa	19	O3	18	\N	48	\N	\N	\N
2025-01-13	CA	Boa	13	O3	\N	\N	33	0.2	\N	\N
2025-01-13	AV	Boa	14	O3	15	\N	35	\N	\N	\N
2025-01-13	SP	Boa	22	MP10	27	\N	31	\N	50	\N
2025-01-13	IR	Boa	18	SO2	15	7	30	0.4	48	9
2025-01-13	BG	Boa	16	O3	16	\N	39	\N	\N	\N
2025-01-13	CG	Boa	12	MP10	15	\N	\N	\N	26	\N
2025-01-13	PG	Boa	18	O3	8	\N	45	\N	\N	\N
2025-01-14	CA	Boa	11	O3	\N	\N	28	0.4	\N	\N
2025-01-14	AV	Boa	8	O3	\N	\N	20	\N	\N	\N
2025-01-14	SP	Boa	29	MP10	36	\N	24	\N	48	\N
2025-01-14	IR	Boa	18	O3	21	10	46	0.7	47	5
2025-01-14	BG	Boa	20	O3	18	\N	49	\N	\N	\N
2025-01-14	CG	Boa	15	MP10	19	\N	\N	\N	22	\N
2025-01-14	PG	Boa	20	O3	16	\N	50	\N	\N	\N
2025-01-15	CA	Boa	16	O3	\N	\N	41	0.4	\N	\N
2025-01-15	AV	Boa	21	O3	\N	\N	52	\N	\N	\N
2025-01-15	SP	Boa	24	MP10	30	\N	35	\N	47	\N
2025-01-15	IR	Boa	26	O3	14	6	65	0.5	32	7
2025-01-15	BG	Boa	28	O3	21	\N	71	\N	\N	\N
2025-01-15	CG	Boa	28	O3	26	\N	70	\N	25	\N
2025-01-15	PG	Boa	28	O3	23	\N	69	\N	\N	\N
\.


--
-- Data for Name: _hyper_1_56_chunk; Type: TABLE DATA; Schema: _timescaledb_internal; Owner: postgres
--

COPY _timescaledb_internal._hyper_1_56_chunk (data, codigo_estacao, classificacao, iqar, codigo_poluente, mp10, mp2_5, o3, co, no2, so2) FROM stdin;
2025-01-16	CA	Boa	14	O3	\N	\N	36	0.3	\N	\N
2025-01-16	AV	Boa	19	MP10	24	\N	40	\N	\N	\N
2025-01-16	SP	Boa	24	MP10	30	\N	32	\N	25	\N
2025-01-16	IR	Boa	29	O3	19	5	72	\N	30	6
2025-01-16	BG	Boa	32	O3	22	\N	80	\N	\N	\N
2025-01-16	CG	Boa	35	O3	21	\N	87	\N	23	\N
2025-01-16	PG	Boa	26	O3	23	\N	64	\N	\N	\N
2025-01-17	CA	Boa	20	O3	\N	\N	50	1.1	\N	\N
2025-01-17	AV	Boa	34	MP10	43	\N	56	\N	\N	\N
2025-01-17	SP	Boa	26	MP10	33	\N	47	\N	37	\N
2025-01-17	IR	Boa	37	O3	24	6	92	0.6	39	5
2025-01-17	BG	Boa	40	O3	23	\N	100	\N	\N	\N
2025-01-17	CG	Boa	28	O3	23	\N	70	\N	23	\N
2025-01-17	PG	Boa	30	O3	28	\N	75	\N	\N	\N
2025-01-18	CA	Boa	32	O3	\N	\N	80	\N	\N	\N
2025-01-18	AV	Boa	38	MP10	47	\N	65	\N	\N	\N
2025-01-18	SP	Boa	34	MP10	43	\N	75	\N	70	\N
2025-01-18	IR	Ruim	90	O3	38	16	138	0.6	59	8
2025-01-18	BG	Moderada	50	O3	33	\N	108	\N	\N	\N
2025-01-18	CG	Moderada	53	O3	37	\N	110	\N	41	\N
2025-01-18	PG	Moderada	69	O3	42	\N	122	\N	\N	\N
2025-01-19	CA	Moderada	50	O3	\N	\N	108	0.6	\N	\N
2025-01-19	AV	Boa	38	O3	34	\N	96	\N	\N	\N
2025-01-19	SP	Moderada	53	O3	48	\N	110	\N	78	\N
2025-01-19	IR	Muito ruim	176	O3	42	16	188	1.2	44	\N
2025-01-19	BG	Moderada	54	O3	30	\N	111	\N	\N	\N
2025-01-19	CG	Boa	39	O3	31	\N	98	\N	30	\N
2025-01-19	PG	Boa	40	O3	36	\N	100	\N	\N	\N
2025-01-20	CA	Ruim	90	O3	\N	\N	138	0.4	\N	\N
2025-01-20	AV	Boa	39	O3	28	\N	98	\N	\N	\N
2025-01-20	SP	Moderada	50	O3	43	\N	108	\N	69	\N
2025-01-20	IR	Moderada	57	O3	41	15	113	1	54	\N
2025-01-20	BG	Boa	40	O3	22	\N	99	\N	\N	\N
2025-01-20	CG	Moderada	52	O3	25	\N	109	\N	36	\N
2025-01-20	PG	Moderada	61	O3	38	\N	116	\N	\N	\N
2025-01-21	CA	Moderada	64	O3	\N	\N	118	0.6	\N	\N
2025-01-21	AV	Ruim	117	O3	31	\N	158	\N	\N	\N
2025-01-21	SP	Boa	32	MP10	40	\N	63	\N	107	\N
2025-01-21	IR	Moderada	53	O3	\N	14	110	0.7	69	\N
2025-01-21	BG	Moderada	57	O3	21	\N	113	\N	\N	\N
2025-01-21	CG	Moderada	49	O3	25	\N	107	\N	39	\N
2025-01-21	PG	Moderada	41	O3	46	\N	101	\N	\N	\N
2025-01-22	CA	Boa	38	O3	\N	\N	94	0.5	\N	\N
2025-01-22	AV	Moderada	54	O3	26	\N	111	\N	\N	\N
2025-01-22	SP	Boa	34	MP10	38	\N	65	\N	89	\N
2025-01-22	IR	Ruim	109	O3	31	13	152	0.6	55	\N
2025-01-22	BG	Ruim	103	O3	29	\N	147	\N	\N	\N
2025-01-22	CG	Ruim	105	O3	33	\N	149	\N	39	\N
2025-01-22	PG	Moderada	75	O3	37	\N	126	\N	\N	\N
\.


--
-- Data for Name: _hyper_1_57_chunk; Type: TABLE DATA; Schema: _timescaledb_internal; Owner: postgres
--

COPY _timescaledb_internal._hyper_1_57_chunk (data, codigo_estacao, classificacao, iqar, codigo_poluente, mp10, mp2_5, o3, co, no2, so2) FROM stdin;
2025-01-23	CA	Boa	24	O3	\N	\N	61	0.7	\N	\N
2025-01-23	AV	Boa	26	O3	23	\N	66	\N	\N	\N
2025-01-23	SP	Boa	34	MP10	38	\N	61	\N	88	\N
2025-01-23	IR	Ruim	111	O3	28	12	153	0.5	55	\N
2025-01-23	BG	Moderada	68	O3	29	\N	121	\N	\N	\N
2025-01-23	CG	Boa	39	O3	31	\N	97	\N	32	\N
2025-01-23	PG	Boa	32	O3	32	\N	80	\N	\N	\N
2025-01-24	CA	Boa	22	O3	\N	\N	55	0.3	\N	\N
2025-01-24	AV	Boa	25	MP10	27	\N	53	\N	\N	\N
2025-01-24	SP	Boa	38	MP10	43	\N	69	\N	84	\N
2025-01-24	IR	Muito ruim	131	O3	32	13	166	6.9	56	\N
2025-01-24	BG	Muito ruim	147	O3	35	\N	174	\N	\N	\N
2025-01-24	CG	Ruim	113	O3	37	\N	155	\N	35	\N
2025-01-24	PG	Boa	35	O3	32	\N	88	\N	\N	\N
2025-01-25	CA	Boa	23	O3	\N	\N	58	0.7	\N	\N
2025-01-25	AV	Boa	20	O3	21	\N	51	\N	\N	\N
2025-01-25	SP	Boa	29	O3	33	\N	71	\N	49	\N
2025-01-25	IR	Moderada	60	O3	23	7	115	0.7	50	\N
2025-01-25	BG	Boa	39	O3	25	\N	98	\N	\N	\N
2025-01-25	CG	Boa	31	MP10	35	\N	71	\N	27	\N
2025-01-25	PG	Boa	33	MP10	37	\N	72	\N	\N	\N
2025-01-26	AV	Boa	29	O3	21	\N	72	\N	\N	\N
2025-01-26	SP	Boa	33	O3	33	\N	82	\N	87	\N
2025-01-26	IR	Moderada	57	O3	18	6	113	0.5	41	\N
2025-01-26	BG	Boa	37	O3	18	\N	92	\N	\N	\N
2025-01-26	CG	Boa	37	O3	24	\N	92	\N	21	\N
2025-01-26	PG	Boa	34	O3	23	\N	86	\N	\N	\N
2025-01-27	CA	Boa	7	O3	\N	\N	17	\N	\N	\N
2025-01-27	AV	Boa	21	O3	16	\N	53	\N	\N	\N
2025-01-27	SP	Boa	31	MP10	35	\N	31	\N	69	\N
2025-01-27	IR	Boa	27	O3	19	5	67	0.7	40	\N
2025-01-27	BG	Boa	28	O3	15	\N	69	\N	\N	\N
2025-01-27	CG	Boa	24	O3	19	\N	60	\N	25	\N
2025-01-27	PG	Boa	20	O3	16	\N	50	\N	\N	\N
2025-01-28	CA	Boa	22	O3	\N	\N	56	0.4	\N	\N
2025-01-28	AV	Boa	23	O3	15	\N	57	\N	\N	\N
2025-01-28	SP	Boa	29	O3	31	\N	72	\N	57	\N
2025-01-28	IR	Moderada	79	O3	26	\N	129	0.5	39	\N
2025-01-28	BG	Moderada	73	O3	23	\N	125	\N	\N	\N
2025-01-28	CG	Moderada	63	O3	25	\N	117	\N	35	\N
2025-01-28	PG	Boa	33	O3	26	\N	83	\N	\N	\N
2025-01-29	CA	Boa	23	O3	\N	\N	57	0.7	\N	\N
2025-01-29	AV	Boa	30	O3	18	\N	76	\N	\N	\N
2025-01-29	SP	Boa	29	O3	33	\N	70	\N	73	\N
2025-01-29	IR	Moderada	72	O3	26	8	124	0.6	52	\N
2025-01-29	BG	Moderada	79	O3	21	\N	129	\N	\N	\N
2025-01-29	CG	Moderada	48	O3	26	\N	106	\N	29	\N
2025-01-29	PG	Boa	36	O3	21	\N	89	\N	\N	\N
\.


--
-- Data for Name: _hyper_1_58_chunk; Type: TABLE DATA; Schema: _timescaledb_internal; Owner: postgres
--

COPY _timescaledb_internal._hyper_1_58_chunk (data, codigo_estacao, classificacao, iqar, codigo_poluente, mp10, mp2_5, o3, co, no2, so2) FROM stdin;
2025-01-30	CA	Boa	13	O3	\N	\N	32	0.6	\N	\N
2025-01-30	AV	Boa	20	O3	21	\N	49	\N	\N	\N
2025-01-30	SP	Boa	25	MP10	28	\N	46	\N	71	\N
2025-01-30	IR	Boa	27	O3	30	10	66	0.7	54	\N
2025-01-30	BG	Boa	31	O3	25	\N	77	\N	\N	\N
2025-01-30	CG	Boa	29	O3	25	\N	72	\N	32	\N
2025-01-30	PG	Boa	29	O3	16	\N	73	\N	\N	\N
2025-01-31	CA	Boa	13	O3	\N	\N	32	0.4	\N	\N
2025-01-31	AV	Boa	16	O3	18	\N	39	\N	\N	\N
2025-01-31	SP	Boa	21	MP10	24	\N	41	\N	57	\N
2025-01-31	IR	Boa	24	O3	25	9	61	0.6	49	\N
2025-01-31	BG	Boa	24	O3	11	\N	61	0.6	49	\N
2025-01-31	CG	Boa	20	O3	15	\N	51	\N	36	\N
2025-01-31	PG	Boa	24	O3	14	\N	60	\N	\N	\N
2025-02-01	CA	Boa	17	O3	\N	\N	42	0.4	\N	\N
2025-02-01	AV	Boa	22	O3	24	\N	54	\N	\N	\N
2025-02-01	SP	Boa	26	MP10	29	\N	52	\N	67	\N
2025-02-01	IR	Boa	22	O3	21	7	56	1.1	50	\N
2025-02-01	BG	Boa	24	O3	17	\N	60	\N	\N	\N
2025-02-01	CG	Boa	20	O3	23	\N	49	\N	27	\N
2025-02-01	PG	Boa	26	O3	21	\N	64	\N	\N	\N
2025-02-02	CA	Boa	17	O3	\N	\N	42	0.7	\N	\N
2025-02-02	AV	Boa	22	O3	20	\N	54	\N	\N	\N
2025-02-02	SP	Boa	25	O3	28	\N	57	\N	69	\N
2025-02-02	IR	Boa	24	MP10	23	9	39	0.6	37	\N
2025-02-02	BG	Boa	19	MP10	21	\N	43	\N	\N	\N
2025-02-02	CG	Boa	17	O3	19	\N	43	\N	24	\N
2025-02-02	PG	Boa	18	O3	19	\N	45	\N	\N	\N
2025-02-03	CA	Boa	24	O3	\N	\N	61	0.5	\N	\N
2025-02-03	AV	Boa	32	O3	20	\N	79	\N	\N	\N
2025-02-03	SP	Boa	34	O3	29	\N	85	\N	63	\N
2025-02-03	IR	Boa	36	O3	24	9	90	0.8	58	\N
2025-02-03	BG	Boa	33	MP10	37	\N	56	\N	\N	\N
2025-02-03	CG	Boa	27	O3	30	\N	64	\N	40	\N
2025-02-03	PG	Boa	34	O3	23	\N	85	\N	\N	\N
2025-02-04	CA	Boa	26	O3	\N	\N	66	0.5	\N	\N
2025-02-04	AV	Boa	32	O3	26	\N	79	\N	\N	\N
2025-02-04	SP	Boa	37	MP10	42	\N	71	\N	64	\N
2025-02-04	IR	Moderada	68	O3	31	10	121	0.5	36	\N
2025-02-04	BG	Moderada	61	O3	32	\N	116	\N	\N	\N
2025-02-04	CG	Boa	34	O3	33	\N	85	\N	42	\N
2025-02-04	PG	Moderada	52	O3	31	\N	109	\N	\N	\N
2025-02-05	CA	Boa	28	O3	\N	\N	69	0.3	\N	\N
2025-02-05	AV	Boa	28	O3	31	\N	64	\N	\N	\N
2025-02-05	SP	Boa	40	MP10	45	\N	87	\N	65	\N
2025-02-05	IR	Boa	33	MP10	37	11	69	0.4	79	\N
2025-02-05	BG	Moderada	56	O3	38	\N	112	\N	\N	\N
2025-02-05	CG	Boa	40	MP10	46	\N	86	\N	45	\N
2025-02-05	PG	Boa	39	O3	39	\N	97	\N	\N	\N
\.


--
-- Data for Name: _hyper_1_59_chunk; Type: TABLE DATA; Schema: _timescaledb_internal; Owner: postgres
--

COPY _timescaledb_internal._hyper_1_59_chunk (data, codigo_estacao, classificacao, iqar, codigo_poluente, mp10, mp2_5, o3, co, no2, so2) FROM stdin;
2025-02-06	CA	Moderada	42	O3	\N	\N	101	0.7	\N	\N
2025-02-06	AV	Boa	33	O3	33	\N	82	\N	\N	\N
2025-02-06	SP	Boa	40	O3	43	\N	99	\N	74	\N
2025-02-06	IR	Moderada	65	O3	39	13	119	0.6	85	\N
2025-02-06	BG	Ruim	90	O3	40	\N	138	\N	\N	\N
2025-02-06	CG	Moderada	47	MP10	54	\N	102	\N	56	\N
2025-02-06	PG	Moderada	73	O3	43	\N	125	\N	\N	\N
2025-02-07	CA	Boa	28	O3	\N	\N	70	0.4	\N	\N
2025-02-07	AV	Moderada	41	O3	35	\N	101	\N	\N	\N
2025-02-07	SP	Boa	43	MP10	49	\N	80	\N	86	\N
2025-02-07	IR	Ruim	88	O3	41	16	136	0.7	83	\N
2025-02-07	BG	Ruim	86	O3	42	\N	135	\N	\N	\N
2025-02-07	CG	Moderada	72	O3	40	\N	124	\N	35	\N
2025-02-07	PG	Moderada	65	O3	48	\N	119	\N	\N	\N
2025-02-08	CA	Boa	34	O3	\N	\N	85	0.4	\N	\N
2025-02-08	AV	Boa	39	O3	27	\N	98	\N	\N	\N
2025-02-08	SP	Boa	37	MP10	42	\N	76	\N	78	\N
2025-02-08	IR	Boa	38	O3	23	8	94	0.5	57	\N
2025-02-08	BG	Boa	36	O3	29	\N	91	\N	\N	\N
2025-02-08	CG	Boa	32	O3	30	\N	80	\N	39	\N
2025-02-08	PG	Boa	30	O3	34	\N	75	\N	\N	\N
2025-02-09	CA	Boa	17	O3	\N	\N	43	0.2	\N	\N
2025-02-09	AV	Boa	19	MP10	21	\N	42	\N	\N	\N
2025-02-09	SP	Boa	26	MP10	29	\N	47	\N	44	\N
2025-02-09	IR	Boa	29	O3	18	5	72	0.4	29	\N
2025-02-09	BG	Moderada	42	O3	28	\N	102	\N	\N	\N
2025-02-09	CG	Boa	38	O3	33	\N	94	\N	36	\N
2025-02-09	PG	Boa	32	MP10	36	\N	62	\N	\N	\N
2025-02-10	CA	Boa	18	O3	\N	\N	45	0.4	\N	\N
2025-02-10	AV	Boa	21	O3	19	\N	52	\N	\N	\N
2025-02-10	SP	Boa	24	O3	26	\N	59	\N	48	\N
2025-02-10	IR	Boa	34	O3	20	5	86	0.5	44	\N
2025-02-10	BG	Ruim	98	O3	32	\N	144	\N	\N	\N
2025-02-10	CG	Boa	33	O3	29	\N	82	\N	38	\N
2025-02-10	PG	Boa	29	O3	33	\N	69	\N	\N	\N
2025-02-11	CA	Boa	14	O3	\N	\N	34	0.5	\N	\N
2025-02-11	AV	Boa	20	MP10	23	\N	38	\N	\N	\N
2025-02-11	SP	Boa	27	MP10	30	\N	54	\N	54	\N
2025-02-11	IR	Boa	37	O3	21	5	93	0.4	47	\N
2025-02-11	BG	Ruim	108	O3	34	\N	151	\N	\N	\N
2025-02-11	CG	Boa	37	O3	35	\N	92	\N	41	\N
2025-02-11	PG	Boa	36	O3	40	\N	90	\N	\N	\N
2025-02-12	CA	Boa	28	O3	\N	\N	69	0.6	\N	\N
2025-02-12	AV	Boa	23	MP10	29	\N	56	\N	\N	\N
2025-02-12	SP	Boa	32	O3	34	\N	79	\N	60	\N
2025-02-12	IR	Boa	32	O3	22	6	79	0.5	55	\N
2025-02-12	BG	Boa	33	O3	30	\N	82	\N	\N	\N
2025-02-12	CG	Boa	31	MP10	39	\N	53	\N	43	\N
2025-02-12	PG	Moderada	42	MP10	52	\N	72	\N	\N	\N
\.


--
-- Data for Name: _hyper_1_5_chunk; Type: TABLE DATA; Schema: _timescaledb_internal; Owner: postgres
--

COPY _timescaledb_internal._hyper_1_5_chunk (data, codigo_estacao, classificacao, iqar, codigo_poluente, mp10, mp2_5, o3, co, no2, so2) FROM stdin;
2024-01-25	CA	Boa	18	MP10	22	\N	35	0.3	\N	\N
2024-01-25	AV	Boa	19	MP10	24	\N	30	\N	\N	\N
2024-01-25	SP	Boa	16	MP10	20	\N	30	\N	54	\N
2024-01-25	IR	Boa	31	O3	14	5	78	0.4	38	\N
2024-01-25	BG	Boa	22	O3	20	\N	56	\N	38	\N
2024-01-25	CG	Boa	29	O3	17	\N	72	\N	23	10
2024-01-25	PG	Boa	28	O3	16	\N	69	\N	\N	\N
2024-01-26	CA	Boa	13	MP10	16	\N	21	0.3	\N	\N
2024-01-26	AV	Boa	18	MP10	22	\N	16	\N	\N	\N
2024-01-26	SP	Boa	14	MP10	17	\N	18	\N	41	\N
2024-01-26	IR	Boa	12	O3	10	3	31	0.4	30	\N
2024-01-26	BG	Boa	14	O3	10	\N	36	\N	22	\N
2024-01-26	CG	Boa	16	O3	11	\N	41	\N	22	3
2024-01-26	PG	Boa	20	O3	9	\N	51	\N	\N	\N
2024-01-27	CA	Boa	22	MP10	27	\N	23	0.4	\N	\N
2024-01-27	AV	Boa	20	MP10	25	\N	16	\N	\N	\N
2024-01-27	SP	Boa	22	MP10	27	\N	20	\N	36	\N
2024-01-27	IR	Boa	16	O3	17	5	41	0.4	27	\N
2024-01-27	BG	Boa	18	MP10	23	\N	34	\N	19	\N
2024-01-27	CG	Boa	18	MP10	22	\N	44	\N	20	4
2024-01-27	PG	Boa	19	O3	18	\N	47	\N	\N	\N
2024-01-28	CA	Boa	19	MP10	24	\N	38	0.4	\N	\N
2024-01-28	AV	Boa	21	MP10	26	\N	21	\N	\N	\N
2024-01-28	SP	Boa	23	MP10	29	\N	28	\N	60	\N
2024-01-28	IR	Boa	28	O3	16	6	70	0.3	34	\N
2024-01-28	BG	Boa	26	O3	27	\N	66	\N	21	\N
2024-01-28	CG	Boa	26	O3	18	\N	65	\N	24	7
2024-01-28	PG	Boa	26	O3	21	\N	64	\N	\N	\N
2024-01-29	CA	Boa	20	O3	22	\N	49	0.3	\N	\N
2024-01-29	AV	Boa	18	MP10	22	\N	35	\N	\N	\N
2024-01-29	SP	Boa	15	NO2	\N	\N	30	\N	73	\N
2024-01-29	IR	Boa	36	O3	19	6	91	0.4	38	\N
2024-01-29	BG	Boa	26	O3	\N	\N	65	\N	16	\N
2024-01-29	CG	Boa	34	O3	18	\N	84	\N	26	1
2024-01-29	PG	Boa	32	O3	18	\N	80	\N	\N	\N
2024-01-30	CA	Boa	24	MP10	30	\N	54	0.4	\N	\N
2024-01-30	AV	Boa	22	MP10	27	\N	38	\N	\N	\N
2024-01-30	SP	Boa	26	MP10	33	\N	58	\N	72	\N
2024-01-30	IR	Ruim	82	O3	32	14	132	0.5	59	\N
2024-01-30	BG	Moderada	60	O3	\N	\N	115	\N	33	\N
2024-01-30	CG	Moderada	68	O3	38	\N	121	\N	38	3
2024-01-30	PG	Moderada	52	O3	30	\N	109	\N	\N	\N
2024-01-31	CA	Boa	28	O3	33	\N	70	0.5	\N	\N
2024-01-31	AV	Boa	26	O3	28	\N	66	\N	\N	\N
2024-01-31	SP	Boa	30	MP10	38	\N	50	\N	78	\N
2024-01-31	IR	Ruim	92	O3	33	15	139	0.5	51	\N
2024-01-31	BG	Moderada	56	O3	32	\N	112	\N	32	\N
2024-01-31	CG	Boa	21	O3	\N	\N	52	\N	21	\N
2024-01-31	PG	Boa	40	O3	29	\N	99	\N	\N	\N
\.


--
-- Data for Name: _hyper_1_60_chunk; Type: TABLE DATA; Schema: _timescaledb_internal; Owner: postgres
--

COPY _timescaledb_internal._hyper_1_60_chunk (data, codigo_estacao, classificacao, iqar, codigo_poluente, mp10, mp2_5, o3, co, no2, so2) FROM stdin;
2025-02-13	CA	Boa	36	O3	\N	\N	90	0.4	\N	\N
2025-02-13	AV	Boa	33	O3	30	\N	82	\N	\N	\N
2025-02-13	SP	Boa	35	O3	36	\N	87	\N	72	\N
2025-02-13	IR	Boa	37	O3	29	10	92	0.6	60	\N
2025-02-13	BG	Boa	36	O3	33	\N	89	\N	\N	\N
2025-02-13	CG	Boa	34	O3	33	\N	85	\N	36	\N
2025-02-13	PG	Boa	36	MP10	40	\N	77	\N	\N	\N
2025-02-14	CA	Boa	31	O3	\N	\N	78	0.4	\N	\N
2025-02-14	AV	Boa	34	O3	38	\N	81	\N	\N	\N
2025-02-14	SP	Boa	37	MP10	42	\N	79	\N	69	\N
2025-02-14	IR	Moderada	54	O3	33	12	111	0.6	73	\N
2025-02-14	BG	Moderada	61	O3	36	\N	116	\N	\N	\N
2025-02-14	CG	Moderada	46	O3	34	\N	105	\N	29	\N
2025-02-14	PG	Boa	39	MP10	44	\N	82	\N	\N	\N
2025-02-15	CA	Boa	29	O3	\N	\N	72	0.3	\N	\N
2025-02-15	AV	Boa	31	MP10	35	\N	71	\N	\N	\N
2025-02-15	SP	Moderada	47	MP10	54	\N	98	\N	77	\N
2025-02-15	IR	Ruim	84	O3	41	18	133	0.6	58	\N
2025-02-15	BG	Muito ruim	162	O3	46	\N	181	\N	\N	\N
2025-02-15	CG	Moderada	75	O3	39	\N	126	\N	22	\N
2025-02-15	PG	Boa	39	O3	\N	\N	98	\N	\N	\N
2025-02-16	CA	Boa	34	O3	\N	\N	86	0.4	\N	\N
2025-02-16	AV	Boa	31	MP10	35	\N	65	\N	\N	\N
2025-02-16	SP	Boa	43	MP10	49	\N	94	\N	62	\N
2025-02-16	IR	Moderada	69	O3	31	11	122	0.4	53	\N
2025-02-16	BG	Ruim	116	O3	41	\N	157	\N	\N	\N
2025-02-16	CG	Moderada	46	O3	45	\N	105	\N	47	\N
2025-02-16	PG	Moderada	61	O3	\N	\N	116	\N	\N	\N
2025-02-17	CA	Boa	34	O3	\N	\N	84	0.4	\N	\N
2025-02-17	AV	Boa	36	O3	31	\N	89	\N	\N	\N
2025-02-17	SP	Moderada	56	O3	\N	\N	112	\N	64	\N
2025-02-17	IR	Moderada	49	O3	31	8	107	0.4	65	\N
2025-02-17	BG	Moderada	73	O3	32	\N	125	\N	\N	\N
2025-02-17	CG	Moderada	57	O3	44	\N	113	\N	58	\N
2025-02-17	PG	Boa	34	O3	\N	\N	84	\N	\N	\N
2025-02-18	CA	Moderada	56	O3	\N	\N	112	0.5	\N	\N
2025-02-18	AV	Moderada	54	O3	41	\N	111	\N	\N	\N
2025-02-18	SP	Moderada	44	O3	\N	\N	103	\N	114	\N
2025-02-18	IR	Muito ruim	133	O3	47	21	167	0.6	78	\N
2025-02-18	BG	Muito ruim	194	O3	47	\N	197	\N	\N	\N
2025-02-18	CG	Muito ruim	172	O3	48	\N	186	\N	48	\N
2025-02-18	PG	Pssima	202	O3	\N	\N	204	\N	\N	\N
2025-02-19	CA	Boa	23	O3	\N	\N	58	0.4	\N	\N
2025-02-19	AV	Boa	28	O3	30	\N	69	\N	\N	\N
2025-02-19	SP	Boa	34	O3	\N	\N	86	\N	102	\N
2025-02-19	IR	Ruim	82	O3	47	10	132	0.5	52	\N
2025-02-19	BG	Muito ruim	141	O3	42	\N	171	\N	\N	\N
2025-02-19	CG	Muito ruim	129	O3	44	\N	165	\N	40	\N
2025-02-19	PG	Moderada	73	O3	\N	\N	125	\N	\N	\N
\.


--
-- Data for Name: _hyper_1_61_chunk; Type: TABLE DATA; Schema: _timescaledb_internal; Owner: postgres
--

COPY _timescaledb_internal._hyper_1_61_chunk (data, codigo_estacao, classificacao, iqar, codigo_poluente, mp10, mp2_5, o3, co, no2, so2) FROM stdin;
2025-02-20	CA	Boa	23	O3	\N	\N	58	0.3	\N	\N
2025-02-20	AV	Boa	23	O3	28	\N	57	\N	\N	\N
2025-02-20	SP	Boa	35	O3	\N	\N	88	\N	103	\N
2025-02-20	IR	Moderada	67	O3	\N	9	120	0.6	58	\N
2025-02-20	BG	Muito ruim	145	O3	41	\N	172	\N	\N	\N
2025-02-20	CG	Moderada	49	O3	38	\N	107	\N	29	\N
2025-02-20	PG	Moderada	49	O3	41	\N	107	\N	\N	\N
2025-02-21	CA	Boa	35	MP10	44	\N	47	0.4	\N	\N
2025-02-21	AV	Boa	24	O3	28	\N	61	\N	\N	\N
2025-02-21	SP	Boa	27	O3	\N	\N	67	\N	72	\N
2025-02-21	IR	Boa	37	O3	39	10	93	0.6	56	\N
2025-02-21	BG	Boa	37	O3	36	\N	93	\N	\N	\N
2025-02-21	CG	Boa	36	O3	31	\N	89	\N	35	\N
2025-02-21	PG	Boa	32	O3	38	\N	81	\N	\N	\N
2025-02-22	CA	Boa	33	MP10	41	\N	54	0.4	\N	\N
2025-02-22	AV	Boa	26	O3	29	\N	66	\N	\N	\N
2025-02-22	SP	Boa	39	MP10	49	\N	73	\N	78	\N
2025-02-22	IR	Moderada	61	O3	53	15	116	0.4	45	\N
2025-02-22	BG	Moderada	64	O3	38	\N	118	\N	\N	\N
2025-02-22	CG	Boa	39	O3	34	\N	97	\N	30	\N
2025-02-22	PG	Boa	35	O3	40	\N	87	\N	\N	\N
2025-02-23	CA	Boa	30	MP10	38	\N	42	0.3	\N	\N
2025-02-23	AV	Boa	27	O3	28	\N	68	\N	\N	\N
2025-02-23	SP	Boa	48	MP10	46	\N	68	0.4	35	\N
2025-02-23	IR	Moderada	48	O3	36	9	106	0.4	35	\N
2025-02-23	BG	Moderada	60	O3	33	\N	115	\N	\N	\N
2025-02-23	CG	Moderada	44	O3	30	\N	103	\N	24	\N
2025-02-23	PG	Boa	39	O3	35	\N	98	\N	\N	\N
2025-02-24	CA	Boa	22	MP10	28	\N	31	0.2	\N	\N
2025-02-24	AV	Boa	17	MP10	21	\N	42	\N	\N	\N
2025-02-24	SP	Boa	29	MP10	36	\N	49	\N	69	\N
2025-02-24	IR	Boa	29	O3	32	6	73	0.3	45	\N
2025-02-24	BG	Moderada	57	O3	32	\N	113	\N	\N	\N
2025-02-24	CG	Moderada	54	O3	33	\N	111	\N	23	\N
2025-02-24	PG	Boa	33	O3	37	\N	82	\N	\N	\N
2025-02-25	CA	Boa	26	MP10	33	\N	32	0.2	\N	\N
2025-02-25	AV	Boa	19	MP10	24	\N	45	\N	\N	\N
2025-02-25	SP	Boa	30	MP10	37	\N	48	\N	57	\N
2025-02-25	IR	Boa	28	O3	33	4	70	0.5	46	\N
2025-02-25	BG	Moderada	41	O3	32	\N	101	\N	\N	\N
2025-02-25	CG	Boa	38	O3	31	\N	94	\N	26	\N
2025-02-25	PG	Boa	33	O3	36	\N	83	\N	\N	\N
2025-02-26	CA	Boa	27	MP10	34	\N	40	0.4	\N	\N
2025-02-26	AV	Boa	22	MP10	27	\N	55	\N	\N	\N
2025-02-26	SP	Boa	31	MP10	39	\N	47	\N	71	\N
2025-02-26	IR	Boa	32	O3	\N	5	79	0.4	59	\N
2025-02-26	BG	Ruim	105	O3	34	\N	149	\N	\N	\N
2025-02-26	CG	Moderada	64	O3	35	\N	118	\N	41	\N
2025-02-26	PG	Boa	36	O3	33	\N	89	\N	\N	\N
\.


--
-- Data for Name: _hyper_1_62_chunk; Type: TABLE DATA; Schema: _timescaledb_internal; Owner: postgres
--

COPY _timescaledb_internal._hyper_1_62_chunk (data, codigo_estacao, classificacao, iqar, codigo_poluente, mp10, mp2_5, o3, co, no2, so2) FROM stdin;
2025-02-27	CA	Boa	20	O3	\N	\N	50	0.2	\N	\N
2025-02-27	AV	Boa	26	MP10	33	\N	44	\N	\N	\N
2025-02-27	SP	Boa	34	MP10	43	\N	72	\N	70	\N
2025-02-27	IR	Moderada	69	O3	45	8	122	0.4	58	\N
2025-02-27	BG	Muito ruim	137	O3	50	\N	169	\N	\N	\N
2025-02-27	CG	Moderada	45	O3	43	\N	104	\N	32	\N
2025-02-27	PG	Moderada	63	O3	41	\N	117	\N	\N	\N
2025-02-28	CA	Boa	23	MP10	29	\N	35	\N	\N	\N
2025-02-28	AV	Boa	24	MP10	30	\N	36	\N	\N	\N
2025-02-28	SP	Boa	30	MP10	37	\N	52	\N	55	\N
2025-02-28	IR	Boa	28	O3	27	4	69	0.3	33	\N
2025-02-28	BG	Moderada	46	O3	30	\N	105	\N	\N	\N
2025-02-28	CG	Boa	39	O3	34	\N	98	\N	26	\N
2025-02-28	PG	Boa	32	O3	39	\N	80	\N	\N	\N
2025-03-01	CA	Boa	26	MP10	33	\N	38	0.3	\N	\N
2025-03-01	AV	Boa	27	MP10	34	\N	33	\N	\N	\N
2025-03-01	SP	Boa	30	MP10	38	\N	54	\N	48	\N
2025-03-01	IR	Boa	22	O3	15	3	56	0.3	34	\N
2025-03-01	BG	Boa	32	O3	31	\N	81	\N	\N	\N
2025-03-01	CG	Boa	40	O3	26	\N	100	\N	27	\N
2025-03-01	PG	Boa	30	O3	36	\N	76	\N	\N	\N
2025-03-02	CA	Boa	25	MP10	31	\N	40	0.4	\N	\N
2025-03-02	AV	Boa	27	MP10	34	\N	43	\N	\N	\N
2025-03-02	SP	Boa	35	MP10	44	\N	52	\N	50	\N
2025-03-02	IR	Boa	37	O3	16	4	92	0.4	35	\N
2025-03-02	BG	Moderada	49	O3	32	\N	107	\N	\N	\N
2025-03-02	CG	Boa	35	O3	27	\N	88	\N	23	\N
2025-03-02	PG	Boa	36	O3	32	\N	89	\N	\N	\N
2025-03-03	CA	Boa	26	MP10	33	\N	29	0.4	\N	\N
2025-03-03	AV	Boa	30	MP10	37	\N	37	\N	\N	\N
2025-03-03	SP	Boa	39	MP10	49	\N	47	\N	56	\N
2025-03-03	IR	Boa	25	O3	15	2	62	0.5	37	\N
2025-03-03	BG	Boa	34	O3	30	\N	86	\N	\N	\N
2025-03-03	CG	Boa	35	O3	31	\N	87	\N	30	\N
2025-03-03	PG	Boa	28	MP10	35	\N	71	\N	\N	\N
2025-03-04	CA	Boa	34	MP10	43	\N	37	0.5	\N	\N
2025-03-04	AV	Boa	26	MP10	33	\N	44	\N	\N	\N
2025-03-04	SP	Boa	39	MP10	49	\N	51	\N	47	\N
2025-03-04	IR	Boa	25	O3	16	4	62	0.6	30	\N
2025-03-04	BG	Boa	28	O3	27	\N	69	\N	\N	\N
2025-03-04	CG	Boa	27	O3	24	\N	68	\N	20	\N
2025-03-04	PG	Boa	26	MP10	32	\N	66	\N	\N	\N
2025-03-05	CA	Boa	27	MP10	34	\N	43	0.3	\N	\N
2025-03-05	AV	Boa	26	MP10	32	\N	47	\N	\N	\N
2025-03-05	SP	Boa	34	MP10	43	\N	56	\N	50	\N
2025-03-05	IR	Boa	30	O3	22	7	75	0.6	42	\N
2025-03-05	BG	Boa	37	O3	37	\N	93	\N	\N	\N
2025-03-05	CG	Boa	39	O3	33	\N	97	\N	25	\N
2025-03-05	PG	Boa	35	O3	41	\N	88	\N	\N	\N
\.


--
-- Data for Name: _hyper_1_63_chunk; Type: TABLE DATA; Schema: _timescaledb_internal; Owner: postgres
--

COPY _timescaledb_internal._hyper_1_63_chunk (data, codigo_estacao, classificacao, iqar, codigo_poluente, mp10, mp2_5, o3, co, no2, so2) FROM stdin;
2025-03-06	CA	Boa	18	MP10	23	\N	28	0.3	\N	\N
2025-03-06	AV	Boa	26	MP10	32	\N	43	\N	\N	\N
2025-03-06	SP	Boa	22	MP10	27	\N	36	\N	58	\N
2025-03-06	IR	Boa	26	O3	15	3	66	0.5	46	\N
2025-03-06	BG	Boa	31	O3	25	\N	78	\N	\N	\N
2025-03-06	CG	Boa	27	O3	20	\N	68	\N	23	\N
2025-03-06	PG	Boa	28	O3	31	\N	69	\N	\N	\N
2025-03-07	CA	Boa	19	MP10	24	\N	27	0.3	\N	\N
2025-03-07	AV	Boa	19	MP10	24	\N	28	\N	\N	\N
2025-03-07	SP	Boa	22	MP10	27	\N	31	\N	53	\N
2025-03-07	IR	Boa	18	O3	17	1	45	0.7	48	\N
2025-03-07	BG	Boa	21	O3	20	\N	53	\N	\N	\N
2025-03-07	CG	Boa	18	O3	12	\N	44	\N	21	\N
2025-03-07	PG	Boa	17	O3	12	\N	42	\N	\N	\N
2025-03-08	CA	Boa	18	MP10	22	\N	30	0.3	\N	\N
2025-03-08	AV	Boa	18	O3	21	\N	46	\N	\N	\N
2025-03-08	SP	Boa	25	MP10	31	\N	54	\N	58	\N
2025-03-08	IR	Boa	29	O3	15	2	72	0.6	37	\N
2025-03-08	BG	Moderada	45	O3	26	\N	104	\N	\N	\N
2025-03-08	CG	Boa	33	O3	14	\N	82	\N	22	\N
2025-03-08	PG	Boa	20	O3	17	\N	50	\N	\N	\N
2025-03-09	CA	Boa	26	MP10	33	\N	57	0.3	\N	\N
2025-03-09	AV	Boa	22	O3	21	\N	56	\N	\N	\N
2025-03-09	SP	Boa	30	MP10	37	\N	74	\N	70	\N
2025-03-09	IR	Moderada	44	O3	22	4	103	0.8	49	\N
2025-03-09	BG	Moderada	76	O3	37	\N	127	\N	\N	\N
2025-03-09	CG	Boa	40	O3	19	\N	100	\N	22	\N
2025-03-09	PG	Moderada	52	O3	26	\N	109	\N	\N	\N
2025-03-10	CA	Boa	27	MP10	34	\N	43	0.4	\N	\N
2025-03-10	AV	Boa	18	MP10	22	\N	42	\N	\N	\N
2025-03-10	SP	Boa	33	MP10	41	\N	57	\N	70	\N
2025-03-10	IR	Boa	30	O3	19	2	76	0.4	38	\N
2025-03-10	BG	Boa	31	O3	28	\N	78	\N	\N	\N
2025-03-10	CG	Boa	30	O3	\N	\N	76	\N	22	\N
2025-03-10	PG	Boa	35	O3	30	\N	88	\N	\N	\N
2025-03-11	CA	Boa	27	MP10	34	\N	53	0.3	\N	\N
2025-03-11	AV	Boa	24	O3	25	\N	61	\N	\N	\N
2025-03-11	SP	Boa	25	O3	\N	\N	63	\N	75	\N
2025-03-11	IR	Boa	39	O3	24	\N	97	0.6	49	\N
2025-03-11	BG	Moderada	80	O3	35	\N	130	\N	\N	\N
2025-03-11	CG	Boa	40	O3	20	\N	100	\N	27	\N
2025-03-11	PG	Boa	36	O3	37	\N	89	\N	\N	\N
2025-03-12	CA	Boa	28	MP10	35	\N	46	0.5	\N	\N
2025-03-12	AV	Boa	24	O3	25	\N	60	\N	\N	\N
2025-03-12	SP	Boa	24	O3	\N	\N	59	\N	91	\N
2025-03-12	IR	Boa	24	O3	26	8	91	0.6	55	\N
2025-03-12	BG	Ruim	84	O3	39	\N	133	\N	\N	\N
2025-03-12	CG	Moderada	71	O3	22	\N	123	\N	33	\N
2025-03-12	PG	Boa	38	O3	44	\N	95	\N	\N	\N
\.


--
-- Data for Name: _hyper_1_64_chunk; Type: TABLE DATA; Schema: _timescaledb_internal; Owner: postgres
--

COPY _timescaledb_internal._hyper_1_64_chunk (data, codigo_estacao, classificacao, iqar, codigo_poluente, mp10, mp2_5, o3, co, no2, so2) FROM stdin;
2025-03-13	CA	Boa	37	MP10	46	\N	42	0.5	\N	\N
2025-03-13	AV	Boa	25	MP10	31	\N	52	\N	\N	\N
2025-03-13	SP	Boa	22	O3	\N	\N	56	\N	74	\N
2025-03-13	IR	Boa	38	O3	33	12	96	0.6	58	\N
2025-03-13	BG	Boa	33	O3	40	\N	83	\N	\N	\N
2025-03-13	CG	Boa	28	O3	18	\N	71	\N	43	\N
2025-03-13	PG	Boa	31	O3	30	\N	78	\N	\N	\N
2025-03-14	CA	Boa	29	MP10	36	\N	35	0.4	\N	\N
2025-03-14	AV	Boa	22	MP10	28	\N	41	\N	\N	\N
2025-03-14	SP	Boa	20	O3	\N	\N	51	\N	75	\N
2025-03-14	IR	Boa	31	O3	23	7	77	0.8	52	\N
2025-03-14	BG	Boa	32	O3	26	\N	80	\N	\N	\N
2025-03-14	CG	Boa	28	O3	16	\N	70	\N	35	\N
2025-03-14	PG	Boa	28	O3	22	\N	70	\N	\N	\N
2025-03-15	CA	Boa	20	MP10	25	\N	37	0.3	\N	\N
2025-03-15	AV	Boa	18	O3	16	\N	46	\N	\N	\N
2025-03-15	SP	Boa	16	O3	\N	\N	40	\N	62	\N
2025-03-15	IR	Boa	24	O3	\N	2	60	0.3	50	\N
2025-03-15	BG	Boa	24	O3	18	\N	60	\N	\N	\N
2025-03-15	CG	Boa	22	O3	9	\N	55	\N	28	\N
2025-03-15	PG	Boa	25	O3	15	\N	63	\N	\N	\N
2025-03-16	CA	Boa	19	MP10	24	\N	45	0.3	\N	\N
2025-03-16	AV	Boa	22	O3	18	\N	56	\N	\N	\N
2025-03-16	SP	Boa	21	O3	\N	\N	53	\N	40	\N
2025-03-16	IR	Boa	24	O3	\N	3	60	0.5	43	\N
2025-03-16	BG	Boa	27	O3	23	\N	68	\N	\N	\N
2025-03-16	CG	Boa	21	O3	8	\N	53	\N	30	\N
2025-03-16	PG	Boa	31	O3	23	\N	77	\N	\N	\N
2025-03-17	CA	Boa	25	MP10	31	\N	37	0.3	\N	\N
2025-03-17	AV	Boa	20	O3	24	\N	50	\N	\N	\N
2025-03-17	SP	Boa	13	NO2	\N	\N	29	\N	67	\N
2025-03-17	IR	Boa	16	O3	\N	6	40	0.5	59	\N
2025-03-17	BG	Boa	24	MP10	30	\N	51	\N	\N	\N
2025-03-17	CG	Boa	17	O3	13	\N	42	\N	50	\N
2025-03-17	PG	Boa	34	O3	22	\N	85	\N	\N	\N
2025-03-18	CA	Boa	22	MP10	28	\N	40	0.3	\N	\N
2025-03-18	AV	Boa	19	O3	21	\N	47	\N	\N	\N
2025-03-18	SP	Boa	22	O3	\N	\N	55	\N	59	\N
2025-03-18	IR	Moderada	41	O3	27	7	101	0.7	48	\N
2025-03-18	BG	Moderada	77	O3	37	\N	128	\N	\N	\N
2025-03-18	CG	Boa	37	O3	23	\N	93	\N	55	\N
2025-03-18	PG	Boa	25	MP10	31	\N	63	\N	\N	\N
2025-03-19	CA	Boa	24	MP10	30	\N	34	0.4	\N	\N
2025-03-19	AV	Boa	16	O3	19	\N	40	\N	\N	\N
2025-03-19	SP	Boa	18	O3	\N	\N	45	\N	65	\N
2025-03-19	IR	Boa	26	O3	16	5	66	0.9	71	\N
2025-03-19	BG	Boa	30	O3	22	\N	74	\N	\N	\N
2025-03-19	CG	Boa	25	O3	9	\N	63	\N	33	\N
2025-03-19	PG	Boa	30	O3	17	\N	74	\N	\N	\N
\.


--
-- Data for Name: _hyper_1_65_chunk; Type: TABLE DATA; Schema: _timescaledb_internal; Owner: postgres
--

COPY _timescaledb_internal._hyper_1_65_chunk (data, codigo_estacao, classificacao, iqar, codigo_poluente, mp10, mp2_5, o3, co, no2, so2) FROM stdin;
2025-03-20	CA	Boa	15	MP10	19	\N	18	0.3	\N	\N
2025-03-20	AV	Boa	13	MP10	16	\N	29	\N	\N	\N
2025-03-20	SP	Boa	12	NO2	\N	\N	25	\N	60	\N
2025-03-20	IR	Boa	14	NO2	15	4	26	1.2	70	\N
2025-03-20	BG	Boa	18	O3	21	\N	45	\N	\N	\N
2025-03-20	CG	Boa	18	O3	6	\N	44	\N	35	\N
2025-03-20	PG	Boa	24	O3	12	\N	60	\N	\N	\N
2025-03-21	CA	Boa	23	MP10	29	\N	33	0.3	\N	\N
2025-03-21	AV	Boa	18	MP10	22	\N	45	\N	\N	\N
2025-03-21	SP	Boa	14	O3	\N	\N	36	\N	66	\N
2025-03-21	IR	Boa	21	O3	23	7	52	0.3	53	\N
2025-03-21	BG	Boa	30	MP10	37	\N	72	\N	\N	\N
2025-03-21	CG	Boa	22	O3	15	\N	56	\N	37	\N
2025-03-21	PG	Boa	24	O3	16	\N	60	\N	\N	\N
2025-03-22	CA	Boa	23	MP10	29	\N	40	0.3	\N	\N
2025-03-22	AV	Boa	19	MP10	24	\N	45	\N	\N	\N
2025-03-22	SP	Boa	19	O3	\N	\N	48	\N	33	\N
2025-03-22	IR	Boa	28	O3	17	3	69	0.5	37	\N
2025-03-22	BG	Boa	37	O3	27	\N	92	\N	\N	\N
2025-03-22	CG	Boa	35	O3	\N	\N	88	\N	31	\N
2025-03-22	PG	Boa	31	O3	26	\N	78	\N	\N	\N
2025-03-23	CA	Boa	20	MP10	25	\N	41	0.1	\N	\N
2025-03-23	AV	Boa	18	MP10	22	\N	41	\N	\N	\N
2025-03-23	SP	Boa	20	O3	\N	\N	51	\N	36	\N
2025-03-23	IR	Boa	35	O3	16	4	87	1.1	47	\N
2025-03-23	BG	Moderada	57	O3	30	\N	113	\N	\N	\N
2025-03-23	CG	Boa	33	O3	\N	\N	83	\N	31	\N
2025-03-23	PG	Boa	31	O3	29	\N	78	\N	\N	\N
2025-03-24	CA	Boa	19	MP10	24	\N	26	0.4	\N	\N
2025-03-24	AV	Boa	16	MP10	20	\N	40	\N	\N	\N
2025-03-24	SP	Boa	11	NO2	\N	\N	18	\N	55	\N
2025-03-24	IR	Boa	18	MP10	22	8	43	1.1	77	\N
2025-03-24	BG	Boa	22	MP10	27	\N	52	\N	\N	\N
2025-03-24	CG	Boa	17	O3	\N	\N	42	\N	51	\N
2025-03-24	PG	Boa	24	O3	18	\N	60	\N	\N	\N
2025-03-25	CA	Boa	28	MP10	35	\N	26	0.5	\N	\N
2025-03-25	AV	Boa	24	O3	19	\N	61	\N	\N	\N
2025-03-25	SP	Boa	26	O3	\N	\N	65	\N	63	\N
2025-03-25	IR	Boa	36	O3	23	8	91	0.7	46	\N
2025-03-25	BG	Boa	32	O3	29	\N	81	\N	\N	\N
2025-03-25	CG	Boa	29	O3	\N	\N	73	\N	41	\N
2025-03-25	PG	Boa	33	O3	25	\N	82	\N	\N	\N
2025-03-26	CA	Boa	27	MP10	34	\N	\N	0.3	\N	\N
2025-03-26	AV	Boa	17	O3	16	\N	42	\N	\N	\N
2025-03-26	SP	Boa	30	MP10	38	\N	47	\N	55	\N
2025-03-26	IR	Boa	26	O3	18	5	66	0.6	55	\N
2025-03-26	BG	Boa	38	O3	26	\N	95	\N	\N	\N
2025-03-26	CG	Boa	28	O3	\N	\N	71	\N	36	\N
2025-03-26	PG	Boa	27	O3	32	\N	68	\N	\N	\N
\.


--
-- Data for Name: _hyper_1_6_chunk; Type: TABLE DATA; Schema: _timescaledb_internal; Owner: postgres
--

COPY _timescaledb_internal._hyper_1_6_chunk (data, codigo_estacao, classificacao, iqar, codigo_poluente, mp10, mp2_5, o3, co, no2, so2) FROM stdin;
2024-02-01	CA	Boa	34	O3	30	\N	86	0.4	\N	\N
2024-02-01	AV	Boa	30	O3	28	\N	74	\N	\N	\N
2024-02-01	SP	Boa	25	MP10	31	\N	52	\N	87	\N
2024-02-01	IR	Moderada	56	O3	25	12	112	0.4	61	\N
2024-02-01	BG	Moderada	49	O3	27	\N	107	\N	24	\N
2024-02-01	CG	Moderada	56	O3	\N	\N	112	\N	27	\N
2024-02-01	PG	Moderada	42	O3	22	\N	102	\N	\N	\N
2024-02-02	CA	Boa	27	MP10	34	\N	32	0.5	\N	\N
2024-02-02	AV	Boa	23	MP10	29	\N	28	\N	\N	\N
2024-02-02	SP	Boa	23	MP10	29	\N	25	\N	56	\N
2024-02-02	IR	Boa	26	O3	21	8	64	0.5	42	\N
2024-02-02	BG	Boa	21	MP10	26	\N	53	\N	30	\N
2024-02-02	CG	Boa	26	O3	21	\N	65	\N	33	7
2024-02-02	PG	Boa	31	O3	21	\N	78	\N	\N	\N
2024-02-03	CA	Boa	24	O3	26	\N	60	0.5	\N	\N
2024-02-03	AV	Boa	24	MP10	30	\N	47	\N	\N	\N
2024-02-03	SP	Boa	26	MP10	32	\N	47	\N	63	\N
2024-02-03	IR	Moderada	76	O3	22	9	127	0.4	45	\N
2024-02-03	BG	Ruim	81	O3	37	\N	131	\N	30	\N
2024-02-03	CG	Ruim	97	O3	28	\N	143	\N	34	1
2024-02-03	PG	Moderada	48	O3	24	\N	106	\N	\N	\N
2024-02-04	CA	Boa	19	MP10	24	\N	47	0.4	\N	\N
2024-02-04	AV	Boa	18	MP10	22	\N	29	\N	\N	\N
2024-02-04	SP	Boa	25	MP10	31	\N	48	\N	47	\N
2024-02-04	IR	Moderada	49	O3	20	8	107	0.4	39	\N
2024-02-04	BG	Boa	24	O3	26	\N	61	\N	35	\N
2024-02-04	CG	Boa	21	MP10	26	\N	48	\N	27	1
2024-02-04	PG	Boa	26	O3	27	\N	65	\N	\N	\N
2024-02-05	CA	Boa	24	MP10	30	\N	38	0.4	\N	\N
2024-02-05	AV	Boa	19	MP10	24	\N	43	\N	\N	\N
2024-02-05	SP	Boa	26	MP10	32	\N	37	\N	73	\N
2024-02-05	IR	Moderada	41	O3	28	10	101	0.5	60	\N
2024-02-05	BG	Boa	34	O3	30	\N	84	\N	40	\N
2024-02-05	CG	Boa	38	O3	24	\N	95	\N	31	1
2024-02-05	PG	Boa	33	O3	23	\N	83	\N	\N	\N
2024-02-06	CA	Boa	32	MP10	40	\N	45	0.4	\N	\N
2024-02-06	AV	Boa	22	MP10	28	\N	29	\N	\N	\N
2024-02-06	SP	Boa	30	MP10	38	\N	30	\N	72	\N
2024-02-06	IR	Boa	33	O3	27	11	82	0.4	48	\N
2024-02-06	BG	Boa	28	MP10	35	\N	68	\N	29	\N
2024-02-06	CG	Boa	28	O3	27	\N	71	\N	24	3
2024-02-06	PG	Boa	26	MP10	32	\N	42	\N	\N	\N
2024-02-07	CA	Boa	33	MP10	41	\N	60	0.4	\N	\N
2024-02-07	AV	Boa	26	MP10	32	\N	50	\N	\N	\N
2024-02-07	SP	Boa	28	MP10	35	\N	42	\N	59	\N
2024-02-07	IR	Moderada	61	O3	27	12	116	0.4	32	\N
2024-02-07	BG	Boa	18	O3	\N	\N	44	\N	32	\N
2024-02-07	CG	Ruim	90	O3	34	\N	138	\N	26	6
2024-02-07	PG	Boa	31	O3	34	\N	77	\N	\N	\N
\.


--
-- Data for Name: _hyper_1_7_chunk; Type: TABLE DATA; Schema: _timescaledb_internal; Owner: postgres
--

COPY _timescaledb_internal._hyper_1_7_chunk (data, codigo_estacao, classificacao, iqar, codigo_poluente, mp10, mp2_5, o3, co, no2, so2) FROM stdin;
2024-02-08	CA	Boa	26	MP10	32	\N	40	0.4	\N	\N
2024-02-08	AV	Boa	21	MP10	26	\N	32	\N	\N	\N
2024-02-08	SP	Boa	26	MP10	33	\N	39	\N	62	\N
2024-02-08	IR	Moderada	41	O3	23	8	101	0.4	44	\N
2024-02-08	BG	Boa	30	MP10	38	\N	31	\N	39	\N
2024-02-08	CG	Moderada	54	O3	32	\N	111	\N	41	8
2024-02-08	PG	Boa	32	O3	38	\N	80	\N	\N	\N
2024-02-09	CA	Boa	30	MP10	37	\N	56	0.4	\N	\N
2024-02-09	AV	Boa	25	MP10	31	\N	42	\N	\N	\N
2024-02-09	SP	Boa	29	MP10	36	\N	40	\N	69	\N
2024-02-09	IR	Boa	38	O3	29	12	94	0.5	48	\N
2024-02-09	BG	Boa	25	MP10	31	\N	39	\N	43	\N
2024-02-09	CG	Boa	23	MP10	29	\N	\N	\N	47	5
2024-02-09	PG	Boa	36	O3	33	\N	89	\N	\N	\N
2024-02-10	CA	Boa	28	MP10	35	\N	50	0.4	\N	\N
2024-02-10	AV	Boa	19	MP10	24	\N	30	\N	\N	\N
2024-02-10	SP	Boa	22	MP10	27	\N	39	\N	45	\N
2024-02-10	IR	Boa	24	O3	14	4	60	0.3	38	\N
2024-02-10	BG	Boa	22	MP10	27	\N	27	\N	35	\N
2024-02-10	CG	Boa	28	MP10	35	\N	\N	\N	\N	4
2024-02-10	PG	Boa	30	O3	36	\N	75	\N	\N	\N
2024-02-11	CA	Boa	34	MP10	42	\N	51	0.7	\N	\N
2024-02-11	AV	Boa	23	MP10	29	\N	31	\N	\N	\N
2024-02-11	SP	Boa	25	MP10	31	\N	39	\N	49	\N
2024-02-11	IR	Boa	30	O3	14	5	74	0.3	33	\N
2024-02-11	BG	Boa	22	MP10	27	\N	\N	\N	23	\N
2024-02-11	CG	Boa	19	MP10	24	\N	\N	\N	\N	8
2024-02-11	PG	Boa	31	O3	29	\N	78	\N	\N	\N
2024-02-12	CA	Boa	32	MP10	40	\N	61	0.5	\N	\N
2024-02-12	AV	Boa	29	MP10	36	\N	39	\N	\N	\N
2024-02-12	SP	Boa	23	MP10	29	\N	51	\N	41	\N
2024-02-12	IR	Boa	32	O3	21	9	80	0.5	41	\N
2024-02-12	BG	Boa	19	MP10	24	\N	\N	\N	25	\N
2024-02-12	CG	Boa	16	MP10	20	\N	\N	\N	\N	3
2024-02-12	PG	Boa	33	O3	30	\N	82	\N	\N	\N
2024-02-13	CA	Boa	40	MP10	50	\N	95	0.6	\N	\N
2024-02-13	AV	Boa	30	MP10	37	\N	45	\N	\N	\N
2024-02-13	SP	Boa	33	MP10	41	\N	77	\N	53	\N
2024-02-13	IR	Moderada	56	O3	21	8	112	0.3	32	\N
2024-02-13	BG	Boa	23	MP10	29	\N	\N	\N	21	\N
2024-02-13	CG	Boa	18	SO2	20	\N	\N	\N	\N	9
2024-02-13	PG	Moderada	67	O3	33	\N	120	\N	\N	\N
2024-02-14	CA	Boa	29	O3	29	\N	73	0.3	\N	\N
2024-02-14	AV	Boa	18	MP10	23	\N	40	\N	\N	\N
2024-02-14	SP	Boa	22	MP10	27	\N	46	\N	35	\N
2024-02-14	IR	Boa	36	O3	16	6	90	0.3	26	\N
2024-02-14	BG	Boa	18	MP10	23	\N	\N	\N	18	\N
2024-02-14	CG	Boa	14	MP10	18	\N	\N	\N	\N	6
2024-02-14	PG	Boa	34	O3	22	\N	84	\N	\N	\N
\.


--
-- Data for Name: _hyper_1_8_chunk; Type: TABLE DATA; Schema: _timescaledb_internal; Owner: postgres
--

COPY _timescaledb_internal._hyper_1_8_chunk (data, codigo_estacao, classificacao, iqar, codigo_poluente, mp10, mp2_5, o3, co, no2, so2) FROM stdin;
2024-02-15	CA	Boa	18	MP10	23	\N	27	0.4	\N	\N
2024-02-15	AV	Boa	17	MP10	21	\N	24	\N	\N	\N
2024-02-15	SP	Boa	18	MP10	23	\N	23	\N	72	\N
2024-02-15	IR	Boa	16	MP10	20	8	30	0.6	44	\N
2024-02-15	BG	Boa	14	MP10	17	\N	\N	\N	42	\N
2024-02-15	CG	Boa	12	MP10	15	\N	\N	\N	\N	5
2024-02-15	PG	Boa	16	MP10	20	\N	33	\N	\N	\N
2024-02-16	CA	Boa	22	MP10	28	\N	21	0.3	\N	\N
2024-02-16	AV	Boa	22	MP10	28	\N	12	\N	\N	\N
2024-02-16	SP	Boa	22	MP10	28	\N	19	\N	43	\N
2024-02-16	IR	Boa	14	MP10	18	6	\N	0.4	34	\N
2024-02-16	BG	Boa	15	MP10	19	\N	\N	\N	\N	\N
2024-02-16	CG	Boa	15	MP10	19	\N	\N	\N	\N	\N
2024-02-16	PG	Boa	18	O3	20	\N	45	\N	\N	\N
2024-02-17	CA	Boa	25	MP10	31	\N	32	0.3	\N	\N
2024-02-17	AV	Boa	18	MP10	23	\N	20	\N	\N	\N
2024-02-17	SP	Boa	18	MP10	22	\N	25	\N	40	\N
2024-02-17	IR	Boa	14	MP10	17	5	\N	0.4	24	\N
2024-02-17	BG	Boa	17	MP10	21	\N	\N	\N	\N	\N
2024-02-17	CG	Boa	17	MP10	21	\N	\N	\N	\N	\N
2024-02-17	PG	Boa	21	O3	23	\N	52	\N	\N	\N
2024-02-18	CA	Boa	24	MP10	30	\N	36	0.3	\N	\N
2024-02-18	AV	Boa	18	MP10	22	\N	21	\N	\N	\N
2024-02-18	SP	Boa	18	MP10	23	\N	30	\N	35	\N
2024-02-18	IR	Boa	11	MP10	14	5	\N	0.3	19	\N
2024-02-18	BG	Boa	15	MP10	19	\N	\N	\N	\N	\N
2024-02-18	CG	Boa	13	MP10	16	\N	\N	\N	\N	\N
2024-02-18	PG	Boa	20	O3	19	\N	50	\N	\N	\N
2024-02-19	CA	Boa	25	MP10	31	\N	42	0.3	\N	\N
2024-02-19	AV	Boa	22	MP10	27	\N	32	\N	\N	\N
2024-02-19	SP	Boa	23	MP10	29	\N	33	\N	62	\N
2024-02-19	IR	Boa	15	MP10	19	6	\N	0.4	35	\N
2024-02-19	BG	Boa	19	MP10	24	\N	\N	\N	\N	\N
2024-02-19	CG	Boa	21	MP10	26	\N	\N	\N	\N	\N
2024-02-19	PG	Boa	22	MP10	28	\N	56	\N	\N	\N
2024-02-20	CA	Boa	24	MP10	30	\N	42	0.4	\N	\N
2024-02-20	AV	Boa	17	MP10	21	\N	43	\N	\N	\N
2024-02-20	SP	Boa	24	MP10	30	\N	26	\N	56	\N
2024-02-20	IR	Boa	17	MP10	21	8	\N	0.6	51	\N
2024-02-20	BG	Boa	23	MP10	29	\N	\N	\N	\N	\N
2024-02-20	CG	Boa	27	MP10	34	\N	\N	\N	\N	\N
2024-02-20	PG	Boa	31	O3	29	\N	77	\N	\N	\N
2024-02-21	CA	Boa	30	MP10	38	\N	\N	0.4	\N	\N
2024-02-21	AV	Boa	19	MP10	24	\N	41	\N	\N	\N
2024-02-21	SP	Boa	26	MP10	33	\N	40	\N	78	\N
2024-02-21	IR	Boa	18	MP10	23	11	\N	0.7	45	\N
2024-02-21	BG	Boa	20	MP10	25	\N	20	\N	36	\N
2024-02-21	CG	Boa	22	MP10	27	\N	\N	\N	50	5
2024-02-21	PG	Boa	28	O3	23	\N	71	\N	\N	\N
\.


--
-- Data for Name: _hyper_1_9_chunk; Type: TABLE DATA; Schema: _timescaledb_internal; Owner: postgres
--

COPY _timescaledb_internal._hyper_1_9_chunk (data, codigo_estacao, classificacao, iqar, codigo_poluente, mp10, mp2_5, o3, co, no2, so2) FROM stdin;
2024-02-22	CA	Boa	21	MP10	26	\N	36	0.5	\N	\N
2024-02-22	AV	Boa	18	MP10	22	\N	22	\N	\N	\N
2024-02-22	SP	Boa	18	MP10	23	\N	25	\N	50	\N
2024-02-22	IR	Boa	12	MP10	15	5	\N	0.7	34	\N
2024-02-22	BG	Boa	34	MP10	42	\N	15	\N	30	\N
2024-02-22	CG	Boa	14	MP10	18	\N	\N	\N	36	7
2024-02-22	PG	Boa	20	O3	15	\N	49	\N	\N	\N
2024-02-23	CA	Boa	22	MP10	27	\N	20	0.5	\N	\N
2024-02-23	AV	Boa	18	MP10	23	\N	18	\N	\N	\N
2024-02-23	SP	Boa	18	MP10	22	\N	24	\N	64	\N
2024-02-23	IR	Boa	17	MP10	21	6	\N	0.6	40	\N
2024-02-23	BG	Moderada	51	MP10	63	\N	19	\N	18	\N
2024-02-23	CG	Boa	18	MP10	23	\N	\N	\N	\N	\N
2024-02-23	PG	Boa	21	MP10	18	\N	3	\N	\N	\N
2024-02-24	CA	Boa	30	MP10	37	\N	\N	0.6	\N	\N
2024-02-24	AV	Boa	22	MP10	28	\N	55	\N	\N	\N
2024-02-24	SP	Boa	22	MP10	27	\N	53	\N	53	\N
2024-02-24	IR	Boa	23	O3	24	9	57	0.6	38	\N
2024-02-24	BG	Boa	34	MP10	43	\N	24	\N	22	\N
2024-02-24	CG	Boa	17	MP10	21	\N	\N	\N	\N	\N
2024-02-24	PG	Boa	30	O3	18	\N	76	\N	\N	\N
2024-02-25	CA	Boa	25	MP10	31	\N	\N	0.5	\N	\N
2024-02-25	AV	Boa	21	O3	25	\N	53	\N	\N	\N
2024-02-25	SP	Boa	21	MP10	26	\N	49	\N	44	\N
2024-02-25	IR	Boa	26	O3	19	6	65	0.4	26	\N
2024-02-25	BG	Boa	28	MP10	35	\N	23	\N	17	\N
2024-02-25	CG	Boa	18	MP10	22	\N	\N	\N	\N	\N
2024-02-25	PG	Boa	28	O3	26	\N	71	\N	\N	\N
2024-02-26	CA	Boa	22	MP10	28	\N	\N	0.4	\N	\N
2024-02-26	AV	Boa	31	O3	23	\N	77	\N	\N	\N
2024-02-26	SP	Boa	20	MP10	25	\N	39	\N	58	\N
2024-02-26	IR	Boa	23	O3	18	7	57	0.4	40	\N
2024-02-26	BG	Boa	29	MP10	36	\N	22	\N	18	\N
2024-02-26	CG	Boa	19	MP10	24	\N	\N	\N	23	\N
2024-02-26	PG	Boa	34	O3	26	\N	85	\N	\N	\N
2024-02-27	CA	Boa	22	MP10	28	\N	\N	0.4	\N	\N
2024-02-27	AV	Boa	16	MP10	20	\N	24	\N	\N	\N
2024-02-27	SP	Boa	19	MP10	24	\N	31	\N	48	\N
2024-02-27	IR	Boa	30	O3	16	4	74	0.3	33	\N
2024-02-27	BG	Boa	28	MP10	35	\N	37	\N	31	\N
2024-02-27	CG	Boa	22	MP10	28	\N	23	\N	36	\N
2024-02-27	PG	Boa	29	O3	32	\N	72	\N	\N	\N
2024-02-28	CA	Boa	26	MP10	33	\N	27	0.5	\N	\N
2024-02-28	AV	Boa	18	MP10	23	\N	29	\N	\N	\N
2024-02-28	SP	Boa	24	MP10	30	\N	42	\N	50	\N
2024-02-28	IR	Boa	26	O3	27	9	66	0.5	33	\N
2024-02-28	BG	Boa	28	MP10	35	\N	27	\N	14	\N
2024-02-28	CG	Boa	21	MP10	26	\N	37	\N	26	\N
2024-02-28	PG	Boa	28	O3	22	\N	71	\N	\N	\N
\.


--
-- Data for Name: estacoes; Type: TABLE DATA; Schema: public; Owner: postgres
--

COPY public.estacoes (codigo, nome, estado, cidade, orgao, coordenadas) FROM stdin;
CG	Campo Grande	RJ	Rio de Janeiro	SMAC	0101000020E61000001827AB1C3CC745C0F1D12096E1E236C0
PG	Pedra de Guaratiba	RJ	Rio de Janeiro	SMAC	0101000020E61000006867646983D045C0AB3E03FB1E0137C0
SC	So Cristvo	RJ	Rio de Janeiro	SMAC	0101000020E610000081DC5127629C45C0C3967653D4E536C0
CA	Centro	RJ	Rio de Janeiro	SMAC	0101000020E610000090B33FADCD9645C093633B4089E836C0
AV	Copacabana	RJ	Rio de Janeiro	SMAC	0101000020E6100000C1E0D7051A9745C04E89157C0AF736C0
SP	Tijuca	RJ	Rio de Janeiro	SMAC	0101000020E6100000CDEC52B0C79D45C02A567D40C7EC36C0
IR	Iraj	RJ	Rio de Janeiro	SMAC	0101000020E610000048740E0CD6A945C08E6DD519E5D436C0
BG	Bangu	RJ	Rio de Janeiro	SMAC	0101000020E610000040C36B284CBC45C0F8BA060B4EE336C0
\.


--
-- Data for Name: medicoes_diarias; Type: TABLE DATA; Schema: public; Owner: postgres
--

COPY public.medicoes_diarias (data, codigo_estacao, classificacao, iqar, codigo_poluente, mp10, mp2_5, o3, co, no2, so2) FROM stdin;
\.


--
-- Data for Name: poluentes; Type: TABLE DATA; Schema: public; Owner: postgres
--

COPY public.poluentes (codigo, nome, unidade_concentracao) FROM stdin;
SO2	Dixido de Enxofre	g/m
CO	Monxido de Carbono	ppm
MP2,5	Material Particulado	g/m
NO2	Dixido de Nitrognio	g/m
MP10	Material Particulado	g/m
O3	Oznio	g/m
\.


--
-- Data for Name: spatial_ref_sys; Type: TABLE DATA; Schema: public; Owner: postgres
--

COPY public.spatial_ref_sys (srid, auth_name, auth_srid, srtext, proj4text) FROM stdin;
\.


--
-- Name: chunk_column_stats_id_seq; Type: SEQUENCE SET; Schema: _timescaledb_catalog; Owner: postgres
--

SELECT pg_catalog.setval('_timescaledb_catalog.chunk_column_stats_id_seq', 1, false);


--
-- Name: chunk_constraint_name; Type: SEQUENCE SET; Schema: _timescaledb_catalog; Owner: postgres
--

SELECT pg_catalog.setval('_timescaledb_catalog.chunk_constraint_name', 195, true);


--
-- Name: chunk_id_seq; Type: SEQUENCE SET; Schema: _timescaledb_catalog; Owner: postgres
--

SELECT pg_catalog.setval('_timescaledb_catalog.chunk_id_seq', 65, true);


--
-- Name: continuous_agg_migrate_plan_step_step_id_seq; Type: SEQUENCE SET; Schema: _timescaledb_catalog; Owner: postgres
--

SELECT pg_catalog.setval('_timescaledb_catalog.continuous_agg_migrate_plan_step_step_id_seq', 1, false);


--
-- Name: dimension_id_seq; Type: SEQUENCE SET; Schema: _timescaledb_catalog; Owner: postgres
--

SELECT pg_catalog.setval('_timescaledb_catalog.dimension_id_seq', 1, true);


--
-- Name: dimension_slice_id_seq; Type: SEQUENCE SET; Schema: _timescaledb_catalog; Owner: postgres
--

SELECT pg_catalog.setval('_timescaledb_catalog.dimension_slice_id_seq', 65, true);


--
-- Name: hypertable_id_seq; Type: SEQUENCE SET; Schema: _timescaledb_catalog; Owner: postgres
--

SELECT pg_catalog.setval('_timescaledb_catalog.hypertable_id_seq', 1, true);


--
-- Name: bgw_job_id_seq; Type: SEQUENCE SET; Schema: _timescaledb_config; Owner: postgres
--

SELECT pg_catalog.setval('_timescaledb_config.bgw_job_id_seq', 1000, false);


--
-- Name: _hyper_1_10_chunk 10_28_medicao_diaria; Type: CONSTRAINT; Schema: _timescaledb_internal; Owner: postgres
--

ALTER TABLE ONLY _timescaledb_internal._hyper_1_10_chunk
    ADD CONSTRAINT "10_28_medicao_diaria" PRIMARY KEY (data, codigo_estacao);


--
-- Name: _hyper_1_11_chunk 11_31_medicao_diaria; Type: CONSTRAINT; Schema: _timescaledb_internal; Owner: postgres
--

ALTER TABLE ONLY _timescaledb_internal._hyper_1_11_chunk
    ADD CONSTRAINT "11_31_medicao_diaria" PRIMARY KEY (data, codigo_estacao);


--
-- Name: _hyper_1_12_chunk 12_34_medicao_diaria; Type: CONSTRAINT; Schema: _timescaledb_internal; Owner: postgres
--

ALTER TABLE ONLY _timescaledb_internal._hyper_1_12_chunk
    ADD CONSTRAINT "12_34_medicao_diaria" PRIMARY KEY (data, codigo_estacao);


--
-- Name: _hyper_1_13_chunk 13_37_medicao_diaria; Type: CONSTRAINT; Schema: _timescaledb_internal; Owner: postgres
--

ALTER TABLE ONLY _timescaledb_internal._hyper_1_13_chunk
    ADD CONSTRAINT "13_37_medicao_diaria" PRIMARY KEY (data, codigo_estacao);


--
-- Name: _hyper_1_14_chunk 14_40_medicao_diaria; Type: CONSTRAINT; Schema: _timescaledb_internal; Owner: postgres
--

ALTER TABLE ONLY _timescaledb_internal._hyper_1_14_chunk
    ADD CONSTRAINT "14_40_medicao_diaria" PRIMARY KEY (data, codigo_estacao);


--
-- Name: _hyper_1_15_chunk 15_43_medicao_diaria; Type: CONSTRAINT; Schema: _timescaledb_internal; Owner: postgres
--

ALTER TABLE ONLY _timescaledb_internal._hyper_1_15_chunk
    ADD CONSTRAINT "15_43_medicao_diaria" PRIMARY KEY (data, codigo_estacao);


--
-- Name: _hyper_1_16_chunk 16_46_medicao_diaria; Type: CONSTRAINT; Schema: _timescaledb_internal; Owner: postgres
--

ALTER TABLE ONLY _timescaledb_internal._hyper_1_16_chunk
    ADD CONSTRAINT "16_46_medicao_diaria" PRIMARY KEY (data, codigo_estacao);


--
-- Name: _hyper_1_17_chunk 17_49_medicao_diaria; Type: CONSTRAINT; Schema: _timescaledb_internal; Owner: postgres
--

ALTER TABLE ONLY _timescaledb_internal._hyper_1_17_chunk
    ADD CONSTRAINT "17_49_medicao_diaria" PRIMARY KEY (data, codigo_estacao);


--
-- Name: _hyper_1_18_chunk 18_52_medicao_diaria; Type: CONSTRAINT; Schema: _timescaledb_internal; Owner: postgres
--

ALTER TABLE ONLY _timescaledb_internal._hyper_1_18_chunk
    ADD CONSTRAINT "18_52_medicao_diaria" PRIMARY KEY (data, codigo_estacao);


--
-- Name: _hyper_1_19_chunk 19_55_medicao_diaria; Type: CONSTRAINT; Schema: _timescaledb_internal; Owner: postgres
--

ALTER TABLE ONLY _timescaledb_internal._hyper_1_19_chunk
    ADD CONSTRAINT "19_55_medicao_diaria" PRIMARY KEY (data, codigo_estacao);


--
-- Name: _hyper_1_1_chunk 1_1_medicao_diaria; Type: CONSTRAINT; Schema: _timescaledb_internal; Owner: postgres
--

ALTER TABLE ONLY _timescaledb_internal._hyper_1_1_chunk
    ADD CONSTRAINT "1_1_medicao_diaria" PRIMARY KEY (data, codigo_estacao);


--
-- Name: _hyper_1_20_chunk 20_58_medicao_diaria; Type: CONSTRAINT; Schema: _timescaledb_internal; Owner: postgres
--

ALTER TABLE ONLY _timescaledb_internal._hyper_1_20_chunk
    ADD CONSTRAINT "20_58_medicao_diaria" PRIMARY KEY (data, codigo_estacao);


--
-- Name: _hyper_1_21_chunk 21_61_medicao_diaria; Type: CONSTRAINT; Schema: _timescaledb_internal; Owner: postgres
--

ALTER TABLE ONLY _timescaledb_internal._hyper_1_21_chunk
    ADD CONSTRAINT "21_61_medicao_diaria" PRIMARY KEY (data, codigo_estacao);


--
-- Name: _hyper_1_22_chunk 22_64_medicao_diaria; Type: CONSTRAINT; Schema: _timescaledb_internal; Owner: postgres
--

ALTER TABLE ONLY _timescaledb_internal._hyper_1_22_chunk
    ADD CONSTRAINT "22_64_medicao_diaria" PRIMARY KEY (data, codigo_estacao);


--
-- Name: _hyper_1_23_chunk 23_67_medicao_diaria; Type: CONSTRAINT; Schema: _timescaledb_internal; Owner: postgres
--

ALTER TABLE ONLY _timescaledb_internal._hyper_1_23_chunk
    ADD CONSTRAINT "23_67_medicao_diaria" PRIMARY KEY (data, codigo_estacao);


--
-- Name: _hyper_1_24_chunk 24_70_medicao_diaria; Type: CONSTRAINT; Schema: _timescaledb_internal; Owner: postgres
--

ALTER TABLE ONLY _timescaledb_internal._hyper_1_24_chunk
    ADD CONSTRAINT "24_70_medicao_diaria" PRIMARY KEY (data, codigo_estacao);


--
-- Name: _hyper_1_25_chunk 25_73_medicao_diaria; Type: CONSTRAINT; Schema: _timescaledb_internal; Owner: postgres
--

ALTER TABLE ONLY _timescaledb_internal._hyper_1_25_chunk
    ADD CONSTRAINT "25_73_medicao_diaria" PRIMARY KEY (data, codigo_estacao);


--
-- Name: _hyper_1_26_chunk 26_76_medicao_diaria; Type: CONSTRAINT; Schema: _timescaledb_internal; Owner: postgres
--

ALTER TABLE ONLY _timescaledb_internal._hyper_1_26_chunk
    ADD CONSTRAINT "26_76_medicao_diaria" PRIMARY KEY (data, codigo_estacao);


--
-- Name: _hyper_1_27_chunk 27_79_medicao_diaria; Type: CONSTRAINT; Schema: _timescaledb_internal; Owner: postgres
--

ALTER TABLE ONLY _timescaledb_internal._hyper_1_27_chunk
    ADD CONSTRAINT "27_79_medicao_diaria" PRIMARY KEY (data, codigo_estacao);


--
-- Name: _hyper_1_28_chunk 28_82_medicao_diaria; Type: CONSTRAINT; Schema: _timescaledb_internal; Owner: postgres
--

ALTER TABLE ONLY _timescaledb_internal._hyper_1_28_chunk
    ADD CONSTRAINT "28_82_medicao_diaria" PRIMARY KEY (data, codigo_estacao);


--
-- Name: _hyper_1_29_chunk 29_85_medicao_diaria; Type: CONSTRAINT; Schema: _timescaledb_internal; Owner: postgres
--

ALTER TABLE ONLY _timescaledb_internal._hyper_1_29_chunk
    ADD CONSTRAINT "29_85_medicao_diaria" PRIMARY KEY (data, codigo_estacao);


--
-- Name: _hyper_1_2_chunk 2_4_medicao_diaria; Type: CONSTRAINT; Schema: _timescaledb_internal; Owner: postgres
--

ALTER TABLE ONLY _timescaledb_internal._hyper_1_2_chunk
    ADD CONSTRAINT "2_4_medicao_diaria" PRIMARY KEY (data, codigo_estacao);


--
-- Name: _hyper_1_30_chunk 30_88_medicao_diaria; Type: CONSTRAINT; Schema: _timescaledb_internal; Owner: postgres
--

ALTER TABLE ONLY _timescaledb_internal._hyper_1_30_chunk
    ADD CONSTRAINT "30_88_medicao_diaria" PRIMARY KEY (data, codigo_estacao);


--
-- Name: _hyper_1_31_chunk 31_91_medicao_diaria; Type: CONSTRAINT; Schema: _timescaledb_internal; Owner: postgres
--

ALTER TABLE ONLY _timescaledb_internal._hyper_1_31_chunk
    ADD CONSTRAINT "31_91_medicao_diaria" PRIMARY KEY (data, codigo_estacao);


--
-- Name: _hyper_1_32_chunk 32_94_medicao_diaria; Type: CONSTRAINT; Schema: _timescaledb_internal; Owner: postgres
--

ALTER TABLE ONLY _timescaledb_internal._hyper_1_32_chunk
    ADD CONSTRAINT "32_94_medicao_diaria" PRIMARY KEY (data, codigo_estacao);


--
-- Name: _hyper_1_33_chunk 33_97_medicao_diaria; Type: CONSTRAINT; Schema: _timescaledb_internal; Owner: postgres
--

ALTER TABLE ONLY _timescaledb_internal._hyper_1_33_chunk
    ADD CONSTRAINT "33_97_medicao_diaria" PRIMARY KEY (data, codigo_estacao);


--
-- Name: _hyper_1_34_chunk 34_100_medicao_diaria; Type: CONSTRAINT; Schema: _timescaledb_internal; Owner: postgres
--

ALTER TABLE ONLY _timescaledb_internal._hyper_1_34_chunk
    ADD CONSTRAINT "34_100_medicao_diaria" PRIMARY KEY (data, codigo_estacao);


--
-- Name: _hyper_1_35_chunk 35_103_medicao_diaria; Type: CONSTRAINT; Schema: _timescaledb_internal; Owner: postgres
--

ALTER TABLE ONLY _timescaledb_internal._hyper_1_35_chunk
    ADD CONSTRAINT "35_103_medicao_diaria" PRIMARY KEY (data, codigo_estacao);


--
-- Name: _hyper_1_36_chunk 36_106_medicao_diaria; Type: CONSTRAINT; Schema: _timescaledb_internal; Owner: postgres
--

ALTER TABLE ONLY _timescaledb_internal._hyper_1_36_chunk
    ADD CONSTRAINT "36_106_medicao_diaria" PRIMARY KEY (data, codigo_estacao);


--
-- Name: _hyper_1_37_chunk 37_109_medicao_diaria; Type: CONSTRAINT; Schema: _timescaledb_internal; Owner: postgres
--

ALTER TABLE ONLY _timescaledb_internal._hyper_1_37_chunk
    ADD CONSTRAINT "37_109_medicao_diaria" PRIMARY KEY (data, codigo_estacao);


--
-- Name: _hyper_1_38_chunk 38_112_medicao_diaria; Type: CONSTRAINT; Schema: _timescaledb_internal; Owner: postgres
--

ALTER TABLE ONLY _timescaledb_internal._hyper_1_38_chunk
    ADD CONSTRAINT "38_112_medicao_diaria" PRIMARY KEY (data, codigo_estacao);


--
-- Name: _hyper_1_39_chunk 39_115_medicao_diaria; Type: CONSTRAINT; Schema: _timescaledb_internal; Owner: postgres
--

ALTER TABLE ONLY _timescaledb_internal._hyper_1_39_chunk
    ADD CONSTRAINT "39_115_medicao_diaria" PRIMARY KEY (data, codigo_estacao);


--
-- Name: _hyper_1_3_chunk 3_7_medicao_diaria; Type: CONSTRAINT; Schema: _timescaledb_internal; Owner: postgres
--

ALTER TABLE ONLY _timescaledb_internal._hyper_1_3_chunk
    ADD CONSTRAINT "3_7_medicao_diaria" PRIMARY KEY (data, codigo_estacao);


--
-- Name: _hyper_1_40_chunk 40_118_medicao_diaria; Type: CONSTRAINT; Schema: _timescaledb_internal; Owner: postgres
--

ALTER TABLE ONLY _timescaledb_internal._hyper_1_40_chunk
    ADD CONSTRAINT "40_118_medicao_diaria" PRIMARY KEY (data, codigo_estacao);


--
-- Name: _hyper_1_41_chunk 41_121_medicao_diaria; Type: CONSTRAINT; Schema: _timescaledb_internal; Owner: postgres
--

ALTER TABLE ONLY _timescaledb_internal._hyper_1_41_chunk
    ADD CONSTRAINT "41_121_medicao_diaria" PRIMARY KEY (data, codigo_estacao);


--
-- Name: _hyper_1_42_chunk 42_124_medicao_diaria; Type: CONSTRAINT; Schema: _timescaledb_internal; Owner: postgres
--

ALTER TABLE ONLY _timescaledb_internal._hyper_1_42_chunk
    ADD CONSTRAINT "42_124_medicao_diaria" PRIMARY KEY (data, codigo_estacao);


--
-- Name: _hyper_1_43_chunk 43_127_medicao_diaria; Type: CONSTRAINT; Schema: _timescaledb_internal; Owner: postgres
--

ALTER TABLE ONLY _timescaledb_internal._hyper_1_43_chunk
    ADD CONSTRAINT "43_127_medicao_diaria" PRIMARY KEY (data, codigo_estacao);


--
-- Name: _hyper_1_44_chunk 44_130_medicao_diaria; Type: CONSTRAINT; Schema: _timescaledb_internal; Owner: postgres
--

ALTER TABLE ONLY _timescaledb_internal._hyper_1_44_chunk
    ADD CONSTRAINT "44_130_medicao_diaria" PRIMARY KEY (data, codigo_estacao);


--
-- Name: _hyper_1_45_chunk 45_133_medicao_diaria; Type: CONSTRAINT; Schema: _timescaledb_internal; Owner: postgres
--

ALTER TABLE ONLY _timescaledb_internal._hyper_1_45_chunk
    ADD CONSTRAINT "45_133_medicao_diaria" PRIMARY KEY (data, codigo_estacao);


--
-- Name: _hyper_1_46_chunk 46_136_medicao_diaria; Type: CONSTRAINT; Schema: _timescaledb_internal; Owner: postgres
--

ALTER TABLE ONLY _timescaledb_internal._hyper_1_46_chunk
    ADD CONSTRAINT "46_136_medicao_diaria" PRIMARY KEY (data, codigo_estacao);


--
-- Name: _hyper_1_47_chunk 47_139_medicao_diaria; Type: CONSTRAINT; Schema: _timescaledb_internal; Owner: postgres
--

ALTER TABLE ONLY _timescaledb_internal._hyper_1_47_chunk
    ADD CONSTRAINT "47_139_medicao_diaria" PRIMARY KEY (data, codigo_estacao);


--
-- Name: _hyper_1_48_chunk 48_142_medicao_diaria; Type: CONSTRAINT; Schema: _timescaledb_internal; Owner: postgres
--

ALTER TABLE ONLY _timescaledb_internal._hyper_1_48_chunk
    ADD CONSTRAINT "48_142_medicao_diaria" PRIMARY KEY (data, codigo_estacao);


--
-- Name: _hyper_1_49_chunk 49_145_medicao_diaria; Type: CONSTRAINT; Schema: _timescaledb_internal; Owner: postgres
--

ALTER TABLE ONLY _timescaledb_internal._hyper_1_49_chunk
    ADD CONSTRAINT "49_145_medicao_diaria" PRIMARY KEY (data, codigo_estacao);


--
-- Name: _hyper_1_4_chunk 4_10_medicao_diaria; Type: CONSTRAINT; Schema: _timescaledb_internal; Owner: postgres
--

ALTER TABLE ONLY _timescaledb_internal._hyper_1_4_chunk
    ADD CONSTRAINT "4_10_medicao_diaria" PRIMARY KEY (data, codigo_estacao);


--
-- Name: _hyper_1_50_chunk 50_148_medicao_diaria; Type: CONSTRAINT; Schema: _timescaledb_internal; Owner: postgres
--

ALTER TABLE ONLY _timescaledb_internal._hyper_1_50_chunk
    ADD CONSTRAINT "50_148_medicao_diaria" PRIMARY KEY (data, codigo_estacao);


--
-- Name: _hyper_1_51_chunk 51_151_medicao_diaria; Type: CONSTRAINT; Schema: _timescaledb_internal; Owner: postgres
--

ALTER TABLE ONLY _timescaledb_internal._hyper_1_51_chunk
    ADD CONSTRAINT "51_151_medicao_diaria" PRIMARY KEY (data, codigo_estacao);


--
-- Name: _hyper_1_52_chunk 52_154_medicao_diaria; Type: CONSTRAINT; Schema: _timescaledb_internal; Owner: postgres
--

ALTER TABLE ONLY _timescaledb_internal._hyper_1_52_chunk
    ADD CONSTRAINT "52_154_medicao_diaria" PRIMARY KEY (data, codigo_estacao);


--
-- Name: _hyper_1_53_chunk 53_157_medicao_diaria; Type: CONSTRAINT; Schema: _timescaledb_internal; Owner: postgres
--

ALTER TABLE ONLY _timescaledb_internal._hyper_1_53_chunk
    ADD CONSTRAINT "53_157_medicao_diaria" PRIMARY KEY (data, codigo_estacao);


--
-- Name: _hyper_1_54_chunk 54_160_medicao_diaria; Type: CONSTRAINT; Schema: _timescaledb_internal; Owner: postgres
--

ALTER TABLE ONLY _timescaledb_internal._hyper_1_54_chunk
    ADD CONSTRAINT "54_160_medicao_diaria" PRIMARY KEY (data, codigo_estacao);


--
-- Name: _hyper_1_55_chunk 55_163_medicao_diaria; Type: CONSTRAINT; Schema: _timescaledb_internal; Owner: postgres
--

ALTER TABLE ONLY _timescaledb_internal._hyper_1_55_chunk
    ADD CONSTRAINT "55_163_medicao_diaria" PRIMARY KEY (data, codigo_estacao);


--
-- Name: _hyper_1_56_chunk 56_166_medicao_diaria; Type: CONSTRAINT; Schema: _timescaledb_internal; Owner: postgres
--

ALTER TABLE ONLY _timescaledb_internal._hyper_1_56_chunk
    ADD CONSTRAINT "56_166_medicao_diaria" PRIMARY KEY (data, codigo_estacao);


--
-- Name: _hyper_1_57_chunk 57_169_medicao_diaria; Type: CONSTRAINT; Schema: _timescaledb_internal; Owner: postgres
--

ALTER TABLE ONLY _timescaledb_internal._hyper_1_57_chunk
    ADD CONSTRAINT "57_169_medicao_diaria" PRIMARY KEY (data, codigo_estacao);


--
-- Name: _hyper_1_58_chunk 58_172_medicao_diaria; Type: CONSTRAINT; Schema: _timescaledb_internal; Owner: postgres
--

ALTER TABLE ONLY _timescaledb_internal._hyper_1_58_chunk
    ADD CONSTRAINT "58_172_medicao_diaria" PRIMARY KEY (data, codigo_estacao);


--
-- Name: _hyper_1_59_chunk 59_175_medicao_diaria; Type: CONSTRAINT; Schema: _timescaledb_internal; Owner: postgres
--

ALTER TABLE ONLY _timescaledb_internal._hyper_1_59_chunk
    ADD CONSTRAINT "59_175_medicao_diaria" PRIMARY KEY (data, codigo_estacao);


--
-- Name: _hyper_1_5_chunk 5_13_medicao_diaria; Type: CONSTRAINT; Schema: _timescaledb_internal; Owner: postgres
--

ALTER TABLE ONLY _timescaledb_internal._hyper_1_5_chunk
    ADD CONSTRAINT "5_13_medicao_diaria" PRIMARY KEY (data, codigo_estacao);


--
-- Name: _hyper_1_60_chunk 60_178_medicao_diaria; Type: CONSTRAINT; Schema: _timescaledb_internal; Owner: postgres
--

ALTER TABLE ONLY _timescaledb_internal._hyper_1_60_chunk
    ADD CONSTRAINT "60_178_medicao_diaria" PRIMARY KEY (data, codigo_estacao);


--
-- Name: _hyper_1_61_chunk 61_181_medicao_diaria; Type: CONSTRAINT; Schema: _timescaledb_internal; Owner: postgres
--

ALTER TABLE ONLY _timescaledb_internal._hyper_1_61_chunk
    ADD CONSTRAINT "61_181_medicao_diaria" PRIMARY KEY (data, codigo_estacao);


--
-- Name: _hyper_1_62_chunk 62_184_medicao_diaria; Type: CONSTRAINT; Schema: _timescaledb_internal; Owner: postgres
--

ALTER TABLE ONLY _timescaledb_internal._hyper_1_62_chunk
    ADD CONSTRAINT "62_184_medicao_diaria" PRIMARY KEY (data, codigo_estacao);


--
-- Name: _hyper_1_63_chunk 63_187_medicao_diaria; Type: CONSTRAINT; Schema: _timescaledb_internal; Owner: postgres
--

ALTER TABLE ONLY _timescaledb_internal._hyper_1_63_chunk
    ADD CONSTRAINT "63_187_medicao_diaria" PRIMARY KEY (data, codigo_estacao);


--
-- Name: _hyper_1_64_chunk 64_190_medicao_diaria; Type: CONSTRAINT; Schema: _timescaledb_internal; Owner: postgres
--

ALTER TABLE ONLY _timescaledb_internal._hyper_1_64_chunk
    ADD CONSTRAINT "64_190_medicao_diaria" PRIMARY KEY (data, codigo_estacao);


--
-- Name: _hyper_1_65_chunk 65_193_medicao_diaria; Type: CONSTRAINT; Schema: _timescaledb_internal; Owner: postgres
--

ALTER TABLE ONLY _timescaledb_internal._hyper_1_65_chunk
    ADD CONSTRAINT "65_193_medicao_diaria" PRIMARY KEY (data, codigo_estacao);


--
-- Name: _hyper_1_6_chunk 6_16_medicao_diaria; Type: CONSTRAINT; Schema: _timescaledb_internal; Owner: postgres
--

ALTER TABLE ONLY _timescaledb_internal._hyper_1_6_chunk
    ADD CONSTRAINT "6_16_medicao_diaria" PRIMARY KEY (data, codigo_estacao);


--
-- Name: _hyper_1_7_chunk 7_19_medicao_diaria; Type: CONSTRAINT; Schema: _timescaledb_internal; Owner: postgres
--

ALTER TABLE ONLY _timescaledb_internal._hyper_1_7_chunk
    ADD CONSTRAINT "7_19_medicao_diaria" PRIMARY KEY (data, codigo_estacao);


--
-- Name: _hyper_1_8_chunk 8_22_medicao_diaria; Type: CONSTRAINT; Schema: _timescaledb_internal; Owner: postgres
--

ALTER TABLE ONLY _timescaledb_internal._hyper_1_8_chunk
    ADD CONSTRAINT "8_22_medicao_diaria" PRIMARY KEY (data, codigo_estacao);


--
-- Name: _hyper_1_9_chunk 9_25_medicao_diaria; Type: CONSTRAINT; Schema: _timescaledb_internal; Owner: postgres
--

ALTER TABLE ONLY _timescaledb_internal._hyper_1_9_chunk
    ADD CONSTRAINT "9_25_medicao_diaria" PRIMARY KEY (data, codigo_estacao);


--
-- Name: estacoes estacoes_pkey; Type: CONSTRAINT; Schema: public; Owner: postgres
--

ALTER TABLE ONLY public.estacoes
    ADD CONSTRAINT estacoes_pkey PRIMARY KEY (codigo);


--
-- Name: medicoes_diarias medicao_diaria; Type: CONSTRAINT; Schema: public; Owner: postgres
--

ALTER TABLE ONLY public.medicoes_diarias
    ADD CONSTRAINT medicao_diaria PRIMARY KEY (data, codigo_estacao);


--
-- Name: poluentes poluentes_pkey; Type: CONSTRAINT; Schema: public; Owner: postgres
--

ALTER TABLE ONLY public.poluentes
    ADD CONSTRAINT poluentes_pkey PRIMARY KEY (codigo);


--
-- Name: _hyper_1_10_chunk_medicoes_diarias_data_idx; Type: INDEX; Schema: _timescaledb_internal; Owner: postgres
--

CREATE INDEX _hyper_1_10_chunk_medicoes_diarias_data_idx ON _timescaledb_internal._hyper_1_10_chunk USING btree (data DESC);


--
-- Name: _hyper_1_11_chunk_medicoes_diarias_data_idx; Type: INDEX; Schema: _timescaledb_internal; Owner: postgres
--

CREATE INDEX _hyper_1_11_chunk_medicoes_diarias_data_idx ON _timescaledb_internal._hyper_1_11_chunk USING btree (data DESC);


--
-- Name: _hyper_1_12_chunk_medicoes_diarias_data_idx; Type: INDEX; Schema: _timescaledb_internal; Owner: postgres
--

CREATE INDEX _hyper_1_12_chunk_medicoes_diarias_data_idx ON _timescaledb_internal._hyper_1_12_chunk USING btree (data DESC);


--
-- Name: _hyper_1_13_chunk_medicoes_diarias_data_idx; Type: INDEX; Schema: _timescaledb_internal; Owner: postgres
--

CREATE INDEX _hyper_1_13_chunk_medicoes_diarias_data_idx ON _timescaledb_internal._hyper_1_13_chunk USING btree (data DESC);


--
-- Name: _hyper_1_14_chunk_medicoes_diarias_data_idx; Type: INDEX; Schema: _timescaledb_internal; Owner: postgres
--

CREATE INDEX _hyper_1_14_chunk_medicoes_diarias_data_idx ON _timescaledb_internal._hyper_1_14_chunk USING btree (data DESC);


--
-- Name: _hyper_1_15_chunk_medicoes_diarias_data_idx; Type: INDEX; Schema: _timescaledb_internal; Owner: postgres
--

CREATE INDEX _hyper_1_15_chunk_medicoes_diarias_data_idx ON _timescaledb_internal._hyper_1_15_chunk USING btree (data DESC);


--
-- Name: _hyper_1_16_chunk_medicoes_diarias_data_idx; Type: INDEX; Schema: _timescaledb_internal; Owner: postgres
--

CREATE INDEX _hyper_1_16_chunk_medicoes_diarias_data_idx ON _timescaledb_internal._hyper_1_16_chunk USING btree (data DESC);


--
-- Name: _hyper_1_17_chunk_medicoes_diarias_data_idx; Type: INDEX; Schema: _timescaledb_internal; Owner: postgres
--

CREATE INDEX _hyper_1_17_chunk_medicoes_diarias_data_idx ON _timescaledb_internal._hyper_1_17_chunk USING btree (data DESC);


--
-- Name: _hyper_1_18_chunk_medicoes_diarias_data_idx; Type: INDEX; Schema: _timescaledb_internal; Owner: postgres
--

CREATE INDEX _hyper_1_18_chunk_medicoes_diarias_data_idx ON _timescaledb_internal._hyper_1_18_chunk USING btree (data DESC);


--
-- Name: _hyper_1_19_chunk_medicoes_diarias_data_idx; Type: INDEX; Schema: _timescaledb_internal; Owner: postgres
--

CREATE INDEX _hyper_1_19_chunk_medicoes_diarias_data_idx ON _timescaledb_internal._hyper_1_19_chunk USING btree (data DESC);


--
-- Name: _hyper_1_1_chunk_medicoes_diarias_data_idx; Type: INDEX; Schema: _timescaledb_internal; Owner: postgres
--

CREATE INDEX _hyper_1_1_chunk_medicoes_diarias_data_idx ON _timescaledb_internal._hyper_1_1_chunk USING btree (data DESC);


--
-- Name: _hyper_1_20_chunk_medicoes_diarias_data_idx; Type: INDEX; Schema: _timescaledb_internal; Owner: postgres
--

CREATE INDEX _hyper_1_20_chunk_medicoes_diarias_data_idx ON _timescaledb_internal._hyper_1_20_chunk USING btree (data DESC);


--
-- Name: _hyper_1_21_chunk_medicoes_diarias_data_idx; Type: INDEX; Schema: _timescaledb_internal; Owner: postgres
--

CREATE INDEX _hyper_1_21_chunk_medicoes_diarias_data_idx ON _timescaledb_internal._hyper_1_21_chunk USING btree (data DESC);


--
-- Name: _hyper_1_22_chunk_medicoes_diarias_data_idx; Type: INDEX; Schema: _timescaledb_internal; Owner: postgres
--

CREATE INDEX _hyper_1_22_chunk_medicoes_diarias_data_idx ON _timescaledb_internal._hyper_1_22_chunk USING btree (data DESC);


--
-- Name: _hyper_1_23_chunk_medicoes_diarias_data_idx; Type: INDEX; Schema: _timescaledb_internal; Owner: postgres
--

CREATE INDEX _hyper_1_23_chunk_medicoes_diarias_data_idx ON _timescaledb_internal._hyper_1_23_chunk USING btree (data DESC);


--
-- Name: _hyper_1_24_chunk_medicoes_diarias_data_idx; Type: INDEX; Schema: _timescaledb_internal; Owner: postgres
--

CREATE INDEX _hyper_1_24_chunk_medicoes_diarias_data_idx ON _timescaledb_internal._hyper_1_24_chunk USING btree (data DESC);


--
-- Name: _hyper_1_25_chunk_medicoes_diarias_data_idx; Type: INDEX; Schema: _timescaledb_internal; Owner: postgres
--

CREATE INDEX _hyper_1_25_chunk_medicoes_diarias_data_idx ON _timescaledb_internal._hyper_1_25_chunk USING btree (data DESC);


--
-- Name: _hyper_1_26_chunk_medicoes_diarias_data_idx; Type: INDEX; Schema: _timescaledb_internal; Owner: postgres
--

CREATE INDEX _hyper_1_26_chunk_medicoes_diarias_data_idx ON _timescaledb_internal._hyper_1_26_chunk USING btree (data DESC);


--
-- Name: _hyper_1_27_chunk_medicoes_diarias_data_idx; Type: INDEX; Schema: _timescaledb_internal; Owner: postgres
--

CREATE INDEX _hyper_1_27_chunk_medicoes_diarias_data_idx ON _timescaledb_internal._hyper_1_27_chunk USING btree (data DESC);


--
-- Name: _hyper_1_28_chunk_medicoes_diarias_data_idx; Type: INDEX; Schema: _timescaledb_internal; Owner: postgres
--

CREATE INDEX _hyper_1_28_chunk_medicoes_diarias_data_idx ON _timescaledb_internal._hyper_1_28_chunk USING btree (data DESC);


--
-- Name: _hyper_1_29_chunk_medicoes_diarias_data_idx; Type: INDEX; Schema: _timescaledb_internal; Owner: postgres
--

CREATE INDEX _hyper_1_29_chunk_medicoes_diarias_data_idx ON _timescaledb_internal._hyper_1_29_chunk USING btree (data DESC);


--
-- Name: _hyper_1_2_chunk_medicoes_diarias_data_idx; Type: INDEX; Schema: _timescaledb_internal; Owner: postgres
--

CREATE INDEX _hyper_1_2_chunk_medicoes_diarias_data_idx ON _timescaledb_internal._hyper_1_2_chunk USING btree (data DESC);


--
-- Name: _hyper_1_30_chunk_medicoes_diarias_data_idx; Type: INDEX; Schema: _timescaledb_internal; Owner: postgres
--

CREATE INDEX _hyper_1_30_chunk_medicoes_diarias_data_idx ON _timescaledb_internal._hyper_1_30_chunk USING btree (data DESC);


--
-- Name: _hyper_1_31_chunk_medicoes_diarias_data_idx; Type: INDEX; Schema: _timescaledb_internal; Owner: postgres
--

CREATE INDEX _hyper_1_31_chunk_medicoes_diarias_data_idx ON _timescaledb_internal._hyper_1_31_chunk USING btree (data DESC);


--
-- Name: _hyper_1_32_chunk_medicoes_diarias_data_idx; Type: INDEX; Schema: _timescaledb_internal; Owner: postgres
--

CREATE INDEX _hyper_1_32_chunk_medicoes_diarias_data_idx ON _timescaledb_internal._hyper_1_32_chunk USING btree (data DESC);


--
-- Name: _hyper_1_33_chunk_medicoes_diarias_data_idx; Type: INDEX; Schema: _timescaledb_internal; Owner: postgres
--

CREATE INDEX _hyper_1_33_chunk_medicoes_diarias_data_idx ON _timescaledb_internal._hyper_1_33_chunk USING btree (data DESC);


--
-- Name: _hyper_1_34_chunk_medicoes_diarias_data_idx; Type: INDEX; Schema: _timescaledb_internal; Owner: postgres
--

CREATE INDEX _hyper_1_34_chunk_medicoes_diarias_data_idx ON _timescaledb_internal._hyper_1_34_chunk USING btree (data DESC);


--
-- Name: _hyper_1_35_chunk_medicoes_diarias_data_idx; Type: INDEX; Schema: _timescaledb_internal; Owner: postgres
--

CREATE INDEX _hyper_1_35_chunk_medicoes_diarias_data_idx ON _timescaledb_internal._hyper_1_35_chunk USING btree (data DESC);


--
-- Name: _hyper_1_36_chunk_medicoes_diarias_data_idx; Type: INDEX; Schema: _timescaledb_internal; Owner: postgres
--

CREATE INDEX _hyper_1_36_chunk_medicoes_diarias_data_idx ON _timescaledb_internal._hyper_1_36_chunk USING btree (data DESC);


--
-- Name: _hyper_1_37_chunk_medicoes_diarias_data_idx; Type: INDEX; Schema: _timescaledb_internal; Owner: postgres
--

CREATE INDEX _hyper_1_37_chunk_medicoes_diarias_data_idx ON _timescaledb_internal._hyper_1_37_chunk USING btree (data DESC);


--
-- Name: _hyper_1_38_chunk_medicoes_diarias_data_idx; Type: INDEX; Schema: _timescaledb_internal; Owner: postgres
--

CREATE INDEX _hyper_1_38_chunk_medicoes_diarias_data_idx ON _timescaledb_internal._hyper_1_38_chunk USING btree (data DESC);


--
-- Name: _hyper_1_39_chunk_medicoes_diarias_data_idx; Type: INDEX; Schema: _timescaledb_internal; Owner: postgres
--

CREATE INDEX _hyper_1_39_chunk_medicoes_diarias_data_idx ON _timescaledb_internal._hyper_1_39_chunk USING btree (data DESC);


--
-- Name: _hyper_1_3_chunk_medicoes_diarias_data_idx; Type: INDEX; Schema: _timescaledb_internal; Owner: postgres
--

CREATE INDEX _hyper_1_3_chunk_medicoes_diarias_data_idx ON _timescaledb_internal._hyper_1_3_chunk USING btree (data DESC);


--
-- Name: _hyper_1_40_chunk_medicoes_diarias_data_idx; Type: INDEX; Schema: _timescaledb_internal; Owner: postgres
--

CREATE INDEX _hyper_1_40_chunk_medicoes_diarias_data_idx ON _timescaledb_internal._hyper_1_40_chunk USING btree (data DESC);


--
-- Name: _hyper_1_41_chunk_medicoes_diarias_data_idx; Type: INDEX; Schema: _timescaledb_internal; Owner: postgres
--

CREATE INDEX _hyper_1_41_chunk_medicoes_diarias_data_idx ON _timescaledb_internal._hyper_1_41_chunk USING btree (data DESC);


--
-- Name: _hyper_1_42_chunk_medicoes_diarias_data_idx; Type: INDEX; Schema: _timescaledb_internal; Owner: postgres
--

CREATE INDEX _hyper_1_42_chunk_medicoes_diarias_data_idx ON _timescaledb_internal._hyper_1_42_chunk USING btree (data DESC);


--
-- Name: _hyper_1_43_chunk_medicoes_diarias_data_idx; Type: INDEX; Schema: _timescaledb_internal; Owner: postgres
--

CREATE INDEX _hyper_1_43_chunk_medicoes_diarias_data_idx ON _timescaledb_internal._hyper_1_43_chunk USING btree (data DESC);


--
-- Name: _hyper_1_44_chunk_medicoes_diarias_data_idx; Type: INDEX; Schema: _timescaledb_internal; Owner: postgres
--

CREATE INDEX _hyper_1_44_chunk_medicoes_diarias_data_idx ON _timescaledb_internal._hyper_1_44_chunk USING btree (data DESC);


--
-- Name: _hyper_1_45_chunk_medicoes_diarias_data_idx; Type: INDEX; Schema: _timescaledb_internal; Owner: postgres
--

CREATE INDEX _hyper_1_45_chunk_medicoes_diarias_data_idx ON _timescaledb_internal._hyper_1_45_chunk USING btree (data DESC);


--
-- Name: _hyper_1_46_chunk_medicoes_diarias_data_idx; Type: INDEX; Schema: _timescaledb_internal; Owner: postgres
--

CREATE INDEX _hyper_1_46_chunk_medicoes_diarias_data_idx ON _timescaledb_internal._hyper_1_46_chunk USING btree (data DESC);


--
-- Name: _hyper_1_47_chunk_medicoes_diarias_data_idx; Type: INDEX; Schema: _timescaledb_internal; Owner: postgres
--

CREATE INDEX _hyper_1_47_chunk_medicoes_diarias_data_idx ON _timescaledb_internal._hyper_1_47_chunk USING btree (data DESC);


--
-- Name: _hyper_1_48_chunk_medicoes_diarias_data_idx; Type: INDEX; Schema: _timescaledb_internal; Owner: postgres
--

CREATE INDEX _hyper_1_48_chunk_medicoes_diarias_data_idx ON _timescaledb_internal._hyper_1_48_chunk USING btree (data DESC);


--
-- Name: _hyper_1_49_chunk_medicoes_diarias_data_idx; Type: INDEX; Schema: _timescaledb_internal; Owner: postgres
--

CREATE INDEX _hyper_1_49_chunk_medicoes_diarias_data_idx ON _timescaledb_internal._hyper_1_49_chunk USING btree (data DESC);


--
-- Name: _hyper_1_4_chunk_medicoes_diarias_data_idx; Type: INDEX; Schema: _timescaledb_internal; Owner: postgres
--

CREATE INDEX _hyper_1_4_chunk_medicoes_diarias_data_idx ON _timescaledb_internal._hyper_1_4_chunk USING btree (data DESC);


--
-- Name: _hyper_1_50_chunk_medicoes_diarias_data_idx; Type: INDEX; Schema: _timescaledb_internal; Owner: postgres
--

CREATE INDEX _hyper_1_50_chunk_medicoes_diarias_data_idx ON _timescaledb_internal._hyper_1_50_chunk USING btree (data DESC);


--
-- Name: _hyper_1_51_chunk_medicoes_diarias_data_idx; Type: INDEX; Schema: _timescaledb_internal; Owner: postgres
--

CREATE INDEX _hyper_1_51_chunk_medicoes_diarias_data_idx ON _timescaledb_internal._hyper_1_51_chunk USING btree (data DESC);


--
-- Name: _hyper_1_52_chunk_medicoes_diarias_data_idx; Type: INDEX; Schema: _timescaledb_internal; Owner: postgres
--

CREATE INDEX _hyper_1_52_chunk_medicoes_diarias_data_idx ON _timescaledb_internal._hyper_1_52_chunk USING btree (data DESC);


--
-- Name: _hyper_1_53_chunk_medicoes_diarias_data_idx; Type: INDEX; Schema: _timescaledb_internal; Owner: postgres
--

CREATE INDEX _hyper_1_53_chunk_medicoes_diarias_data_idx ON _timescaledb_internal._hyper_1_53_chunk USING btree (data DESC);


--
-- Name: _hyper_1_54_chunk_medicoes_diarias_data_idx; Type: INDEX; Schema: _timescaledb_internal; Owner: postgres
--

CREATE INDEX _hyper_1_54_chunk_medicoes_diarias_data_idx ON _timescaledb_internal._hyper_1_54_chunk USING btree (data DESC);


--
-- Name: _hyper_1_55_chunk_medicoes_diarias_data_idx; Type: INDEX; Schema: _timescaledb_internal; Owner: postgres
--

CREATE INDEX _hyper_1_55_chunk_medicoes_diarias_data_idx ON _timescaledb_internal._hyper_1_55_chunk USING btree (data DESC);


--
-- Name: _hyper_1_56_chunk_medicoes_diarias_data_idx; Type: INDEX; Schema: _timescaledb_internal; Owner: postgres
--

CREATE INDEX _hyper_1_56_chunk_medicoes_diarias_data_idx ON _timescaledb_internal._hyper_1_56_chunk USING btree (data DESC);


--
-- Name: _hyper_1_57_chunk_medicoes_diarias_data_idx; Type: INDEX; Schema: _timescaledb_internal; Owner: postgres
--

CREATE INDEX _hyper_1_57_chunk_medicoes_diarias_data_idx ON _timescaledb_internal._hyper_1_57_chunk USING btree (data DESC);


--
-- Name: _hyper_1_58_chunk_medicoes_diarias_data_idx; Type: INDEX; Schema: _timescaledb_internal; Owner: postgres
--

CREATE INDEX _hyper_1_58_chunk_medicoes_diarias_data_idx ON _timescaledb_internal._hyper_1_58_chunk USING btree (data DESC);


--
-- Name: _hyper_1_59_chunk_medicoes_diarias_data_idx; Type: INDEX; Schema: _timescaledb_internal; Owner: postgres
--

CREATE INDEX _hyper_1_59_chunk_medicoes_diarias_data_idx ON _timescaledb_internal._hyper_1_59_chunk USING btree (data DESC);


--
-- Name: _hyper_1_5_chunk_medicoes_diarias_data_idx; Type: INDEX; Schema: _timescaledb_internal; Owner: postgres
--

CREATE INDEX _hyper_1_5_chunk_medicoes_diarias_data_idx ON _timescaledb_internal._hyper_1_5_chunk USING btree (data DESC);


--
-- Name: _hyper_1_60_chunk_medicoes_diarias_data_idx; Type: INDEX; Schema: _timescaledb_internal; Owner: postgres
--

CREATE INDEX _hyper_1_60_chunk_medicoes_diarias_data_idx ON _timescaledb_internal._hyper_1_60_chunk USING btree (data DESC);


--
-- Name: _hyper_1_61_chunk_medicoes_diarias_data_idx; Type: INDEX; Schema: _timescaledb_internal; Owner: postgres
--

CREATE INDEX _hyper_1_61_chunk_medicoes_diarias_data_idx ON _timescaledb_internal._hyper_1_61_chunk USING btree (data DESC);


--
-- Name: _hyper_1_62_chunk_medicoes_diarias_data_idx; Type: INDEX; Schema: _timescaledb_internal; Owner: postgres
--

CREATE INDEX _hyper_1_62_chunk_medicoes_diarias_data_idx ON _timescaledb_internal._hyper_1_62_chunk USING btree (data DESC);


--
-- Name: _hyper_1_63_chunk_medicoes_diarias_data_idx; Type: INDEX; Schema: _timescaledb_internal; Owner: postgres
--

CREATE INDEX _hyper_1_63_chunk_medicoes_diarias_data_idx ON _timescaledb_internal._hyper_1_63_chunk USING btree (data DESC);


--
-- Name: _hyper_1_64_chunk_medicoes_diarias_data_idx; Type: INDEX; Schema: _timescaledb_internal; Owner: postgres
--

CREATE INDEX _hyper_1_64_chunk_medicoes_diarias_data_idx ON _timescaledb_internal._hyper_1_64_chunk USING btree (data DESC);


--
-- Name: _hyper_1_65_chunk_medicoes_diarias_data_idx; Type: INDEX; Schema: _timescaledb_internal; Owner: postgres
--

CREATE INDEX _hyper_1_65_chunk_medicoes_diarias_data_idx ON _timescaledb_internal._hyper_1_65_chunk USING btree (data DESC);


--
-- Name: _hyper_1_6_chunk_medicoes_diarias_data_idx; Type: INDEX; Schema: _timescaledb_internal; Owner: postgres
--

CREATE INDEX _hyper_1_6_chunk_medicoes_diarias_data_idx ON _timescaledb_internal._hyper_1_6_chunk USING btree (data DESC);


--
-- Name: _hyper_1_7_chunk_medicoes_diarias_data_idx; Type: INDEX; Schema: _timescaledb_internal; Owner: postgres
--

CREATE INDEX _hyper_1_7_chunk_medicoes_diarias_data_idx ON _timescaledb_internal._hyper_1_7_chunk USING btree (data DESC);


--
-- Name: _hyper_1_8_chunk_medicoes_diarias_data_idx; Type: INDEX; Schema: _timescaledb_internal; Owner: postgres
--

CREATE INDEX _hyper_1_8_chunk_medicoes_diarias_data_idx ON _timescaledb_internal._hyper_1_8_chunk USING btree (data DESC);


--
-- Name: _hyper_1_9_chunk_medicoes_diarias_data_idx; Type: INDEX; Schema: _timescaledb_internal; Owner: postgres
--

CREATE INDEX _hyper_1_9_chunk_medicoes_diarias_data_idx ON _timescaledb_internal._hyper_1_9_chunk USING btree (data DESC);


--
-- Name: medicoes_diarias_data_idx; Type: INDEX; Schema: public; Owner: postgres
--

CREATE INDEX medicoes_diarias_data_idx ON public.medicoes_diarias USING btree (data DESC);


--
-- Name: medicoes_diarias ts_insert_blocker; Type: TRIGGER; Schema: public; Owner: postgres
--

CREATE TRIGGER ts_insert_blocker BEFORE INSERT ON public.medicoes_diarias FOR EACH ROW EXECUTE FUNCTION _timescaledb_functions.insert_blocker();


--
-- Name: _hyper_1_10_chunk 10_29_medicoes_diarias_codigo_estacao_fkey; Type: FK CONSTRAINT; Schema: _timescaledb_internal; Owner: postgres
--

ALTER TABLE ONLY _timescaledb_internal._hyper_1_10_chunk
    ADD CONSTRAINT "10_29_medicoes_diarias_codigo_estacao_fkey" FOREIGN KEY (codigo_estacao) REFERENCES public.estacoes(codigo);


--
-- Name: _hyper_1_10_chunk 10_30_medicoes_diarias_codigo_poluente_fkey; Type: FK CONSTRAINT; Schema: _timescaledb_internal; Owner: postgres
--

ALTER TABLE ONLY _timescaledb_internal._hyper_1_10_chunk
    ADD CONSTRAINT "10_30_medicoes_diarias_codigo_poluente_fkey" FOREIGN KEY (codigo_poluente) REFERENCES public.poluentes(codigo);


--
-- Name: _hyper_1_11_chunk 11_32_medicoes_diarias_codigo_estacao_fkey; Type: FK CONSTRAINT; Schema: _timescaledb_internal; Owner: postgres
--

ALTER TABLE ONLY _timescaledb_internal._hyper_1_11_chunk
    ADD CONSTRAINT "11_32_medicoes_diarias_codigo_estacao_fkey" FOREIGN KEY (codigo_estacao) REFERENCES public.estacoes(codigo);


--
-- Name: _hyper_1_11_chunk 11_33_medicoes_diarias_codigo_poluente_fkey; Type: FK CONSTRAINT; Schema: _timescaledb_internal; Owner: postgres
--

ALTER TABLE ONLY _timescaledb_internal._hyper_1_11_chunk
    ADD CONSTRAINT "11_33_medicoes_diarias_codigo_poluente_fkey" FOREIGN KEY (codigo_poluente) REFERENCES public.poluentes(codigo);


--
-- Name: _hyper_1_12_chunk 12_35_medicoes_diarias_codigo_estacao_fkey; Type: FK CONSTRAINT; Schema: _timescaledb_internal; Owner: postgres
--

ALTER TABLE ONLY _timescaledb_internal._hyper_1_12_chunk
    ADD CONSTRAINT "12_35_medicoes_diarias_codigo_estacao_fkey" FOREIGN KEY (codigo_estacao) REFERENCES public.estacoes(codigo);


--
-- Name: _hyper_1_12_chunk 12_36_medicoes_diarias_codigo_poluente_fkey; Type: FK CONSTRAINT; Schema: _timescaledb_internal; Owner: postgres
--

ALTER TABLE ONLY _timescaledb_internal._hyper_1_12_chunk
    ADD CONSTRAINT "12_36_medicoes_diarias_codigo_poluente_fkey" FOREIGN KEY (codigo_poluente) REFERENCES public.poluentes(codigo);


--
-- Name: _hyper_1_13_chunk 13_38_medicoes_diarias_codigo_estacao_fkey; Type: FK CONSTRAINT; Schema: _timescaledb_internal; Owner: postgres
--

ALTER TABLE ONLY _timescaledb_internal._hyper_1_13_chunk
    ADD CONSTRAINT "13_38_medicoes_diarias_codigo_estacao_fkey" FOREIGN KEY (codigo_estacao) REFERENCES public.estacoes(codigo);


--
-- Name: _hyper_1_13_chunk 13_39_medicoes_diarias_codigo_poluente_fkey; Type: FK CONSTRAINT; Schema: _timescaledb_internal; Owner: postgres
--

ALTER TABLE ONLY _timescaledb_internal._hyper_1_13_chunk
    ADD CONSTRAINT "13_39_medicoes_diarias_codigo_poluente_fkey" FOREIGN KEY (codigo_poluente) REFERENCES public.poluentes(codigo);


--
-- Name: _hyper_1_14_chunk 14_41_medicoes_diarias_codigo_estacao_fkey; Type: FK CONSTRAINT; Schema: _timescaledb_internal; Owner: postgres
--

ALTER TABLE ONLY _timescaledb_internal._hyper_1_14_chunk
    ADD CONSTRAINT "14_41_medicoes_diarias_codigo_estacao_fkey" FOREIGN KEY (codigo_estacao) REFERENCES public.estacoes(codigo);


--
-- Name: _hyper_1_14_chunk 14_42_medicoes_diarias_codigo_poluente_fkey; Type: FK CONSTRAINT; Schema: _timescaledb_internal; Owner: postgres
--

ALTER TABLE ONLY _timescaledb_internal._hyper_1_14_chunk
    ADD CONSTRAINT "14_42_medicoes_diarias_codigo_poluente_fkey" FOREIGN KEY (codigo_poluente) REFERENCES public.poluentes(codigo);


--
-- Name: _hyper_1_15_chunk 15_44_medicoes_diarias_codigo_estacao_fkey; Type: FK CONSTRAINT; Schema: _timescaledb_internal; Owner: postgres
--

ALTER TABLE ONLY _timescaledb_internal._hyper_1_15_chunk
    ADD CONSTRAINT "15_44_medicoes_diarias_codigo_estacao_fkey" FOREIGN KEY (codigo_estacao) REFERENCES public.estacoes(codigo);


--
-- Name: _hyper_1_15_chunk 15_45_medicoes_diarias_codigo_poluente_fkey; Type: FK CONSTRAINT; Schema: _timescaledb_internal; Owner: postgres
--

ALTER TABLE ONLY _timescaledb_internal._hyper_1_15_chunk
    ADD CONSTRAINT "15_45_medicoes_diarias_codigo_poluente_fkey" FOREIGN KEY (codigo_poluente) REFERENCES public.poluentes(codigo);


--
-- Name: _hyper_1_16_chunk 16_47_medicoes_diarias_codigo_estacao_fkey; Type: FK CONSTRAINT; Schema: _timescaledb_internal; Owner: postgres
--

ALTER TABLE ONLY _timescaledb_internal._hyper_1_16_chunk
    ADD CONSTRAINT "16_47_medicoes_diarias_codigo_estacao_fkey" FOREIGN KEY (codigo_estacao) REFERENCES public.estacoes(codigo);


--
-- Name: _hyper_1_16_chunk 16_48_medicoes_diarias_codigo_poluente_fkey; Type: FK CONSTRAINT; Schema: _timescaledb_internal; Owner: postgres
--

ALTER TABLE ONLY _timescaledb_internal._hyper_1_16_chunk
    ADD CONSTRAINT "16_48_medicoes_diarias_codigo_poluente_fkey" FOREIGN KEY (codigo_poluente) REFERENCES public.poluentes(codigo);


--
-- Name: _hyper_1_17_chunk 17_50_medicoes_diarias_codigo_estacao_fkey; Type: FK CONSTRAINT; Schema: _timescaledb_internal; Owner: postgres
--

ALTER TABLE ONLY _timescaledb_internal._hyper_1_17_chunk
    ADD CONSTRAINT "17_50_medicoes_diarias_codigo_estacao_fkey" FOREIGN KEY (codigo_estacao) REFERENCES public.estacoes(codigo);


--
-- Name: _hyper_1_17_chunk 17_51_medicoes_diarias_codigo_poluente_fkey; Type: FK CONSTRAINT; Schema: _timescaledb_internal; Owner: postgres
--

ALTER TABLE ONLY _timescaledb_internal._hyper_1_17_chunk
    ADD CONSTRAINT "17_51_medicoes_diarias_codigo_poluente_fkey" FOREIGN KEY (codigo_poluente) REFERENCES public.poluentes(codigo);


--
-- Name: _hyper_1_18_chunk 18_53_medicoes_diarias_codigo_estacao_fkey; Type: FK CONSTRAINT; Schema: _timescaledb_internal; Owner: postgres
--

ALTER TABLE ONLY _timescaledb_internal._hyper_1_18_chunk
    ADD CONSTRAINT "18_53_medicoes_diarias_codigo_estacao_fkey" FOREIGN KEY (codigo_estacao) REFERENCES public.estacoes(codigo);


--
-- Name: _hyper_1_18_chunk 18_54_medicoes_diarias_codigo_poluente_fkey; Type: FK CONSTRAINT; Schema: _timescaledb_internal; Owner: postgres
--

ALTER TABLE ONLY _timescaledb_internal._hyper_1_18_chunk
    ADD CONSTRAINT "18_54_medicoes_diarias_codigo_poluente_fkey" FOREIGN KEY (codigo_poluente) REFERENCES public.poluentes(codigo);


--
-- Name: _hyper_1_19_chunk 19_56_medicoes_diarias_codigo_estacao_fkey; Type: FK CONSTRAINT; Schema: _timescaledb_internal; Owner: postgres
--

ALTER TABLE ONLY _timescaledb_internal._hyper_1_19_chunk
    ADD CONSTRAINT "19_56_medicoes_diarias_codigo_estacao_fkey" FOREIGN KEY (codigo_estacao) REFERENCES public.estacoes(codigo);


--
-- Name: _hyper_1_19_chunk 19_57_medicoes_diarias_codigo_poluente_fkey; Type: FK CONSTRAINT; Schema: _timescaledb_internal; Owner: postgres
--

ALTER TABLE ONLY _timescaledb_internal._hyper_1_19_chunk
    ADD CONSTRAINT "19_57_medicoes_diarias_codigo_poluente_fkey" FOREIGN KEY (codigo_poluente) REFERENCES public.poluentes(codigo);


--
-- Name: _hyper_1_1_chunk 1_2_medicoes_diarias_codigo_estacao_fkey; Type: FK CONSTRAINT; Schema: _timescaledb_internal; Owner: postgres
--

ALTER TABLE ONLY _timescaledb_internal._hyper_1_1_chunk
    ADD CONSTRAINT "1_2_medicoes_diarias_codigo_estacao_fkey" FOREIGN KEY (codigo_estacao) REFERENCES public.estacoes(codigo);


--
-- Name: _hyper_1_1_chunk 1_3_medicoes_diarias_codigo_poluente_fkey; Type: FK CONSTRAINT; Schema: _timescaledb_internal; Owner: postgres
--

ALTER TABLE ONLY _timescaledb_internal._hyper_1_1_chunk
    ADD CONSTRAINT "1_3_medicoes_diarias_codigo_poluente_fkey" FOREIGN KEY (codigo_poluente) REFERENCES public.poluentes(codigo);


--
-- Name: _hyper_1_20_chunk 20_59_medicoes_diarias_codigo_estacao_fkey; Type: FK CONSTRAINT; Schema: _timescaledb_internal; Owner: postgres
--

ALTER TABLE ONLY _timescaledb_internal._hyper_1_20_chunk
    ADD CONSTRAINT "20_59_medicoes_diarias_codigo_estacao_fkey" FOREIGN KEY (codigo_estacao) REFERENCES public.estacoes(codigo);


--
-- Name: _hyper_1_20_chunk 20_60_medicoes_diarias_codigo_poluente_fkey; Type: FK CONSTRAINT; Schema: _timescaledb_internal; Owner: postgres
--

ALTER TABLE ONLY _timescaledb_internal._hyper_1_20_chunk
    ADD CONSTRAINT "20_60_medicoes_diarias_codigo_poluente_fkey" FOREIGN KEY (codigo_poluente) REFERENCES public.poluentes(codigo);


--
-- Name: _hyper_1_21_chunk 21_62_medicoes_diarias_codigo_estacao_fkey; Type: FK CONSTRAINT; Schema: _timescaledb_internal; Owner: postgres
--

ALTER TABLE ONLY _timescaledb_internal._hyper_1_21_chunk
    ADD CONSTRAINT "21_62_medicoes_diarias_codigo_estacao_fkey" FOREIGN KEY (codigo_estacao) REFERENCES public.estacoes(codigo);


--
-- Name: _hyper_1_21_chunk 21_63_medicoes_diarias_codigo_poluente_fkey; Type: FK CONSTRAINT; Schema: _timescaledb_internal; Owner: postgres
--

ALTER TABLE ONLY _timescaledb_internal._hyper_1_21_chunk
    ADD CONSTRAINT "21_63_medicoes_diarias_codigo_poluente_fkey" FOREIGN KEY (codigo_poluente) REFERENCES public.poluentes(codigo);


--
-- Name: _hyper_1_22_chunk 22_65_medicoes_diarias_codigo_estacao_fkey; Type: FK CONSTRAINT; Schema: _timescaledb_internal; Owner: postgres
--

ALTER TABLE ONLY _timescaledb_internal._hyper_1_22_chunk
    ADD CONSTRAINT "22_65_medicoes_diarias_codigo_estacao_fkey" FOREIGN KEY (codigo_estacao) REFERENCES public.estacoes(codigo);


--
-- Name: _hyper_1_22_chunk 22_66_medicoes_diarias_codigo_poluente_fkey; Type: FK CONSTRAINT; Schema: _timescaledb_internal; Owner: postgres
--

ALTER TABLE ONLY _timescaledb_internal._hyper_1_22_chunk
    ADD CONSTRAINT "22_66_medicoes_diarias_codigo_poluente_fkey" FOREIGN KEY (codigo_poluente) REFERENCES public.poluentes(codigo);


--
-- Name: _hyper_1_23_chunk 23_68_medicoes_diarias_codigo_estacao_fkey; Type: FK CONSTRAINT; Schema: _timescaledb_internal; Owner: postgres
--

ALTER TABLE ONLY _timescaledb_internal._hyper_1_23_chunk
    ADD CONSTRAINT "23_68_medicoes_diarias_codigo_estacao_fkey" FOREIGN KEY (codigo_estacao) REFERENCES public.estacoes(codigo);


--
-- Name: _hyper_1_23_chunk 23_69_medicoes_diarias_codigo_poluente_fkey; Type: FK CONSTRAINT; Schema: _timescaledb_internal; Owner: postgres
--

ALTER TABLE ONLY _timescaledb_internal._hyper_1_23_chunk
    ADD CONSTRAINT "23_69_medicoes_diarias_codigo_poluente_fkey" FOREIGN KEY (codigo_poluente) REFERENCES public.poluentes(codigo);


--
-- Name: _hyper_1_24_chunk 24_71_medicoes_diarias_codigo_estacao_fkey; Type: FK CONSTRAINT; Schema: _timescaledb_internal; Owner: postgres
--

ALTER TABLE ONLY _timescaledb_internal._hyper_1_24_chunk
    ADD CONSTRAINT "24_71_medicoes_diarias_codigo_estacao_fkey" FOREIGN KEY (codigo_estacao) REFERENCES public.estacoes(codigo);


--
-- Name: _hyper_1_24_chunk 24_72_medicoes_diarias_codigo_poluente_fkey; Type: FK CONSTRAINT; Schema: _timescaledb_internal; Owner: postgres
--

ALTER TABLE ONLY _timescaledb_internal._hyper_1_24_chunk
    ADD CONSTRAINT "24_72_medicoes_diarias_codigo_poluente_fkey" FOREIGN KEY (codigo_poluente) REFERENCES public.poluentes(codigo);


--
-- Name: _hyper_1_25_chunk 25_74_medicoes_diarias_codigo_estacao_fkey; Type: FK CONSTRAINT; Schema: _timescaledb_internal; Owner: postgres
--

ALTER TABLE ONLY _timescaledb_internal._hyper_1_25_chunk
    ADD CONSTRAINT "25_74_medicoes_diarias_codigo_estacao_fkey" FOREIGN KEY (codigo_estacao) REFERENCES public.estacoes(codigo);


--
-- Name: _hyper_1_25_chunk 25_75_medicoes_diarias_codigo_poluente_fkey; Type: FK CONSTRAINT; Schema: _timescaledb_internal; Owner: postgres
--

ALTER TABLE ONLY _timescaledb_internal._hyper_1_25_chunk
    ADD CONSTRAINT "25_75_medicoes_diarias_codigo_poluente_fkey" FOREIGN KEY (codigo_poluente) REFERENCES public.poluentes(codigo);


--
-- Name: _hyper_1_26_chunk 26_77_medicoes_diarias_codigo_estacao_fkey; Type: FK CONSTRAINT; Schema: _timescaledb_internal; Owner: postgres
--

ALTER TABLE ONLY _timescaledb_internal._hyper_1_26_chunk
    ADD CONSTRAINT "26_77_medicoes_diarias_codigo_estacao_fkey" FOREIGN KEY (codigo_estacao) REFERENCES public.estacoes(codigo);


--
-- Name: _hyper_1_26_chunk 26_78_medicoes_diarias_codigo_poluente_fkey; Type: FK CONSTRAINT; Schema: _timescaledb_internal; Owner: postgres
--

ALTER TABLE ONLY _timescaledb_internal._hyper_1_26_chunk
    ADD CONSTRAINT "26_78_medicoes_diarias_codigo_poluente_fkey" FOREIGN KEY (codigo_poluente) REFERENCES public.poluentes(codigo);


--
-- Name: _hyper_1_27_chunk 27_80_medicoes_diarias_codigo_estacao_fkey; Type: FK CONSTRAINT; Schema: _timescaledb_internal; Owner: postgres
--

ALTER TABLE ONLY _timescaledb_internal._hyper_1_27_chunk
    ADD CONSTRAINT "27_80_medicoes_diarias_codigo_estacao_fkey" FOREIGN KEY (codigo_estacao) REFERENCES public.estacoes(codigo);


--
-- Name: _hyper_1_27_chunk 27_81_medicoes_diarias_codigo_poluente_fkey; Type: FK CONSTRAINT; Schema: _timescaledb_internal; Owner: postgres
--

ALTER TABLE ONLY _timescaledb_internal._hyper_1_27_chunk
    ADD CONSTRAINT "27_81_medicoes_diarias_codigo_poluente_fkey" FOREIGN KEY (codigo_poluente) REFERENCES public.poluentes(codigo);


--
-- Name: _hyper_1_28_chunk 28_83_medicoes_diarias_codigo_estacao_fkey; Type: FK CONSTRAINT; Schema: _timescaledb_internal; Owner: postgres
--

ALTER TABLE ONLY _timescaledb_internal._hyper_1_28_chunk
    ADD CONSTRAINT "28_83_medicoes_diarias_codigo_estacao_fkey" FOREIGN KEY (codigo_estacao) REFERENCES public.estacoes(codigo);


--
-- Name: _hyper_1_28_chunk 28_84_medicoes_diarias_codigo_poluente_fkey; Type: FK CONSTRAINT; Schema: _timescaledb_internal; Owner: postgres
--

ALTER TABLE ONLY _timescaledb_internal._hyper_1_28_chunk
    ADD CONSTRAINT "28_84_medicoes_diarias_codigo_poluente_fkey" FOREIGN KEY (codigo_poluente) REFERENCES public.poluentes(codigo);


--
-- Name: _hyper_1_29_chunk 29_86_medicoes_diarias_codigo_estacao_fkey; Type: FK CONSTRAINT; Schema: _timescaledb_internal; Owner: postgres
--

ALTER TABLE ONLY _timescaledb_internal._hyper_1_29_chunk
    ADD CONSTRAINT "29_86_medicoes_diarias_codigo_estacao_fkey" FOREIGN KEY (codigo_estacao) REFERENCES public.estacoes(codigo);


--
-- Name: _hyper_1_29_chunk 29_87_medicoes_diarias_codigo_poluente_fkey; Type: FK CONSTRAINT; Schema: _timescaledb_internal; Owner: postgres
--

ALTER TABLE ONLY _timescaledb_internal._hyper_1_29_chunk
    ADD CONSTRAINT "29_87_medicoes_diarias_codigo_poluente_fkey" FOREIGN KEY (codigo_poluente) REFERENCES public.poluentes(codigo);


--
-- Name: _hyper_1_2_chunk 2_5_medicoes_diarias_codigo_estacao_fkey; Type: FK CONSTRAINT; Schema: _timescaledb_internal; Owner: postgres
--

ALTER TABLE ONLY _timescaledb_internal._hyper_1_2_chunk
    ADD CONSTRAINT "2_5_medicoes_diarias_codigo_estacao_fkey" FOREIGN KEY (codigo_estacao) REFERENCES public.estacoes(codigo);


--
-- Name: _hyper_1_2_chunk 2_6_medicoes_diarias_codigo_poluente_fkey; Type: FK CONSTRAINT; Schema: _timescaledb_internal; Owner: postgres
--

ALTER TABLE ONLY _timescaledb_internal._hyper_1_2_chunk
    ADD CONSTRAINT "2_6_medicoes_diarias_codigo_poluente_fkey" FOREIGN KEY (codigo_poluente) REFERENCES public.poluentes(codigo);


--
-- Name: _hyper_1_30_chunk 30_89_medicoes_diarias_codigo_estacao_fkey; Type: FK CONSTRAINT; Schema: _timescaledb_internal; Owner: postgres
--

ALTER TABLE ONLY _timescaledb_internal._hyper_1_30_chunk
    ADD CONSTRAINT "30_89_medicoes_diarias_codigo_estacao_fkey" FOREIGN KEY (codigo_estacao) REFERENCES public.estacoes(codigo);


--
-- Name: _hyper_1_30_chunk 30_90_medicoes_diarias_codigo_poluente_fkey; Type: FK CONSTRAINT; Schema: _timescaledb_internal; Owner: postgres
--

ALTER TABLE ONLY _timescaledb_internal._hyper_1_30_chunk
    ADD CONSTRAINT "30_90_medicoes_diarias_codigo_poluente_fkey" FOREIGN KEY (codigo_poluente) REFERENCES public.poluentes(codigo);


--
-- Name: _hyper_1_31_chunk 31_92_medicoes_diarias_codigo_estacao_fkey; Type: FK CONSTRAINT; Schema: _timescaledb_internal; Owner: postgres
--

ALTER TABLE ONLY _timescaledb_internal._hyper_1_31_chunk
    ADD CONSTRAINT "31_92_medicoes_diarias_codigo_estacao_fkey" FOREIGN KEY (codigo_estacao) REFERENCES public.estacoes(codigo);


--
-- Name: _hyper_1_31_chunk 31_93_medicoes_diarias_codigo_poluente_fkey; Type: FK CONSTRAINT; Schema: _timescaledb_internal; Owner: postgres
--

ALTER TABLE ONLY _timescaledb_internal._hyper_1_31_chunk
    ADD CONSTRAINT "31_93_medicoes_diarias_codigo_poluente_fkey" FOREIGN KEY (codigo_poluente) REFERENCES public.poluentes(codigo);


--
-- Name: _hyper_1_32_chunk 32_95_medicoes_diarias_codigo_estacao_fkey; Type: FK CONSTRAINT; Schema: _timescaledb_internal; Owner: postgres
--

ALTER TABLE ONLY _timescaledb_internal._hyper_1_32_chunk
    ADD CONSTRAINT "32_95_medicoes_diarias_codigo_estacao_fkey" FOREIGN KEY (codigo_estacao) REFERENCES public.estacoes(codigo);


--
-- Name: _hyper_1_32_chunk 32_96_medicoes_diarias_codigo_poluente_fkey; Type: FK CONSTRAINT; Schema: _timescaledb_internal; Owner: postgres
--

ALTER TABLE ONLY _timescaledb_internal._hyper_1_32_chunk
    ADD CONSTRAINT "32_96_medicoes_diarias_codigo_poluente_fkey" FOREIGN KEY (codigo_poluente) REFERENCES public.poluentes(codigo);


--
-- Name: _hyper_1_33_chunk 33_98_medicoes_diarias_codigo_estacao_fkey; Type: FK CONSTRAINT; Schema: _timescaledb_internal; Owner: postgres
--

ALTER TABLE ONLY _timescaledb_internal._hyper_1_33_chunk
    ADD CONSTRAINT "33_98_medicoes_diarias_codigo_estacao_fkey" FOREIGN KEY (codigo_estacao) REFERENCES public.estacoes(codigo);


--
-- Name: _hyper_1_33_chunk 33_99_medicoes_diarias_codigo_poluente_fkey; Type: FK CONSTRAINT; Schema: _timescaledb_internal; Owner: postgres
--

ALTER TABLE ONLY _timescaledb_internal._hyper_1_33_chunk
    ADD CONSTRAINT "33_99_medicoes_diarias_codigo_poluente_fkey" FOREIGN KEY (codigo_poluente) REFERENCES public.poluentes(codigo);


--
-- Name: _hyper_1_34_chunk 34_101_medicoes_diarias_codigo_estacao_fkey; Type: FK CONSTRAINT; Schema: _timescaledb_internal; Owner: postgres
--

ALTER TABLE ONLY _timescaledb_internal._hyper_1_34_chunk
    ADD CONSTRAINT "34_101_medicoes_diarias_codigo_estacao_fkey" FOREIGN KEY (codigo_estacao) REFERENCES public.estacoes(codigo);


--
-- Name: _hyper_1_34_chunk 34_102_medicoes_diarias_codigo_poluente_fkey; Type: FK CONSTRAINT; Schema: _timescaledb_internal; Owner: postgres
--

ALTER TABLE ONLY _timescaledb_internal._hyper_1_34_chunk
    ADD CONSTRAINT "34_102_medicoes_diarias_codigo_poluente_fkey" FOREIGN KEY (codigo_poluente) REFERENCES public.poluentes(codigo);


--
-- Name: _hyper_1_35_chunk 35_104_medicoes_diarias_codigo_estacao_fkey; Type: FK CONSTRAINT; Schema: _timescaledb_internal; Owner: postgres
--

ALTER TABLE ONLY _timescaledb_internal._hyper_1_35_chunk
    ADD CONSTRAINT "35_104_medicoes_diarias_codigo_estacao_fkey" FOREIGN KEY (codigo_estacao) REFERENCES public.estacoes(codigo);


--
-- Name: _hyper_1_35_chunk 35_105_medicoes_diarias_codigo_poluente_fkey; Type: FK CONSTRAINT; Schema: _timescaledb_internal; Owner: postgres
--

ALTER TABLE ONLY _timescaledb_internal._hyper_1_35_chunk
    ADD CONSTRAINT "35_105_medicoes_diarias_codigo_poluente_fkey" FOREIGN KEY (codigo_poluente) REFERENCES public.poluentes(codigo);


--
-- Name: _hyper_1_36_chunk 36_107_medicoes_diarias_codigo_estacao_fkey; Type: FK CONSTRAINT; Schema: _timescaledb_internal; Owner: postgres
--

ALTER TABLE ONLY _timescaledb_internal._hyper_1_36_chunk
    ADD CONSTRAINT "36_107_medicoes_diarias_codigo_estacao_fkey" FOREIGN KEY (codigo_estacao) REFERENCES public.estacoes(codigo);


--
-- Name: _hyper_1_36_chunk 36_108_medicoes_diarias_codigo_poluente_fkey; Type: FK CONSTRAINT; Schema: _timescaledb_internal; Owner: postgres
--

ALTER TABLE ONLY _timescaledb_internal._hyper_1_36_chunk
    ADD CONSTRAINT "36_108_medicoes_diarias_codigo_poluente_fkey" FOREIGN KEY (codigo_poluente) REFERENCES public.poluentes(codigo);


--
-- Name: _hyper_1_37_chunk 37_110_medicoes_diarias_codigo_estacao_fkey; Type: FK CONSTRAINT; Schema: _timescaledb_internal; Owner: postgres
--

ALTER TABLE ONLY _timescaledb_internal._hyper_1_37_chunk
    ADD CONSTRAINT "37_110_medicoes_diarias_codigo_estacao_fkey" FOREIGN KEY (codigo_estacao) REFERENCES public.estacoes(codigo);


--
-- Name: _hyper_1_37_chunk 37_111_medicoes_diarias_codigo_poluente_fkey; Type: FK CONSTRAINT; Schema: _timescaledb_internal; Owner: postgres
--

ALTER TABLE ONLY _timescaledb_internal._hyper_1_37_chunk
    ADD CONSTRAINT "37_111_medicoes_diarias_codigo_poluente_fkey" FOREIGN KEY (codigo_poluente) REFERENCES public.poluentes(codigo);


--
-- Name: _hyper_1_38_chunk 38_113_medicoes_diarias_codigo_estacao_fkey; Type: FK CONSTRAINT; Schema: _timescaledb_internal; Owner: postgres
--

ALTER TABLE ONLY _timescaledb_internal._hyper_1_38_chunk
    ADD CONSTRAINT "38_113_medicoes_diarias_codigo_estacao_fkey" FOREIGN KEY (codigo_estacao) REFERENCES public.estacoes(codigo);


--
-- Name: _hyper_1_38_chunk 38_114_medicoes_diarias_codigo_poluente_fkey; Type: FK CONSTRAINT; Schema: _timescaledb_internal; Owner: postgres
--

ALTER TABLE ONLY _timescaledb_internal._hyper_1_38_chunk
    ADD CONSTRAINT "38_114_medicoes_diarias_codigo_poluente_fkey" FOREIGN KEY (codigo_poluente) REFERENCES public.poluentes(codigo);


--
-- Name: _hyper_1_39_chunk 39_116_medicoes_diarias_codigo_estacao_fkey; Type: FK CONSTRAINT; Schema: _timescaledb_internal; Owner: postgres
--

ALTER TABLE ONLY _timescaledb_internal._hyper_1_39_chunk
    ADD CONSTRAINT "39_116_medicoes_diarias_codigo_estacao_fkey" FOREIGN KEY (codigo_estacao) REFERENCES public.estacoes(codigo);


--
-- Name: _hyper_1_39_chunk 39_117_medicoes_diarias_codigo_poluente_fkey; Type: FK CONSTRAINT; Schema: _timescaledb_internal; Owner: postgres
--

ALTER TABLE ONLY _timescaledb_internal._hyper_1_39_chunk
    ADD CONSTRAINT "39_117_medicoes_diarias_codigo_poluente_fkey" FOREIGN KEY (codigo_poluente) REFERENCES public.poluentes(codigo);


--
-- Name: _hyper_1_3_chunk 3_8_medicoes_diarias_codigo_estacao_fkey; Type: FK CONSTRAINT; Schema: _timescaledb_internal; Owner: postgres
--

ALTER TABLE ONLY _timescaledb_internal._hyper_1_3_chunk
    ADD CONSTRAINT "3_8_medicoes_diarias_codigo_estacao_fkey" FOREIGN KEY (codigo_estacao) REFERENCES public.estacoes(codigo);


--
-- Name: _hyper_1_3_chunk 3_9_medicoes_diarias_codigo_poluente_fkey; Type: FK CONSTRAINT; Schema: _timescaledb_internal; Owner: postgres
--

ALTER TABLE ONLY _timescaledb_internal._hyper_1_3_chunk
    ADD CONSTRAINT "3_9_medicoes_diarias_codigo_poluente_fkey" FOREIGN KEY (codigo_poluente) REFERENCES public.poluentes(codigo);


--
-- Name: _hyper_1_40_chunk 40_119_medicoes_diarias_codigo_estacao_fkey; Type: FK CONSTRAINT; Schema: _timescaledb_internal; Owner: postgres
--

ALTER TABLE ONLY _timescaledb_internal._hyper_1_40_chunk
    ADD CONSTRAINT "40_119_medicoes_diarias_codigo_estacao_fkey" FOREIGN KEY (codigo_estacao) REFERENCES public.estacoes(codigo);


--
-- Name: _hyper_1_40_chunk 40_120_medicoes_diarias_codigo_poluente_fkey; Type: FK CONSTRAINT; Schema: _timescaledb_internal; Owner: postgres
--

ALTER TABLE ONLY _timescaledb_internal._hyper_1_40_chunk
    ADD CONSTRAINT "40_120_medicoes_diarias_codigo_poluente_fkey" FOREIGN KEY (codigo_poluente) REFERENCES public.poluentes(codigo);


--
-- Name: _hyper_1_41_chunk 41_122_medicoes_diarias_codigo_estacao_fkey; Type: FK CONSTRAINT; Schema: _timescaledb_internal; Owner: postgres
--

ALTER TABLE ONLY _timescaledb_internal._hyper_1_41_chunk
    ADD CONSTRAINT "41_122_medicoes_diarias_codigo_estacao_fkey" FOREIGN KEY (codigo_estacao) REFERENCES public.estacoes(codigo);


--
-- Name: _hyper_1_41_chunk 41_123_medicoes_diarias_codigo_poluente_fkey; Type: FK CONSTRAINT; Schema: _timescaledb_internal; Owner: postgres
--

ALTER TABLE ONLY _timescaledb_internal._hyper_1_41_chunk
    ADD CONSTRAINT "41_123_medicoes_diarias_codigo_poluente_fkey" FOREIGN KEY (codigo_poluente) REFERENCES public.poluentes(codigo);


--
-- Name: _hyper_1_42_chunk 42_125_medicoes_diarias_codigo_estacao_fkey; Type: FK CONSTRAINT; Schema: _timescaledb_internal; Owner: postgres
--

ALTER TABLE ONLY _timescaledb_internal._hyper_1_42_chunk
    ADD CONSTRAINT "42_125_medicoes_diarias_codigo_estacao_fkey" FOREIGN KEY (codigo_estacao) REFERENCES public.estacoes(codigo);


--
-- Name: _hyper_1_42_chunk 42_126_medicoes_diarias_codigo_poluente_fkey; Type: FK CONSTRAINT; Schema: _timescaledb_internal; Owner: postgres
--

ALTER TABLE ONLY _timescaledb_internal._hyper_1_42_chunk
    ADD CONSTRAINT "42_126_medicoes_diarias_codigo_poluente_fkey" FOREIGN KEY (codigo_poluente) REFERENCES public.poluentes(codigo);


--
-- Name: _hyper_1_43_chunk 43_128_medicoes_diarias_codigo_estacao_fkey; Type: FK CONSTRAINT; Schema: _timescaledb_internal; Owner: postgres
--

ALTER TABLE ONLY _timescaledb_internal._hyper_1_43_chunk
    ADD CONSTRAINT "43_128_medicoes_diarias_codigo_estacao_fkey" FOREIGN KEY (codigo_estacao) REFERENCES public.estacoes(codigo);


--
-- Name: _hyper_1_43_chunk 43_129_medicoes_diarias_codigo_poluente_fkey; Type: FK CONSTRAINT; Schema: _timescaledb_internal; Owner: postgres
--

ALTER TABLE ONLY _timescaledb_internal._hyper_1_43_chunk
    ADD CONSTRAINT "43_129_medicoes_diarias_codigo_poluente_fkey" FOREIGN KEY (codigo_poluente) REFERENCES public.poluentes(codigo);


--
-- Name: _hyper_1_44_chunk 44_131_medicoes_diarias_codigo_estacao_fkey; Type: FK CONSTRAINT; Schema: _timescaledb_internal; Owner: postgres
--

ALTER TABLE ONLY _timescaledb_internal._hyper_1_44_chunk
    ADD CONSTRAINT "44_131_medicoes_diarias_codigo_estacao_fkey" FOREIGN KEY (codigo_estacao) REFERENCES public.estacoes(codigo);


--
-- Name: _hyper_1_44_chunk 44_132_medicoes_diarias_codigo_poluente_fkey; Type: FK CONSTRAINT; Schema: _timescaledb_internal; Owner: postgres
--

ALTER TABLE ONLY _timescaledb_internal._hyper_1_44_chunk
    ADD CONSTRAINT "44_132_medicoes_diarias_codigo_poluente_fkey" FOREIGN KEY (codigo_poluente) REFERENCES public.poluentes(codigo);


--
-- Name: _hyper_1_45_chunk 45_134_medicoes_diarias_codigo_estacao_fkey; Type: FK CONSTRAINT; Schema: _timescaledb_internal; Owner: postgres
--

ALTER TABLE ONLY _timescaledb_internal._hyper_1_45_chunk
    ADD CONSTRAINT "45_134_medicoes_diarias_codigo_estacao_fkey" FOREIGN KEY (codigo_estacao) REFERENCES public.estacoes(codigo);


--
-- Name: _hyper_1_45_chunk 45_135_medicoes_diarias_codigo_poluente_fkey; Type: FK CONSTRAINT; Schema: _timescaledb_internal; Owner: postgres
--

ALTER TABLE ONLY _timescaledb_internal._hyper_1_45_chunk
    ADD CONSTRAINT "45_135_medicoes_diarias_codigo_poluente_fkey" FOREIGN KEY (codigo_poluente) REFERENCES public.poluentes(codigo);


--
-- Name: _hyper_1_46_chunk 46_137_medicoes_diarias_codigo_estacao_fkey; Type: FK CONSTRAINT; Schema: _timescaledb_internal; Owner: postgres
--

ALTER TABLE ONLY _timescaledb_internal._hyper_1_46_chunk
    ADD CONSTRAINT "46_137_medicoes_diarias_codigo_estacao_fkey" FOREIGN KEY (codigo_estacao) REFERENCES public.estacoes(codigo);


--
-- Name: _hyper_1_46_chunk 46_138_medicoes_diarias_codigo_poluente_fkey; Type: FK CONSTRAINT; Schema: _timescaledb_internal; Owner: postgres
--

ALTER TABLE ONLY _timescaledb_internal._hyper_1_46_chunk
    ADD CONSTRAINT "46_138_medicoes_diarias_codigo_poluente_fkey" FOREIGN KEY (codigo_poluente) REFERENCES public.poluentes(codigo);


--
-- Name: _hyper_1_47_chunk 47_140_medicoes_diarias_codigo_estacao_fkey; Type: FK CONSTRAINT; Schema: _timescaledb_internal; Owner: postgres
--

ALTER TABLE ONLY _timescaledb_internal._hyper_1_47_chunk
    ADD CONSTRAINT "47_140_medicoes_diarias_codigo_estacao_fkey" FOREIGN KEY (codigo_estacao) REFERENCES public.estacoes(codigo);


--
-- Name: _hyper_1_47_chunk 47_141_medicoes_diarias_codigo_poluente_fkey; Type: FK CONSTRAINT; Schema: _timescaledb_internal; Owner: postgres
--

ALTER TABLE ONLY _timescaledb_internal._hyper_1_47_chunk
    ADD CONSTRAINT "47_141_medicoes_diarias_codigo_poluente_fkey" FOREIGN KEY (codigo_poluente) REFERENCES public.poluentes(codigo);


--
-- Name: _hyper_1_48_chunk 48_143_medicoes_diarias_codigo_estacao_fkey; Type: FK CONSTRAINT; Schema: _timescaledb_internal; Owner: postgres
--

ALTER TABLE ONLY _timescaledb_internal._hyper_1_48_chunk
    ADD CONSTRAINT "48_143_medicoes_diarias_codigo_estacao_fkey" FOREIGN KEY (codigo_estacao) REFERENCES public.estacoes(codigo);


--
-- Name: _hyper_1_48_chunk 48_144_medicoes_diarias_codigo_poluente_fkey; Type: FK CONSTRAINT; Schema: _timescaledb_internal; Owner: postgres
--

ALTER TABLE ONLY _timescaledb_internal._hyper_1_48_chunk
    ADD CONSTRAINT "48_144_medicoes_diarias_codigo_poluente_fkey" FOREIGN KEY (codigo_poluente) REFERENCES public.poluentes(codigo);


--
-- Name: _hyper_1_49_chunk 49_146_medicoes_diarias_codigo_estacao_fkey; Type: FK CONSTRAINT; Schema: _timescaledb_internal; Owner: postgres
--

ALTER TABLE ONLY _timescaledb_internal._hyper_1_49_chunk
    ADD CONSTRAINT "49_146_medicoes_diarias_codigo_estacao_fkey" FOREIGN KEY (codigo_estacao) REFERENCES public.estacoes(codigo);


--
-- Name: _hyper_1_49_chunk 49_147_medicoes_diarias_codigo_poluente_fkey; Type: FK CONSTRAINT; Schema: _timescaledb_internal; Owner: postgres
--

ALTER TABLE ONLY _timescaledb_internal._hyper_1_49_chunk
    ADD CONSTRAINT "49_147_medicoes_diarias_codigo_poluente_fkey" FOREIGN KEY (codigo_poluente) REFERENCES public.poluentes(codigo);


--
-- Name: _hyper_1_4_chunk 4_11_medicoes_diarias_codigo_estacao_fkey; Type: FK CONSTRAINT; Schema: _timescaledb_internal; Owner: postgres
--

ALTER TABLE ONLY _timescaledb_internal._hyper_1_4_chunk
    ADD CONSTRAINT "4_11_medicoes_diarias_codigo_estacao_fkey" FOREIGN KEY (codigo_estacao) REFERENCES public.estacoes(codigo);


--
-- Name: _hyper_1_4_chunk 4_12_medicoes_diarias_codigo_poluente_fkey; Type: FK CONSTRAINT; Schema: _timescaledb_internal; Owner: postgres
--

ALTER TABLE ONLY _timescaledb_internal._hyper_1_4_chunk
    ADD CONSTRAINT "4_12_medicoes_diarias_codigo_poluente_fkey" FOREIGN KEY (codigo_poluente) REFERENCES public.poluentes(codigo);


--
-- Name: _hyper_1_50_chunk 50_149_medicoes_diarias_codigo_estacao_fkey; Type: FK CONSTRAINT; Schema: _timescaledb_internal; Owner: postgres
--

ALTER TABLE ONLY _timescaledb_internal._hyper_1_50_chunk
    ADD CONSTRAINT "50_149_medicoes_diarias_codigo_estacao_fkey" FOREIGN KEY (codigo_estacao) REFERENCES public.estacoes(codigo);


--
-- Name: _hyper_1_50_chunk 50_150_medicoes_diarias_codigo_poluente_fkey; Type: FK CONSTRAINT; Schema: _timescaledb_internal; Owner: postgres
--

ALTER TABLE ONLY _timescaledb_internal._hyper_1_50_chunk
    ADD CONSTRAINT "50_150_medicoes_diarias_codigo_poluente_fkey" FOREIGN KEY (codigo_poluente) REFERENCES public.poluentes(codigo);


--
-- Name: _hyper_1_51_chunk 51_152_medicoes_diarias_codigo_estacao_fkey; Type: FK CONSTRAINT; Schema: _timescaledb_internal; Owner: postgres
--

ALTER TABLE ONLY _timescaledb_internal._hyper_1_51_chunk
    ADD CONSTRAINT "51_152_medicoes_diarias_codigo_estacao_fkey" FOREIGN KEY (codigo_estacao) REFERENCES public.estacoes(codigo);


--
-- Name: _hyper_1_51_chunk 51_153_medicoes_diarias_codigo_poluente_fkey; Type: FK CONSTRAINT; Schema: _timescaledb_internal; Owner: postgres
--

ALTER TABLE ONLY _timescaledb_internal._hyper_1_51_chunk
    ADD CONSTRAINT "51_153_medicoes_diarias_codigo_poluente_fkey" FOREIGN KEY (codigo_poluente) REFERENCES public.poluentes(codigo);


--
-- Name: _hyper_1_52_chunk 52_155_medicoes_diarias_codigo_estacao_fkey; Type: FK CONSTRAINT; Schema: _timescaledb_internal; Owner: postgres
--

ALTER TABLE ONLY _timescaledb_internal._hyper_1_52_chunk
    ADD CONSTRAINT "52_155_medicoes_diarias_codigo_estacao_fkey" FOREIGN KEY (codigo_estacao) REFERENCES public.estacoes(codigo);


--
-- Name: _hyper_1_52_chunk 52_156_medicoes_diarias_codigo_poluente_fkey; Type: FK CONSTRAINT; Schema: _timescaledb_internal; Owner: postgres
--

ALTER TABLE ONLY _timescaledb_internal._hyper_1_52_chunk
    ADD CONSTRAINT "52_156_medicoes_diarias_codigo_poluente_fkey" FOREIGN KEY (codigo_poluente) REFERENCES public.poluentes(codigo);


--
-- Name: _hyper_1_53_chunk 53_158_medicoes_diarias_codigo_estacao_fkey; Type: FK CONSTRAINT; Schema: _timescaledb_internal; Owner: postgres
--

ALTER TABLE ONLY _timescaledb_internal._hyper_1_53_chunk
    ADD CONSTRAINT "53_158_medicoes_diarias_codigo_estacao_fkey" FOREIGN KEY (codigo_estacao) REFERENCES public.estacoes(codigo);


--
-- Name: _hyper_1_53_chunk 53_159_medicoes_diarias_codigo_poluente_fkey; Type: FK CONSTRAINT; Schema: _timescaledb_internal; Owner: postgres
--

ALTER TABLE ONLY _timescaledb_internal._hyper_1_53_chunk
    ADD CONSTRAINT "53_159_medicoes_diarias_codigo_poluente_fkey" FOREIGN KEY (codigo_poluente) REFERENCES public.poluentes(codigo);


--
-- Name: _hyper_1_54_chunk 54_161_medicoes_diarias_codigo_estacao_fkey; Type: FK CONSTRAINT; Schema: _timescaledb_internal; Owner: postgres
--

ALTER TABLE ONLY _timescaledb_internal._hyper_1_54_chunk
    ADD CONSTRAINT "54_161_medicoes_diarias_codigo_estacao_fkey" FOREIGN KEY (codigo_estacao) REFERENCES public.estacoes(codigo);


--
-- Name: _hyper_1_54_chunk 54_162_medicoes_diarias_codigo_poluente_fkey; Type: FK CONSTRAINT; Schema: _timescaledb_internal; Owner: postgres
--

ALTER TABLE ONLY _timescaledb_internal._hyper_1_54_chunk
    ADD CONSTRAINT "54_162_medicoes_diarias_codigo_poluente_fkey" FOREIGN KEY (codigo_poluente) REFERENCES public.poluentes(codigo);


--
-- Name: _hyper_1_55_chunk 55_164_medicoes_diarias_codigo_estacao_fkey; Type: FK CONSTRAINT; Schema: _timescaledb_internal; Owner: postgres
--

ALTER TABLE ONLY _timescaledb_internal._hyper_1_55_chunk
    ADD CONSTRAINT "55_164_medicoes_diarias_codigo_estacao_fkey" FOREIGN KEY (codigo_estacao) REFERENCES public.estacoes(codigo);


--
-- Name: _hyper_1_55_chunk 55_165_medicoes_diarias_codigo_poluente_fkey; Type: FK CONSTRAINT; Schema: _timescaledb_internal; Owner: postgres
--

ALTER TABLE ONLY _timescaledb_internal._hyper_1_55_chunk
    ADD CONSTRAINT "55_165_medicoes_diarias_codigo_poluente_fkey" FOREIGN KEY (codigo_poluente) REFERENCES public.poluentes(codigo);


--
-- Name: _hyper_1_56_chunk 56_167_medicoes_diarias_codigo_estacao_fkey; Type: FK CONSTRAINT; Schema: _timescaledb_internal; Owner: postgres
--

ALTER TABLE ONLY _timescaledb_internal._hyper_1_56_chunk
    ADD CONSTRAINT "56_167_medicoes_diarias_codigo_estacao_fkey" FOREIGN KEY (codigo_estacao) REFERENCES public.estacoes(codigo);


--
-- Name: _hyper_1_56_chunk 56_168_medicoes_diarias_codigo_poluente_fkey; Type: FK CONSTRAINT; Schema: _timescaledb_internal; Owner: postgres
--

ALTER TABLE ONLY _timescaledb_internal._hyper_1_56_chunk
    ADD CONSTRAINT "56_168_medicoes_diarias_codigo_poluente_fkey" FOREIGN KEY (codigo_poluente) REFERENCES public.poluentes(codigo);


--
-- Name: _hyper_1_57_chunk 57_170_medicoes_diarias_codigo_estacao_fkey; Type: FK CONSTRAINT; Schema: _timescaledb_internal; Owner: postgres
--

ALTER TABLE ONLY _timescaledb_internal._hyper_1_57_chunk
    ADD CONSTRAINT "57_170_medicoes_diarias_codigo_estacao_fkey" FOREIGN KEY (codigo_estacao) REFERENCES public.estacoes(codigo);


--
-- Name: _hyper_1_57_chunk 57_171_medicoes_diarias_codigo_poluente_fkey; Type: FK CONSTRAINT; Schema: _timescaledb_internal; Owner: postgres
--

ALTER TABLE ONLY _timescaledb_internal._hyper_1_57_chunk
    ADD CONSTRAINT "57_171_medicoes_diarias_codigo_poluente_fkey" FOREIGN KEY (codigo_poluente) REFERENCES public.poluentes(codigo);


--
-- Name: _hyper_1_58_chunk 58_173_medicoes_diarias_codigo_estacao_fkey; Type: FK CONSTRAINT; Schema: _timescaledb_internal; Owner: postgres
--

ALTER TABLE ONLY _timescaledb_internal._hyper_1_58_chunk
    ADD CONSTRAINT "58_173_medicoes_diarias_codigo_estacao_fkey" FOREIGN KEY (codigo_estacao) REFERENCES public.estacoes(codigo);


--
-- Name: _hyper_1_58_chunk 58_174_medicoes_diarias_codigo_poluente_fkey; Type: FK CONSTRAINT; Schema: _timescaledb_internal; Owner: postgres
--

ALTER TABLE ONLY _timescaledb_internal._hyper_1_58_chunk
    ADD CONSTRAINT "58_174_medicoes_diarias_codigo_poluente_fkey" FOREIGN KEY (codigo_poluente) REFERENCES public.poluentes(codigo);


--
-- Name: _hyper_1_59_chunk 59_176_medicoes_diarias_codigo_estacao_fkey; Type: FK CONSTRAINT; Schema: _timescaledb_internal; Owner: postgres
--

ALTER TABLE ONLY _timescaledb_internal._hyper_1_59_chunk
    ADD CONSTRAINT "59_176_medicoes_diarias_codigo_estacao_fkey" FOREIGN KEY (codigo_estacao) REFERENCES public.estacoes(codigo);


--
-- Name: _hyper_1_59_chunk 59_177_medicoes_diarias_codigo_poluente_fkey; Type: FK CONSTRAINT; Schema: _timescaledb_internal; Owner: postgres
--

ALTER TABLE ONLY _timescaledb_internal._hyper_1_59_chunk
    ADD CONSTRAINT "59_177_medicoes_diarias_codigo_poluente_fkey" FOREIGN KEY (codigo_poluente) REFERENCES public.poluentes(codigo);


--
-- Name: _hyper_1_5_chunk 5_14_medicoes_diarias_codigo_estacao_fkey; Type: FK CONSTRAINT; Schema: _timescaledb_internal; Owner: postgres
--

ALTER TABLE ONLY _timescaledb_internal._hyper_1_5_chunk
    ADD CONSTRAINT "5_14_medicoes_diarias_codigo_estacao_fkey" FOREIGN KEY (codigo_estacao) REFERENCES public.estacoes(codigo);


--
-- Name: _hyper_1_5_chunk 5_15_medicoes_diarias_codigo_poluente_fkey; Type: FK CONSTRAINT; Schema: _timescaledb_internal; Owner: postgres
--

ALTER TABLE ONLY _timescaledb_internal._hyper_1_5_chunk
    ADD CONSTRAINT "5_15_medicoes_diarias_codigo_poluente_fkey" FOREIGN KEY (codigo_poluente) REFERENCES public.poluentes(codigo);


--
-- Name: _hyper_1_60_chunk 60_179_medicoes_diarias_codigo_estacao_fkey; Type: FK CONSTRAINT; Schema: _timescaledb_internal; Owner: postgres
--

ALTER TABLE ONLY _timescaledb_internal._hyper_1_60_chunk
    ADD CONSTRAINT "60_179_medicoes_diarias_codigo_estacao_fkey" FOREIGN KEY (codigo_estacao) REFERENCES public.estacoes(codigo);


--
-- Name: _hyper_1_60_chunk 60_180_medicoes_diarias_codigo_poluente_fkey; Type: FK CONSTRAINT; Schema: _timescaledb_internal; Owner: postgres
--

ALTER TABLE ONLY _timescaledb_internal._hyper_1_60_chunk
    ADD CONSTRAINT "60_180_medicoes_diarias_codigo_poluente_fkey" FOREIGN KEY (codigo_poluente) REFERENCES public.poluentes(codigo);


--
-- Name: _hyper_1_61_chunk 61_182_medicoes_diarias_codigo_estacao_fkey; Type: FK CONSTRAINT; Schema: _timescaledb_internal; Owner: postgres
--

ALTER TABLE ONLY _timescaledb_internal._hyper_1_61_chunk
    ADD CONSTRAINT "61_182_medicoes_diarias_codigo_estacao_fkey" FOREIGN KEY (codigo_estacao) REFERENCES public.estacoes(codigo);


--
-- Name: _hyper_1_61_chunk 61_183_medicoes_diarias_codigo_poluente_fkey; Type: FK CONSTRAINT; Schema: _timescaledb_internal; Owner: postgres
--

ALTER TABLE ONLY _timescaledb_internal._hyper_1_61_chunk
    ADD CONSTRAINT "61_183_medicoes_diarias_codigo_poluente_fkey" FOREIGN KEY (codigo_poluente) REFERENCES public.poluentes(codigo);


--
-- Name: _hyper_1_62_chunk 62_185_medicoes_diarias_codigo_estacao_fkey; Type: FK CONSTRAINT; Schema: _timescaledb_internal; Owner: postgres
--

ALTER TABLE ONLY _timescaledb_internal._hyper_1_62_chunk
    ADD CONSTRAINT "62_185_medicoes_diarias_codigo_estacao_fkey" FOREIGN KEY (codigo_estacao) REFERENCES public.estacoes(codigo);


--
-- Name: _hyper_1_62_chunk 62_186_medicoes_diarias_codigo_poluente_fkey; Type: FK CONSTRAINT; Schema: _timescaledb_internal; Owner: postgres
--

ALTER TABLE ONLY _timescaledb_internal._hyper_1_62_chunk
    ADD CONSTRAINT "62_186_medicoes_diarias_codigo_poluente_fkey" FOREIGN KEY (codigo_poluente) REFERENCES public.poluentes(codigo);


--
-- Name: _hyper_1_63_chunk 63_188_medicoes_diarias_codigo_estacao_fkey; Type: FK CONSTRAINT; Schema: _timescaledb_internal; Owner: postgres
--

ALTER TABLE ONLY _timescaledb_internal._hyper_1_63_chunk
    ADD CONSTRAINT "63_188_medicoes_diarias_codigo_estacao_fkey" FOREIGN KEY (codigo_estacao) REFERENCES public.estacoes(codigo);


--
-- Name: _hyper_1_63_chunk 63_189_medicoes_diarias_codigo_poluente_fkey; Type: FK CONSTRAINT; Schema: _timescaledb_internal; Owner: postgres
--

ALTER TABLE ONLY _timescaledb_internal._hyper_1_63_chunk
    ADD CONSTRAINT "63_189_medicoes_diarias_codigo_poluente_fkey" FOREIGN KEY (codigo_poluente) REFERENCES public.poluentes(codigo);


--
-- Name: _hyper_1_64_chunk 64_191_medicoes_diarias_codigo_estacao_fkey; Type: FK CONSTRAINT; Schema: _timescaledb_internal; Owner: postgres
--

ALTER TABLE ONLY _timescaledb_internal._hyper_1_64_chunk
    ADD CONSTRAINT "64_191_medicoes_diarias_codigo_estacao_fkey" FOREIGN KEY (codigo_estacao) REFERENCES public.estacoes(codigo);


--
-- Name: _hyper_1_64_chunk 64_192_medicoes_diarias_codigo_poluente_fkey; Type: FK CONSTRAINT; Schema: _timescaledb_internal; Owner: postgres
--

ALTER TABLE ONLY _timescaledb_internal._hyper_1_64_chunk
    ADD CONSTRAINT "64_192_medicoes_diarias_codigo_poluente_fkey" FOREIGN KEY (codigo_poluente) REFERENCES public.poluentes(codigo);


--
-- Name: _hyper_1_65_chunk 65_194_medicoes_diarias_codigo_estacao_fkey; Type: FK CONSTRAINT; Schema: _timescaledb_internal; Owner: postgres
--

ALTER TABLE ONLY _timescaledb_internal._hyper_1_65_chunk
    ADD CONSTRAINT "65_194_medicoes_diarias_codigo_estacao_fkey" FOREIGN KEY (codigo_estacao) REFERENCES public.estacoes(codigo);


--
-- Name: _hyper_1_65_chunk 65_195_medicoes_diarias_codigo_poluente_fkey; Type: FK CONSTRAINT; Schema: _timescaledb_internal; Owner: postgres
--

ALTER TABLE ONLY _timescaledb_internal._hyper_1_65_chunk
    ADD CONSTRAINT "65_195_medicoes_diarias_codigo_poluente_fkey" FOREIGN KEY (codigo_poluente) REFERENCES public.poluentes(codigo);


--
-- Name: _hyper_1_6_chunk 6_17_medicoes_diarias_codigo_estacao_fkey; Type: FK CONSTRAINT; Schema: _timescaledb_internal; Owner: postgres
--

ALTER TABLE ONLY _timescaledb_internal._hyper_1_6_chunk
    ADD CONSTRAINT "6_17_medicoes_diarias_codigo_estacao_fkey" FOREIGN KEY (codigo_estacao) REFERENCES public.estacoes(codigo);


--
-- Name: _hyper_1_6_chunk 6_18_medicoes_diarias_codigo_poluente_fkey; Type: FK CONSTRAINT; Schema: _timescaledb_internal; Owner: postgres
--

ALTER TABLE ONLY _timescaledb_internal._hyper_1_6_chunk
    ADD CONSTRAINT "6_18_medicoes_diarias_codigo_poluente_fkey" FOREIGN KEY (codigo_poluente) REFERENCES public.poluentes(codigo);


--
-- Name: _hyper_1_7_chunk 7_20_medicoes_diarias_codigo_estacao_fkey; Type: FK CONSTRAINT; Schema: _timescaledb_internal; Owner: postgres
--

ALTER TABLE ONLY _timescaledb_internal._hyper_1_7_chunk
    ADD CONSTRAINT "7_20_medicoes_diarias_codigo_estacao_fkey" FOREIGN KEY (codigo_estacao) REFERENCES public.estacoes(codigo);


--
-- Name: _hyper_1_7_chunk 7_21_medicoes_diarias_codigo_poluente_fkey; Type: FK CONSTRAINT; Schema: _timescaledb_internal; Owner: postgres
--

ALTER TABLE ONLY _timescaledb_internal._hyper_1_7_chunk
    ADD CONSTRAINT "7_21_medicoes_diarias_codigo_poluente_fkey" FOREIGN KEY (codigo_poluente) REFERENCES public.poluentes(codigo);


--
-- Name: _hyper_1_8_chunk 8_23_medicoes_diarias_codigo_estacao_fkey; Type: FK CONSTRAINT; Schema: _timescaledb_internal; Owner: postgres
--

ALTER TABLE ONLY _timescaledb_internal._hyper_1_8_chunk
    ADD CONSTRAINT "8_23_medicoes_diarias_codigo_estacao_fkey" FOREIGN KEY (codigo_estacao) REFERENCES public.estacoes(codigo);


--
-- Name: _hyper_1_8_chunk 8_24_medicoes_diarias_codigo_poluente_fkey; Type: FK CONSTRAINT; Schema: _timescaledb_internal; Owner: postgres
--

ALTER TABLE ONLY _timescaledb_internal._hyper_1_8_chunk
    ADD CONSTRAINT "8_24_medicoes_diarias_codigo_poluente_fkey" FOREIGN KEY (codigo_poluente) REFERENCES public.poluentes(codigo);


--
-- Name: _hyper_1_9_chunk 9_26_medicoes_diarias_codigo_estacao_fkey; Type: FK CONSTRAINT; Schema: _timescaledb_internal; Owner: postgres
--

ALTER TABLE ONLY _timescaledb_internal._hyper_1_9_chunk
    ADD CONSTRAINT "9_26_medicoes_diarias_codigo_estacao_fkey" FOREIGN KEY (codigo_estacao) REFERENCES public.estacoes(codigo);


--
-- Name: _hyper_1_9_chunk 9_27_medicoes_diarias_codigo_poluente_fkey; Type: FK CONSTRAINT; Schema: _timescaledb_internal; Owner: postgres
--

ALTER TABLE ONLY _timescaledb_internal._hyper_1_9_chunk
    ADD CONSTRAINT "9_27_medicoes_diarias_codigo_poluente_fkey" FOREIGN KEY (codigo_poluente) REFERENCES public.poluentes(codigo);


--
-- Name: medicoes_diarias medicoes_diarias_codigo_estacao_fkey; Type: FK CONSTRAINT; Schema: public; Owner: postgres
--

ALTER TABLE ONLY public.medicoes_diarias
    ADD CONSTRAINT medicoes_diarias_codigo_estacao_fkey FOREIGN KEY (codigo_estacao) REFERENCES public.estacoes(codigo);


--
-- Name: medicoes_diarias medicoes_diarias_codigo_poluente_fkey; Type: FK CONSTRAINT; Schema: public; Owner: postgres
--

ALTER TABLE ONLY public.medicoes_diarias
    ADD CONSTRAINT medicoes_diarias_codigo_poluente_fkey FOREIGN KEY (codigo_poluente) REFERENCES public.poluentes(codigo);


--
-- PostgreSQL database dump complete
--

